{
	"credit": "Made with Blockbench",
	"texture_size": [128, 128],
	"textures": {
		"0": "gates",
		"particle": "gates"
	},
	"elements": [
		{
			"name": "hexadecagon",
			"from": [-0.19891, -0.5, -1],
			"to": [0.19891, 23, 1],
			"rotation": {"angle": -45, "axis": "y", "origin": [0, 0, 0]},
			"faces": {
				"north": {"uv": [3.75, 6.75, 3.875, 9.75], "texture": "#0"},
				"east": {"uv": [0, 0, 0.25, 3], "texture": "#0"},
				"south": {"uv": [3.875, 6.75, 4, 9.75], "texture": "#0"},
				"west": {"uv": [0.25, 0.25, 0.5, 3.25], "texture": "#0"},
				"up": {"uv": [0.375, 0.25, 0.25, 0], "texture": "#0"},
				"down": {"uv": [0.5, 0, 0.375, 0.25], "texture": "#0"}
			}
		},
		{
			"name": "hexadecagon",
			"from": [-0.19891, -0.5, -1],
			"to": [0.19891, 23, 1],
			"rotation": {"angle": -22.5, "axis": "y", "origin": [0, 0, 0]},
			"faces": {
				"north": {"uv": [6.75, 0.25, 6.875, 3.25], "texture": "#0"},
				"east": {"uv": [0.5, 0.5, 0.75, 3.5], "texture": "#0"},
				"south": {"uv": [6.875, 0.25, 7, 3.25], "texture": "#0"},
				"west": {"uv": [0.75, 0.75, 1, 3.75], "texture": "#0"},
				"up": {"uv": [0.625, 0.25, 0.5, 0], "texture": "#0"},
				"down": {"uv": [0.625, 0.25, 0.5, 0.5], "texture": "#0"}
			}
		},
		{
			"name": "hexadecagon",
			"from": [-0.19891, -0.5, -1],
			"to": [0.19891, 23, 1],
			"faces": {
				"north": {"uv": [1, 7, 1.125, 10], "texture": "#0"},
				"east": {"uv": [1, 1, 1.25, 4], "texture": "#0"},
				"south": {"uv": [1.125, 7, 1.25, 10], "texture": "#0"},
				"west": {"uv": [1.25, 1.25, 1.5, 4.25], "texture": "#0"},
				"up": {"uv": [0.75, 0.25, 0.625, 0], "texture": "#0"},
				"down": {"uv": [0.75, 0.25, 0.625, 0.5], "texture": "#0"}
			}
		},
		{
			"name": "hexadecagon",
			"from": [-0.19891, -0.5, -1],
			"to": [0.19891, 23, 1],
			"rotation": {"angle": 22.5, "axis": "y", "origin": [0, 0, 0]},
			"faces": {
				"north": {"uv": [4, 7, 4.125, 10], "texture": "#0"},
				"east": {"uv": [1.5, 1.5, 1.75, 4.5], "texture": "#0"},
				"south": {"uv": [4.125, 7, 4.25, 10], "texture": "#0"},
				"west": {"uv": [1.75, 1.75, 2, 4.75], "texture": "#0"},
				"up": {"uv": [0.875, 0.25, 0.75, 0], "texture": "#0"},
				"down": {"uv": [0.875, 0.25, 0.75, 0.5], "texture": "#0"}
			}
		},
		{
			"name": "hexadecagon",
			"from": [-0.19891, -0.5, -1],
			"to": [0.19891, 23, 1],
			"rotation": {"angle": 45, "axis": "y", "origin": [0, 0, 0]},
			"faces": {
				"north": {"uv": [6.75, 7, 6.875, 10], "texture": "#0"},
				"east": {"uv": [2, 2, 2.25, 5], "texture": "#0"},
				"south": {"uv": [6.875, 7, 7, 10], "texture": "#0"},
				"west": {"uv": [2.25, 2.25, 2.5, 5.25], "texture": "#0"},
				"up": {"uv": [0.875, 0.75, 0.75, 0.5], "texture": "#0"},
				"down": {"uv": [1, 0, 0.875, 0.25], "texture": "#0"}
			}
		},
		{
			"name": "hexadecagon",
			"from": [-1, -0.5, -0.19891],
			"to": [1, 23, 0.19891],
			"rotation": {"angle": -22.5, "axis": "y", "origin": [0, 0, 0]},
			"faces": {
				"north": {"uv": [2.5, 2.5, 2.75, 5.5], "texture": "#0"},
				"east": {"uv": [7, 7, 7.125, 10], "texture": "#0"},
				"south": {"uv": [2.75, 2.75, 3, 5.75], "texture": "#0"},
				"west": {"uv": [7, 0.25, 7.125, 3.25], "texture": "#0"},
				"up": {"uv": [1.125, 0.375, 0.875, 0.25], "texture": "#0"},
				"down": {"uv": [1.125, 0.375, 0.875, 0.5], "texture": "#0"}
			}
		},
		{
			"name": "hexadecagon",
			"from": [-1, -0.5, -0.19891],
			"to": [1, 23, 0.19891],
			"faces": {
				"north": {"uv": [0, 3, 0.25, 6], "texture": "#0"},
				"east": {"uv": [7.125, 7.125, 7.25, 10.125], "texture": "#0"},
				"south": {"uv": [3, 3, 3.25, 6], "texture": "#0"},
				"west": {"uv": [7.125, 0.25, 7.25, 3.25], "texture": "#0"},
				"up": {"uv": [1.125, 0.625, 0.875, 0.5], "texture": "#0"},
				"down": {"uv": [1.125, 0.625, 0.875, 0.75], "texture": "#0"}
			}
		},
		{
			"name": "hexadecagon",
			"from": [-1, -0.5, -0.19891],
			"to": [1, 23, 0.19891],
			"rotation": {"angle": 22.5, "axis": "y", "origin": [0, 0, 0]},
			"faces": {
				"north": {"uv": [3, 0, 3.25, 3], "texture": "#0"},
				"east": {"uv": [1.25, 7.25, 1.375, 10.25], "texture": "#0"},
				"south": {"uv": [0.25, 3.25, 0.5, 6.25], "texture": "#0"},
				"west": {"uv": [1.375, 7.25, 1.5, 10.25], "texture": "#0"},
				"up": {"uv": [1.25, 0.125, 1, 0], "texture": "#0"},
				"down": {"uv": [1.25, 0.125, 1, 0.25], "texture": "#0"}
			}
		},
		{
			"name": "hexadecagon",
			"from": [5.00109, -0.5, -1],
			"to": [5.39891, 23, 1],
			"rotation": {"angle": -45, "axis": "y", "origin": [5.2, 0, 0]},
			"faces": {
				"north": {"uv": [4.25, 7.25, 4.375, 10.25], "texture": "#0"},
				"east": {"uv": [3.25, 3.25, 3.5, 6.25], "texture": "#0"},
				"south": {"uv": [4.375, 7.25, 4.5, 10.25], "texture": "#0"},
				"west": {"uv": [3.25, 0, 3.5, 3], "texture": "#0"},
				"up": {"uv": [1.125, 1, 1, 0.75], "texture": "#0"},
				"down": {"uv": [1.25, 0.25, 1.125, 0.5], "texture": "#0"}
			}
		},
		{
			"name": "hexadecagon",
			"from": [5.00109, -0.5, -1],
			"to": [5.39891, 23, 1],
			"rotation": {"angle": -22.5, "axis": "y", "origin": [5.2, 0, 0]},
			"faces": {
				"north": {"uv": [7.25, 7.25, 7.375, 10.25], "texture": "#0"},
				"east": {"uv": [0.5, 3.5, 0.75, 6.5], "texture": "#0"},
				"south": {"uv": [7.25, 0.25, 7.375, 3.25], "texture": "#0"},
				"west": {"uv": [3.5, 3.5, 3.75, 6.5], "texture": "#0"},
				"up": {"uv": [1.25, 0.75, 1.125, 0.5], "texture": "#0"},
				"down": {"uv": [1.25, 0.75, 1.125, 1], "texture": "#0"}
			}
		},
		{
			"name": "hexadecagon",
			"from": [5.00109, -0.5, -1],
			"to": [5.39891, 23, 1],
			"rotation": {"angle": 0, "axis": "y", "origin": [5.2, 0, 0]},
			"faces": {
				"north": {"uv": [7.375, 7.375, 7.5, 10.375], "texture": "#0"},
				"east": {"uv": [3.5, 0, 3.75, 3], "texture": "#0"},
				"south": {"uv": [7.375, 0.25, 7.5, 3.25], "texture": "#0"},
				"west": {"uv": [0.75, 3.75, 1, 6.75], "texture": "#0"},
				"up": {"uv": [1.375, 0.25, 1.25, 0], "texture": "#0"},
				"down": {"uv": [1.375, 0.25, 1.25, 0.5], "texture": "#0"}
			}
		},
		{
			"name": "hexadecagon",
			"from": [5.00109, -0.5, -1],
			"to": [5.39891, 23, 1],
			"rotation": {"angle": 22.5, "axis": "y", "origin": [5.2, 0, 0]},
			"faces": {
				"north": {"uv": [1.5, 7.5, 1.625, 10.5], "texture": "#0"},
				"east": {"uv": [3.75, 3.75, 4, 6.75], "texture": "#0"},
				"south": {"uv": [1.625, 7.5, 1.75, 10.5], "texture": "#0"},
				"west": {"uv": [3.75, 0, 4, 3], "texture": "#0"},
				"up": {"uv": [1.375, 0.75, 1.25, 0.5], "texture": "#0"},
				"down": {"uv": [1.375, 0.75, 1.25, 1], "texture": "#0"}
			}
		},
		{
			"name": "hexadecagon",
			"from": [5.00109, -0.5, -1],
			"to": [5.39891, 23, 1],
			"rotation": {"angle": 45, "axis": "y", "origin": [5.2, 0, 0]},
			"faces": {
				"north": {"uv": [4.5, 7.5, 4.625, 10.5], "texture": "#0"},
				"east": {"uv": [1, 4, 1.25, 7], "texture": "#0"},
				"south": {"uv": [4.625, 7.5, 4.75, 10.5], "texture": "#0"},
				"west": {"uv": [4, 4, 4.25, 7], "texture": "#0"},
				"up": {"uv": [1.375, 1.25, 1.25, 1], "texture": "#0"},
				"down": {"uv": [1.5, 0, 1.375, 0.25], "texture": "#0"}
			}
		},
		{
			"name": "hexadecagon",
			"from": [4.2, -0.5, -0.19891],
			"to": [6.2, 23, 0.19891],
			"rotation": {"angle": -22.5, "axis": "y", "origin": [5.2, 0, 0]},
			"faces": {
				"north": {"uv": [4, 0, 4.25, 3], "texture": "#0"},
				"east": {"uv": [7.5, 7.5, 7.625, 10.5], "texture": "#0"},
				"south": {"uv": [1.25, 4.25, 1.5, 7.25], "texture": "#0"},
				"west": {"uv": [7.5, 0.25, 7.625, 3.25], "texture": "#0"},
				"up": {"uv": [1.625, 0.375, 1.375, 0.25], "texture": "#0"},
				"down": {"uv": [1.625, 0.375, 1.375, 0.5], "texture": "#0"}
			}
		},
		{
			"name": "hexadecagon",
			"from": [4.2, -0.5, -0.19891],
			"to": [6.2, 23, 0.19891],
			"rotation": {"angle": 0, "axis": "y", "origin": [5.2, 0, 0]},
			"faces": {
				"north": {"uv": [4.25, 4.25, 4.5, 7.25], "texture": "#0"},
				"east": {"uv": [7.625, 7.625, 7.75, 10.625], "texture": "#0"},
				"south": {"uv": [4.25, 0, 4.5, 3], "texture": "#0"},
				"west": {"uv": [7.625, 0.25, 7.75, 3.25], "texture": "#0"},
				"up": {"uv": [1.625, 0.625, 1.375, 0.5], "texture": "#0"},
				"down": {"uv": [1.625, 0.625, 1.375, 0.75], "texture": "#0"}
			}
		},
		{
			"name": "hexadecagon",
			"from": [4.2, -0.5, -0.19891],
			"to": [6.2, 23, 0.19891],
			"rotation": {"angle": 22.5, "axis": "y", "origin": [5.2, 0, 0]},
			"faces": {
				"north": {"uv": [1.5, 4.5, 1.75, 7.5], "texture": "#0"},
				"east": {"uv": [1.75, 7.75, 1.875, 10.75], "texture": "#0"},
				"south": {"uv": [4.5, 4.5, 4.75, 7.5], "texture": "#0"},
				"west": {"uv": [1.875, 7.75, 2, 10.75], "texture": "#0"},
				"up": {"uv": [1.625, 0.875, 1.375, 0.75], "texture": "#0"},
				"down": {"uv": [1.625, 0.875, 1.375, 1], "texture": "#0"}
			}
		},
		{
			"from": [-1, -0.5, -1],
			"to": [17.5, 0.4, 1],
			"rotation": {"angle": 0, "axis": "y", "origin": [8, 7.4, 8]},
			"faces": {
				"north": {"uv": [6.75, 6.5, 9.125, 6.625], "texture": "#0"},
				"east": {"uv": [2, 1.25, 2.25, 1.375], "texture": "#0"},
				"south": {"uv": [6.75, 6.625, 9.125, 6.75], "texture": "#0"},
				"west": {"uv": [2, 1.375, 2.25, 1.5], "texture": "#0"},
				"up": {"uv": [8.625, 6.25, 6.25, 6], "texture": "#0"},
				"down": {"uv": [8.875, 6.25, 6.5, 6.5], "texture": "#0"}
			}
		},
		{
			"from": [15.12382, -4.35416, -1],
			"to": [16.12382, -3.45416, 1],
			"rotation": {"angle": 22.5, "axis": "z", "origin": [6.62382, 3.54584, 8]},
			"faces": {
				"north": {"uv": [4.375, 3.5, 4.5, 3.625], "texture": "#0"},
				"east": {"uv": [2, 1.75, 2.25, 1.875], "texture": "#0"},
				"south": {"uv": [4.375, 3.625, 4.5, 3.75], "texture": "#0"},
				"west": {"uv": [2, 1.875, 2.25, 2], "texture": "#0"},
				"up": {"uv": [2.25, 0.25, 2.125, 0], "texture": "#0"},
				"down": {"uv": [2.25, 0.25, 2.125, 0.5], "texture": "#0"}
			}
		},
		{
			"from": [0.37618, -4.35416, -1],
			"to": [1.37618, -3.45416, 1],
			"rotation": {"angle": -22.5, "axis": "z", "origin": [9.87618, 3.54584, 8]},
			"faces": {
				"north": {"uv": [4.625, 3.75, 4.75, 3.875], "texture": "#0"},
				"east": {"uv": [4.25, 4, 4.5, 4.125], "texture": "#0"},
				"south": {"uv": [4.625, 3.875, 4.75, 4], "texture": "#0"},
				"west": {"uv": [4.25, 4.125, 4.5, 4.25], "texture": "#0"},
				"up": {"uv": [4.5, 3.25, 4.375, 3], "texture": "#0"},
				"down": {"uv": [4.5, 3.25, 4.375, 3.5], "texture": "#0"}
			}
		},
		{
			"from": [15.12382, 26.05416, -1],
			"to": [16.12382, 26.95416, 1],
			"rotation": {"angle": -22.5, "axis": "z", "origin": [6.62382, 19.05416, 8]},
			"faces": {
				"north": {"uv": [4.5, 3.75, 4.625, 3.875], "texture": "#0"},
				"east": {"uv": [3.25, 3, 3.5, 3.125], "texture": "#0"},
				"south": {"uv": [4.5, 3.875, 4.625, 4], "texture": "#0"},
				"west": {"uv": [3.25, 3.125, 3.5, 3.25], "texture": "#0"},
				"up": {"uv": [2.5, 1.75, 2.375, 1.5], "texture": "#0"},
				"down": {"uv": [2.5, 1.75, 2.375, 2], "texture": "#0"}
			}
		},
		{
			"from": [0.37618, 26.05416, -1],
			"to": [1.37618, 26.95416, 1],
			"rotation": {"angle": 22.5, "axis": "z", "origin": [9.87618, 19.05416, 8]},
			"faces": {
				"north": {"uv": [4.5, 4.25, 4.625, 4.375], "texture": "#0"},
				"east": {"uv": [3.75, 3, 4, 3.125], "texture": "#0"},
				"south": {"uv": [4.5, 4.375, 4.625, 4.5], "texture": "#0"},
				"west": {"uv": [3.75, 3.125, 4, 3.25], "texture": "#0"},
				"up": {"uv": [3.875, 3.5, 3.75, 3.25], "texture": "#0"},
				"down": {"uv": [3.875, 3.5, 3.75, 3.75], "texture": "#0"}
			}
		},
		{
			"from": [15.32733, -8.44158, -1],
			"to": [16.32733, -7.54158, 1],
			"rotation": {"angle": 45, "axis": "z", "origin": [6.82733, -0.54158, 8]},
			"faces": {
				"north": {"uv": [4.375, 3.75, 4.5, 3.875], "texture": "#0"},
				"east": {"uv": [2.25, 0, 2.5, 0.125], "texture": "#0"},
				"south": {"uv": [4.375, 3.875, 4.5, 4], "texture": "#0"},
				"west": {"uv": [2.25, 0.125, 2.5, 0.25], "texture": "#0"},
				"up": {"uv": [2.375, 0.5, 2.25, 0.25], "texture": "#0"},
				"down": {"uv": [2.375, 0.5, 2.25, 0.75], "texture": "#0"}
			}
		},
		{
			"from": [0.17267, -8.44158, -1],
			"to": [1.17267, -7.54158, 1],
			"rotation": {"angle": -45, "axis": "z", "origin": [9.67267, -0.54158, 8]},
			"faces": {
				"north": {"uv": [4.625, 3.25, 4.75, 3.375], "texture": "#0"},
				"east": {"uv": [4.125, 3, 4.375, 3.125], "texture": "#0"},
				"south": {"uv": [4.625, 3.375, 4.75, 3.5], "texture": "#0"},
				"west": {"uv": [4.125, 3.125, 4.375, 3.25], "texture": "#0"},
				"up": {"uv": [4.25, 3.5, 4.125, 3.25], "texture": "#0"},
				"down": {"uv": [4.25, 3.5, 4.125, 3.75], "texture": "#0"}
			}
		},
		{
			"from": [15.32733, 30.14158, -1],
			"to": [16.32733, 31.04158, 1],
			"rotation": {"angle": -45, "axis": "z", "origin": [6.82733, 23.14158, 8]},
			"faces": {
				"north": {"uv": [4.5, 3.5, 4.625, 3.625], "texture": "#0"},
				"east": {"uv": [2.75, 2.5, 3, 2.625], "texture": "#0"},
				"south": {"uv": [4.5, 3.625, 4.625, 3.75], "texture": "#0"},
				"west": {"uv": [2.75, 2.625, 3, 2.75], "texture": "#0"},
				"up": {"uv": [2.5, 1.25, 2.375, 1], "texture": "#0"},
				"down": {"uv": [2.5, 1.25, 2.375, 1.5], "texture": "#0"}
			}
		},
		{
			"from": [0.17267, 30.14158, -1],
			"to": [1.17267, 31.04158, 1],
			"rotation": {"angle": 45, "axis": "z", "origin": [9.67267, 23.14158, 8]},
			"faces": {
				"north": {"uv": [4.5, 4, 4.625, 4.125], "texture": "#0"},
				"east": {"uv": [3.5, 3, 3.75, 3.125], "texture": "#0"},
				"south": {"uv": [4.5, 4.125, 4.625, 4.25], "texture": "#0"},
				"west": {"uv": [3.5, 3.125, 3.75, 3.25], "texture": "#0"},
				"up": {"uv": [3.625, 3.5, 3.5, 3.25], "texture": "#0"},
				"down": {"uv": [3.75, 3.25, 3.625, 3.5], "texture": "#0"}
			}
		},
		{
			"from": [15.57953, 4.26001, -1],
			"to": [16.47953, 5.26001, 1],
			"rotation": {"angle": -22.5, "axis": "z", "origin": [8.57953, -4.23999, 8]},
			"faces": {
				"north": {"uv": [4.5, 3, 4.625, 3.125], "texture": "#0"},
				"east": {"uv": [2.25, 0.75, 2.5, 0.875], "texture": "#0"},
				"south": {"uv": [4.5, 3.125, 4.625, 3.25], "texture": "#0"},
				"west": {"uv": [2.25, 0.875, 2.5, 1], "texture": "#0"},
				"up": {"uv": [2.375, 1.25, 2.25, 1], "texture": "#0"},
				"down": {"uv": [2.375, 1.25, 2.25, 1.5], "texture": "#0"}
			}
		},
		{
			"from": [0.02047, 4.26001, -1],
			"to": [0.92047, 5.26001, 1],
			"rotation": {"angle": 22.5, "axis": "z", "origin": [7.92047, -4.23999, 8]},
			"faces": {
				"north": {"uv": [4.625, 3.5, 4.75, 3.625], "texture": "#0"},
				"east": {"uv": [4.125, 3.75, 4.375, 3.875], "texture": "#0"},
				"south": {"uv": [4.625, 3.625, 4.75, 3.75], "texture": "#0"},
				"west": {"uv": [4.125, 3.875, 4.375, 4], "texture": "#0"},
				"up": {"uv": [4.375, 3.5, 4.25, 3.25], "texture": "#0"},
				"down": {"uv": [4.375, 3.5, 4.25, 3.75], "texture": "#0"}
			}
		},
		{
			"from": [15.57953, 17.33999, -1],
			"to": [16.47953, 18.33999, 1],
			"rotation": {"angle": 22.5, "axis": "z", "origin": [8.57953, 26.83999, 8]},
			"faces": {
				"north": {"uv": [4.5, 3.25, 4.625, 3.375], "texture": "#0"},
				"east": {"uv": [2.25, 2, 2.5, 2.125], "texture": "#0"},
				"south": {"uv": [4.5, 3.375, 4.625, 3.5], "texture": "#0"},
				"west": {"uv": [2.25, 2.125, 2.5, 2.25], "texture": "#0"},
				"up": {"uv": [2.5, 0.5, 2.375, 0.25], "texture": "#0"},
				"down": {"uv": [2.5, 0.5, 2.375, 0.75], "texture": "#0"}
			}
		},
		{
			"from": [0.02047, 17.33999, -1],
			"to": [0.92047, 18.33999, 1],
			"rotation": {"angle": -22.5, "axis": "z", "origin": [7.92047, 26.83999, 8]},
			"faces": {
				"north": {"uv": [4.625, 3, 4.75, 3.125], "texture": "#0"},
				"east": {"uv": [3.875, 3.25, 4.125, 3.375], "texture": "#0"},
				"south": {"uv": [4.625, 3.125, 4.75, 3.25], "texture": "#0"},
				"west": {"uv": [3.875, 3.375, 4.125, 3.5], "texture": "#0"},
				"up": {"uv": [4, 3.75, 3.875, 3.5], "texture": "#0"},
				"down": {"uv": [4.125, 3, 4, 3.25], "texture": "#0"}
			}
		},
		{
			"from": [18.61367, 1.51367, -1],
			"to": [19.51367, 21.11367, 1],
			"rotation": {"angle": 0, "axis": "z", "origin": [11.61367, -6.98633, 8]},
			"faces": {
				"north": {"uv": [6.75, 3.25, 6.875, 5.75], "texture": "#0"},
				"east": {"uv": [2.5, 0, 2.75, 2.5], "texture": "#0"},
				"south": {"uv": [6.875, 3.25, 7, 5.75], "texture": "#0"},
				"west": {"uv": [2.75, 0, 3, 2.5], "texture": "#0"},
				"up": {"uv": [2.375, 1.75, 2.25, 1.5], "texture": "#0"},
				"down": {"uv": [2.375, 1.75, 2.25, 2], "texture": "#0"}
			}
		},
		{
			"from": [-3.01367, 1.51367, -1],
			"to": [-2.11367, 21.11367, 1],
			"rotation": {"angle": 0, "axis": "z", "origin": [4.88633, -6.98633, 8]},
			"faces": {
				"north": {"uv": [7, 3.25, 7.125, 5.75], "texture": "#0"},
				"east": {"uv": [5.5, 3, 5.75, 5.5], "texture": "#0"},
				"south": {"uv": [7.125, 3.25, 7.25, 5.75], "texture": "#0"},
				"west": {"uv": [5.75, 3, 6, 5.5], "texture": "#0"},
				"up": {"uv": [4.125, 3.75, 4, 3.5], "texture": "#0"},
				"down": {"uv": [4.125, 3.75, 4, 4], "texture": "#0"}
			}
		},
		{
			"from": [-1, 22.2, -1],
			"to": [17.5, 23.1, 1],
			"rotation": {"angle": 0, "axis": "y", "origin": [8, 30.1, 8]},
			"faces": {
				"north": {"uv": [7.125, 7, 9.5, 7.125], "texture": "#0"},
				"east": {"uv": [2, 1.5, 2.25, 1.625], "texture": "#0"},
				"south": {"uv": [7.25, 7.125, 9.625, 7.25], "texture": "#0"},
				"west": {"uv": [2, 1.625, 2.25, 1.75], "texture": "#0"},
				"up": {"uv": [9.125, 7, 6.75, 6.75], "texture": "#0"},
				"down": {"uv": [9.125, 0, 6.75, 0.25], "texture": "#0"}
			}
		},
		{
			"name": "hexadecagon",
			"from": [10.50109, -0.5, -1],
			"to": [10.89891, 23, 1],
			"rotation": {"angle": -45, "axis": "y", "origin": [10.7, 0, 0]},
			"faces": {
				"north": {"uv": [4.75, 7.75, 4.875, 10.75], "texture": "#0"},
				"east": {"uv": [4.5, 0, 4.75, 3], "texture": "#0"},
				"south": {"uv": [4.875, 7.75, 5, 10.75], "texture": "#0"},
				"west": {"uv": [1.75, 4.75, 2, 7.75], "texture": "#0"},
				"up": {"uv": [1.5, 1.25, 1.375, 1], "texture": "#0"},
				"down": {"uv": [1.625, 0, 1.5, 0.25], "texture": "#0"}
			}
		},
		{
			"name": "hexadecagon",
			"from": [10.50109, -0.5, -1],
			"to": [10.89891, 23, 1],
			"rotation": {"angle": -22.5, "axis": "y", "origin": [10.7, 0, 0]},
			"faces": {
				"north": {"uv": [7.75, 7.75, 7.875, 10.75], "texture": "#0"},
				"east": {"uv": [4.75, 4.75, 5, 7.75], "texture": "#0"},
				"south": {"uv": [7.75, 0.25, 7.875, 3.25], "texture": "#0"},
				"west": {"uv": [4.75, 0, 5, 3], "texture": "#0"},
				"up": {"uv": [1.625, 1.25, 1.5, 1], "texture": "#0"},
				"down": {"uv": [1.625, 1.25, 1.5, 1.5], "texture": "#0"}
			}
		},
		{
			"name": "hexadecagon",
			"from": [10.50109, -0.5, -1],
			"to": [10.89891, 23, 1],
			"rotation": {"angle": 0, "axis": "y", "origin": [10.7, 0, 0]},
			"faces": {
				"north": {"uv": [7.875, 7.875, 8, 10.875], "texture": "#0"},
				"east": {"uv": [2, 5, 2.25, 8], "texture": "#0"},
				"south": {"uv": [7.875, 0.25, 8, 3.25], "texture": "#0"},
				"west": {"uv": [5, 5, 5.25, 8], "texture": "#0"},
				"up": {"uv": [1.75, 0.25, 1.625, 0], "texture": "#0"},
				"down": {"uv": [1.75, 0.25, 1.625, 0.5], "texture": "#0"}
			}
		},
		{
			"name": "hexadecagon",
			"from": [10.50109, -0.5, -1],
			"to": [10.89891, 23, 1],
			"rotation": {"angle": 22.5, "axis": "y", "origin": [10.7, 0, 0]},
			"faces": {
				"north": {"uv": [2, 8, 2.125, 11], "texture": "#0"},
				"east": {"uv": [5, 0, 5.25, 3], "texture": "#0"},
				"south": {"uv": [2.125, 8, 2.25, 11], "texture": "#0"},
				"west": {"uv": [2.25, 5.25, 2.5, 8.25], "texture": "#0"},
				"up": {"uv": [1.75, 0.75, 1.625, 0.5], "texture": "#0"},
				"down": {"uv": [1.75, 0.75, 1.625, 1], "texture": "#0"}
			}
		},
		{
			"name": "hexadecagon",
			"from": [10.50109, -0.5, -1],
			"to": [10.89891, 23, 1],
			"rotation": {"angle": 45, "axis": "y", "origin": [10.7, 0, 0]},
			"faces": {
				"north": {"uv": [5, 8, 5.125, 11], "texture": "#0"},
				"east": {"uv": [5.25, 5.25, 5.5, 8.25], "texture": "#0"},
				"south": {"uv": [5.125, 8, 5.25, 11], "texture": "#0"},
				"west": {"uv": [5.25, 0, 5.5, 3], "texture": "#0"},
				"up": {"uv": [1.75, 1.25, 1.625, 1], "texture": "#0"},
				"down": {"uv": [1.75, 1.25, 1.625, 1.5], "texture": "#0"}
			}
		},
		{
			"name": "hexadecagon",
			"from": [9.7, -0.5, -0.19891],
			"to": [11.7, 23, 0.19891],
			"rotation": {"angle": -22.5, "axis": "y", "origin": [10.7, 0, 0]},
			"faces": {
				"north": {"uv": [2.5, 5.5, 2.75, 8.5], "texture": "#0"},
				"east": {"uv": [8, 8, 8.125, 11], "texture": "#0"},
				"south": {"uv": [5.5, 5.5, 5.75, 8.5], "texture": "#0"},
				"west": {"uv": [8, 0.25, 8.125, 3.25], "texture": "#0"},
				"up": {"uv": [2, 0.125, 1.75, 0], "texture": "#0"},
				"down": {"uv": [2, 0.125, 1.75, 0.25], "texture": "#0"}
			}
		},
		{
			"name": "hexadecagon",
			"from": [9.7, -0.5, -0.19891],
			"to": [11.7, 23, 0.19891],
			"rotation": {"angle": 0, "axis": "y", "origin": [10.7, 0, 0]},
			"faces": {
				"north": {"uv": [5.5, 0, 5.75, 3], "texture": "#0"},
				"east": {"uv": [8.125, 8.125, 8.25, 11.125], "texture": "#0"},
				"south": {"uv": [2.75, 5.75, 3, 8.75], "texture": "#0"},
				"west": {"uv": [8.125, 0.25, 8.25, 3.25], "texture": "#0"},
				"up": {"uv": [2, 0.375, 1.75, 0.25], "texture": "#0"},
				"down": {"uv": [2, 0.375, 1.75, 0.5], "texture": "#0"}
			}
		},
		{
			"name": "hexadecagon",
			"from": [9.7, -0.5, -0.19891],
			"to": [11.7, 23, 0.19891],
			"rotation": {"angle": 22.5, "axis": "y", "origin": [10.7, 0, 0]},
			"faces": {
				"north": {"uv": [5.75, 5.75, 6, 8.75], "texture": "#0"},
				"east": {"uv": [2.25, 8.25, 2.375, 11.25], "texture": "#0"},
				"south": {"uv": [5.75, 0, 6, 3], "texture": "#0"},
				"west": {"uv": [2.375, 8.25, 2.5, 11.25], "texture": "#0"},
				"up": {"uv": [2, 0.625, 1.75, 0.5], "texture": "#0"},
				"down": {"uv": [2, 0.625, 1.75, 0.75], "texture": "#0"}
			}
		},
		{
			"name": "hexadecagon",
			"from": [16.30109, -0.5, -1],
			"to": [16.69891, 23, 1],
			"rotation": {"angle": -45, "axis": "y", "origin": [16.5, 0, 0]},
			"faces": {
				"north": {"uv": [5.25, 8.25, 5.375, 11.25], "texture": "#0"},
				"east": {"uv": [0, 6, 0.25, 9], "texture": "#0"},
				"south": {"uv": [5.375, 8.25, 5.5, 11.25], "texture": "#0"},
				"west": {"uv": [3, 6, 3.25, 9], "texture": "#0"},
				"up": {"uv": [1.875, 1, 1.75, 0.75], "texture": "#0"},
				"down": {"uv": [1.875, 1, 1.75, 1.25], "texture": "#0"}
			}
		},
		{
			"name": "hexadecagon",
			"from": [16.30109, -0.5, -1],
			"to": [16.69891, 23, 1],
			"rotation": {"angle": -22.5, "axis": "y", "origin": [16.5, 0, 0]},
			"faces": {
				"north": {"uv": [8.25, 8.25, 8.375, 11.25], "texture": "#0"},
				"east": {"uv": [6, 6, 6.25, 9], "texture": "#0"},
				"south": {"uv": [8.25, 0.25, 8.375, 3.25], "texture": "#0"},
				"west": {"uv": [6, 0, 6.25, 3], "texture": "#0"},
				"up": {"uv": [1.875, 1.5, 1.75, 1.25], "texture": "#0"},
				"down": {"uv": [1.875, 1.5, 1.75, 1.75], "texture": "#0"}
			}
		},
		{
			"name": "hexadecagon",
			"from": [16.30109, -0.5, -1],
			"to": [16.69891, 23, 1],
			"rotation": {"angle": 0, "axis": "y", "origin": [16.5, 0, 0]},
			"faces": {
				"north": {"uv": [8.375, 8.375, 8.5, 11.375], "texture": "#0"},
				"east": {"uv": [6, 3, 6.25, 6], "texture": "#0"},
				"south": {"uv": [8.375, 0.25, 8.5, 3.25], "texture": "#0"},
				"west": {"uv": [0.25, 6.25, 0.5, 9.25], "texture": "#0"},
				"up": {"uv": [2, 1, 1.875, 0.75], "texture": "#0"},
				"down": {"uv": [2, 1, 1.875, 1.25], "texture": "#0"}
			}
		},
		{
			"name": "hexadecagon",
			"from": [16.30109, -0.5, -1],
			"to": [16.69891, 23, 1],
			"rotation": {"angle": 22.5, "axis": "y", "origin": [16.5, 0, 0]},
			"faces": {
				"north": {"uv": [2.5, 8.5, 2.625, 11.5], "texture": "#0"},
				"east": {"uv": [3.25, 6.25, 3.5, 9.25], "texture": "#0"},
				"south": {"uv": [2.625, 8.5, 2.75, 11.5], "texture": "#0"},
				"west": {"uv": [6.25, 6.25, 6.5, 9.25], "texture": "#0"},
				"up": {"uv": [2, 1.5, 1.875, 1.25], "texture": "#0"},
				"down": {"uv": [2, 1.5, 1.875, 1.75], "texture": "#0"}
			}
		},
		{
			"name": "hexadecagon",
			"from": [16.30109, -0.5, -1],
			"to": [16.69891, 23, 1],
			"rotation": {"angle": 45, "axis": "y", "origin": [16.5, 0, 0]},
			"faces": {
				"north": {"uv": [5.5, 8.5, 5.625, 11.5], "texture": "#0"},
				"east": {"uv": [6.25, 0, 6.5, 3], "texture": "#0"},
				"south": {"uv": [5.625, 8.5, 5.75, 11.5], "texture": "#0"},
				"west": {"uv": [6.25, 3, 6.5, 6], "texture": "#0"},
				"up": {"uv": [2.125, 0.25, 2, 0], "texture": "#0"},
				"down": {"uv": [2.125, 0.25, 2, 0.5], "texture": "#0"}
			}
		},
		{
			"name": "hexadecagon",
			"from": [15.5, -0.5, -0.19891],
			"to": [17.5, 23, 0.19891],
			"rotation": {"angle": -22.5, "axis": "y", "origin": [16.5, 0, 0]},
			"faces": {
				"north": {"uv": [0.5, 6.5, 0.75, 9.5], "texture": "#0"},
				"east": {"uv": [8.5, 8.5, 8.625, 11.5], "texture": "#0"},
				"south": {"uv": [3.5, 6.5, 3.75, 9.5], "texture": "#0"},
				"west": {"uv": [8.5, 0.25, 8.625, 3.25], "texture": "#0"},
				"up": {"uv": [2.25, 0.625, 2, 0.5], "texture": "#0"},
				"down": {"uv": [2.25, 0.625, 2, 0.75], "texture": "#0"}
			}
		},
		{
			"name": "hexadecagon",
			"from": [15.5, -0.5, -0.19891],
			"to": [17.5, 23, 0.19891],
			"rotation": {"angle": 0, "axis": "y", "origin": [16.5, 0, 0]},
			"faces": {
				"north": {"uv": [6.5, 6.5, 6.75, 9.5], "texture": "#0"},
				"east": {"uv": [8.625, 8.625, 8.75, 11.625], "texture": "#0"},
				"south": {"uv": [6.5, 0, 6.75, 3], "texture": "#0"},
				"west": {"uv": [8.625, 0.25, 8.75, 3.25], "texture": "#0"},
				"up": {"uv": [2.25, 0.875, 2, 0.75], "texture": "#0"},
				"down": {"uv": [2.25, 0.875, 2, 1], "texture": "#0"}
			}
		},
		{
			"name": "hexadecagon",
			"from": [15.5, -0.5, -0.19891],
			"to": [17.5, 23, 0.19891],
			"rotation": {"angle": 22.5, "axis": "y", "origin": [16.5, 0, 0]},
			"faces": {
				"north": {"uv": [6.5, 3, 6.75, 6], "texture": "#0"},
				"east": {"uv": [8.625, 3.25, 8.75, 6.25], "texture": "#0"},
				"south": {"uv": [0.75, 6.75, 1, 9.75], "texture": "#0"},
				"west": {"uv": [2.75, 8.75, 2.875, 11.75], "texture": "#0"},
				"up": {"uv": [2.25, 1.125, 2, 1], "texture": "#0"},
				"down": {"uv": [2.25, 1.125, 2, 1.25], "texture": "#0"}
			}
		}
	],
	"display": {
		"firstperson_righthand": {
			"translation": [-8.25, 4.5, 0]
		},
		"head": {
			"scale": [1.22, 1.08, 1]
		}
	},
	"groups": [
		{
			"name": "hexadecagon",
			"origin": [8, 8, 8],
			"children": [0, 1, 2, 3, 4, 5, 6, 7]
		},
		{
			"name": "hexadecagon",
			"origin": [8, 8, 8],
			"children": [8, 9, 10, 11, 12, 13, 14, 15, 16, 17, 18, 19, 20, 21, 22, 23, 24, 25, 26, 27, 28, 29, 30, 31]
		},
		{
			"name": "hexadecagon",
			"origin": [8, 8, 8],
			"children": [32, 33, 34, 35, 36, 37, 38, 39]
		},
		{
			"name": "hexadecagon",
			"origin": [8, 8, 8],
			"children": [40, 41, 42, 43, 44, 45, 46, 47]
		}
	]
}