{
	"credit": "Made with Blockbench",
	"textures": {
		"0": "block/light_blue_concrete",
		"particle": "block/light_blue_concrete"
	},
	"elements": [
		{
			"from": [7.55693, 1.5, 7.7],
			"to": [8.05693, 14.5, 8.3],
			"rotation": {"angle": 0, "axis": "y", "origin": [0.45693, 8.5, 15.5]},
			"faces": {
				"north": {"uv": [1.032, 0.032, 1.5, 12.968], "texture": "#0"},
				"east": {"uv": [1.032, 0.032, 1.5, 12.968], "texture": "#0"},
				"south": {"uv": [1.032, 0.032, 1.5, 12.968], "texture": "#0"},
				"west": {"uv": [1.032, 0.032, 1.5, 12.968], "texture": "#0"}
			}
		},
		{
			"from": [9.45693, 1.5, 7.8],
			"to": [9.85693, 14.5, 8.2],
			"rotation": {"angle": 0, "axis": "y", "origin": [2.15693, 8.5, 15.5]},
			"faces": {
				"north": {"uv": [1.032, 0.032, 1.4, 12.968], "texture": "#0"},
				"east": {"uv": [1.032, 0.032, 1.4, 12.968], "texture": "#0"},
				"south": {"uv": [1.032, 0.032, 1.4, 12.968], "texture": "#0"},
				"west": {"uv": [1.032, 0.032, 1.4, 12.968], "texture": "#0"}
			}
		},
		{
			"from": [8.45693, 1.5, 7.8],
			"to": [8.85693, 14.5, 8.2],
			"rotation": {"angle": 0, "axis": "y", "origin": [1.15693, 8.5, 15.5]},
			"faces": {
				"north": {"uv": [1.032, 0.032, 1.4, 12.968], "texture": "#0"},
				"east": {"uv": [1.032, 0.032, 1.4, 12.968], "texture": "#0"},
				"south": {"uv": [1.032, 0.032, 1.4, 12.968], "texture": "#0"},
				"west": {"uv": [1.032, 0.032, 1.4, 12.968], "texture": "#0"}
			}
		},
		{
			"from": [10.55693, 1.5, 7.8],
			"to": [10.95693, 14.5, 8.2],
			"rotation": {"angle": 0, "axis": "y", "origin": [3.25693, 8.5, 15.5]},
			"faces": {
				"north": {"uv": [1.032, 0.032, 1.4, 12.968], "texture": "#0"},
				"east": {"uv": [1.032, 0.032, 1.4, 12.968], "texture": "#0"},
				"south": {"uv": [1.032, 0.032, 1.4, 12.968], "texture": "#0"},
				"west": {"uv": [1.032, 0.032, 1.4, 12.968], "texture": "#0"}
			}
		},
		{
			"from": [11.65693, 1.5, 7.8],
			"to": [12.05693, 14.5, 8.2],
			"rotation": {"angle": 0, "axis": "y", "origin": [4.35693, 8.5, 15.5]},
			"faces": {
				"north": {"uv": [1.032, 0.032, 1.4, 12.968], "texture": "#0"},
				"east": {"uv": [1.032, 0.032, 1.4, 12.968], "texture": "#0"},
				"south": {"uv": [1.032, 0.032, 1.4, 12.968], "texture": "#0"},
				"west": {"uv": [1.032, 0.032, 1.4, 12.968], "texture": "#0"}
			}
		},
		{
			"from": [7.54599, 0.88906, 7.7],
			"to": [11.54599, 1.58906, 8.3],
			"rotation": {"angle": 0, "axis": "y", "origin": [13.04599, 1.08906, 8]},
			"faces": {
				"north": {"uv": [0.032, 4.032, 0.7, 7.968], "rotation": 90, "texture": "#0"},
				"south": {"uv": [0.032, 4.032, 0.7, 7.968], "rotation": 90, "texture": "#0"},
				"west": {"uv": [0.032, 4.032, 0.7, 7.968], "rotation": 90, "texture": "#0"},
				"up": {"uv": [0.032, 4.032, 0.7, 7.968], "rotation": 90, "texture": "#0"},
				"down": {"uv": [0.032, 4.032, 0.7, 7.968], "rotation": 90, "texture": "#0"}
			}
		},
		{
			"from": [9.16, 0.88906, 7.7],
			"to": [13.16, 1.58906, 8.3],
			"rotation": {"angle": 0, "axis": "y", "origin": [13.04599, 1.08906, 8]},
			"faces": {
				"north": {"uv": [0.032, 4.032, 0.7, 7.968], "rotation": 90, "texture": "#0"},
				"south": {"uv": [0.032, 4.032, 0.7, 7.968], "rotation": 90, "texture": "#0"},
				"west": {"uv": [0.032, 4.032, 0.7, 7.968], "rotation": 90, "texture": "#0"},
				"up": {"uv": [0.032, 4.032, 0.7, 7.968], "rotation": 90, "texture": "#0"},
				"down": {"uv": [0.032, 4.032, 0.7, 7.968], "rotation": 90, "texture": "#0"}
			}
		},
		{
			"from": [12.45693, 2.5, 7.7],
			"to": [13.15693, 13.5, 8.3],
			"rotation": {"angle": 0, "axis": "y", "origin": [5.45693, 8.5, 15.5]},
			"faces": {
				"north": {"uv": [1.032, 0.032, 1.7, 10.968], "texture": "#0"},
				"east": {"uv": [1.032, 0.032, 1.7, 10.968], "texture": "#0"},
				"south": {"uv": [1.032, 0.032, 1.7, 10.968], "texture": "#0"},
				"west": {"uv": [1.032, 0.032, 1.7, 10.968], "texture": "#0"}
			}
		},
		{
			"from": [12.45693, 1.5, 7.7],
			"to": [13.15693, 12.5, 8.3],
			"rotation": {"angle": 0, "axis": "y", "origin": [5.45693, 8.5, 15.5]},
			"faces": {
				"north": {"uv": [1.032, 0.032, 1.7, 10.968], "texture": "#0"},
				"east": {"uv": [1.032, 0.032, 1.7, 10.968], "texture": "#0"},
				"south": {"uv": [1.032, 0.032, 1.7, 10.968], "texture": "#0"},
				"west": {"uv": [1.032, 0.032, 1.7, 10.968], "texture": "#0"}
			}
		},
		{
			"from": [12.45693, 3.5, 7.7],
			"to": [13.15693, 14.5, 8.3],
			"rotation": {"angle": 0, "axis": "y", "origin": [5.45693, 8.5, 15.5]},
			"faces": {
				"north": {"uv": [1.032, 0.032, 1.7, 10.968], "texture": "#0"},
				"east": {"uv": [1.032, 0.032, 1.7, 10.968], "texture": "#0"},
				"south": {"uv": [1.032, 0.032, 1.7, 10.968], "texture": "#0"},
				"west": {"uv": [1.032, 0.032, 1.7, 10.968], "texture": "#0"}
			}
		},
		{
			"from": [7.54599, 14.41094, 7.7],
			"to": [11.54599, 15.11094, 8.3],
			"rotation": {"angle": 0, "axis": "y", "origin": [13.04599, 14.91094, 8]},
			"faces": {
				"north": {"uv": [1, 4, 1, 4], "rotation": 90, "texture": "#0"},
				"south": {"uv": [0.7, 4.032, 1.4, 7.968], "rotation": 90, "texture": "#0"},
				"west": {"uv": [0.7, 4.032, 1.4, 7.968], "rotation": 90, "texture": "#0"},
				"up": {"uv": [0.7, 4.032, 1.4, 7.968], "rotation": 90, "texture": "#0"},
				"down": {"uv": [0.7, 4.032, 1.4, 7.968], "rotation": 90, "texture": "#0"}
			}
		},
		{
			"from": [9.16, 14.41094, 7.7],
			"to": [13.16, 15.11094, 8.3],
			"rotation": {"angle": 0, "axis": "y", "origin": [13.04599, 14.91094, 8]},
			"faces": {
				"north": {"uv": [0.7, 4.032, 1.4, 7.968], "rotation": 90, "texture": "#0"},
				"east": {"uv": [0, 0, 0, 0], "texture": "#0"},
				"south": {"uv": [0.7, 4.032, 1.4, 7.968], "rotation": 90, "texture": "#0"},
				"west": {"uv": [0.7, 4.032, 1.4, 7.968], "rotation": 90, "texture": "#0"},
				"up": {"uv": [0.7, 4.032, 1.4, 7.968], "rotation": 90, "texture": "#0"},
				"down": {"uv": [0.7, 4.032, 1.4, 7.968], "rotation": 90, "texture": "#0"}
			}
		}
	],
	"display": {
		"firstperson_lefthand": {
			"translation": [5.75, 0, 0]
		},
		"head": {
			"translation": [0, 4.75, 0],
			"scale": [2, 2, 2]
		}
	}
}