{
	"credit": "Made with Blockbench",
	"textures": {
		"texture2": "block/bone_block_side"
	},
	"elements": [
		{
			"name": "Box28",
			"from": [7.5, 0.5, 3],
			"to": [8, 2, 13],
			"faces": {
				"north": {"uv": [6, 0, 9.5, 1], "texture": "#texture2"},
				"east": {"uv": [1.25, 0, 14.75, 1], "texture": "#texture2"},
				"south": {"uv": [6.5, 0, 10, 1], "texture": "#texture2"},
				"west": {"uv": [1.25, 0, 14.75, 1], "texture": "#texture2"},
				"up": {"uv": [6.5, 1.25, 10, 14.75], "texture": "#texture2"},
				"down": {"uv": [6.5, 1.25, 10, 14.75], "texture": "#texture2"}
			}
		},
		{
			"name": "Box28",
			"from": [8.5, 0.5, 3],
			"to": [9, 2, 13],
			"faces": {
				"north": {"uv": [6, 0, 9.5, 1], "texture": "#texture2"},
				"east": {"uv": [1.25, 0, 14.75, 1], "texture": "#texture2"},
				"south": {"uv": [6.5, 0, 10, 1], "texture": "#texture2"},
				"west": {"uv": [1.25, 0, 14.75, 1], "texture": "#texture2"},
				"up": {"uv": [6.5, 1.25, 10, 14.75], "texture": "#texture2"},
				"down": {"uv": [6.5, 1.25, 10, 14.75], "texture": "#texture2"}
			}
		}
	],
	"display": {
		"head": {
			"scale": [4, 4, 4]
		}
	}
}