{
	"credit": "Made with Blockbench",
	"textures": {
		"0": "block/iron_block",
		"1": "block/light_gray_concrete",
		"2": "block/black_concrete",
		"particle": "block/black_concrete"
	},
	"elements": [
		{
			"name": "hexadecagon",
			"from": [6.20744, 4.97581, 6.94781],
			"to": [7.91418, 7.46044, 9.26302],
			"rotation": {"angle": 22.5, "axis": "x", "origin": [7.74652, 5.91924, 7.51112]},
			"faces": {
				"north": {"uv": [0, 0, 0.22857, 0.22857], "rotation": 180, "texture": "#1"},
				"east": {"uv": [0, 0, 0.22857, 0.22857], "rotation": 90, "texture": "#1"},
				"south": {"uv": [0, 0, 0.22857, 0.22857], "texture": "#1"},
				"west": {"uv": [0, 0, 0.22857, 0.22857], "rotation": 270, "texture": "#1"},
				"up": {"uv": [0, 0, 0.22857, 0.22857], "texture": "#1"},
				"down": {"uv": [0, 0, 0.22857, 0.22857], "rotation": 180, "texture": "#1"}
			}
		},
		{
			"name": "hexadecagon",
			"from": [7.88306, 4.97581, 6.94781],
			"to": [9.5898, 7.46044, 9.26302],
			"rotation": {"angle": 22.5, "axis": "x", "origin": [8.05072, 5.91924, 7.51112]},
			"faces": {
				"north": {"uv": [0.22857, 0, 0, 0.22857], "rotation": 180, "texture": "#1"},
				"east": {"uv": [0, 0.22857, 0.22857, 0], "rotation": 270, "texture": "#1"},
				"south": {"uv": [0.22857, 0, 0, 0.22857], "texture": "#1"},
				"west": {"uv": [0, 0.22857, 0.22857, 0], "rotation": 90, "texture": "#1"},
				"up": {"uv": [0.22857, 0, 0, 0.22857], "texture": "#1"},
				"down": {"uv": [0.22857, 0, 0, 0.22857], "rotation": 180, "texture": "#1"}
			}
		},
		{
			"name": "hexadecagon",
			"from": [6.20744, 4.3772, 8.76863],
			"to": [7.91418, 6.67192, 9.71588],
			"rotation": {"angle": 0, "axis": "y", "origin": [7.74652, 5.32063, 7.50336]},
			"faces": {
				"north": {"uv": [0, 0, 0.22857, 0.22857], "rotation": 180, "texture": "#1"},
				"east": {"uv": [0, 0, 0.22857, 0.22857], "rotation": 90, "texture": "#1"},
				"south": {"uv": [0, 0, 0.22857, 0.22857], "texture": "#1"},
				"west": {"uv": [0, 0, 0.22857, 0.22857], "rotation": 270, "texture": "#1"},
				"up": {"uv": [0, 0, 0.22857, 0.22857], "texture": "#1"},
				"down": {"uv": [0, 0, 0.22857, 0.22857], "rotation": 180, "texture": "#1"}
			}
		},
		{
			"name": "hexadecagon",
			"from": [7.88306, 4.3772, 8.76863],
			"to": [9.5898, 6.67192, 9.71588],
			"rotation": {"angle": 0, "axis": "y", "origin": [8.05072, 5.32063, 7.50336]},
			"faces": {
				"north": {"uv": [0.22857, 0, 0, 0.22857], "rotation": 180, "texture": "#1"},
				"east": {"uv": [0, 0.22857, 0.22857, 0], "rotation": 270, "texture": "#1"},
				"south": {"uv": [0.22857, 0, 0, 0.22857], "texture": "#1"},
				"west": {"uv": [0, 0.22857, 0.22857, 0], "rotation": 90, "texture": "#1"},
				"up": {"uv": [0.22857, 0, 0, 0.22857], "texture": "#1"},
				"down": {"uv": [0.22857, 0, 0, 0.22857], "rotation": 180, "texture": "#1"}
			}
		},
		{
			"name": "hexadecagon",
			"from": [7.65272, 6.58612, 5.71895],
			"to": [8.10409, 7.05226, 6.6662],
			"rotation": {"angle": 22.5, "axis": "x", "origin": [7.74652, 6.2074, 5.36797]},
			"faces": {
				"north": {"uv": [0, 0, 0.22857, 0.22857], "rotation": 180, "texture": "#0"},
				"east": {"uv": [0, 0, 0.22857, 0.22857], "rotation": 90, "texture": "#0"},
				"south": {"uv": [0, 0, 0.22857, 0.22857], "texture": "#0"},
				"west": {"uv": [0, 0, 0.22857, 0.22857], "rotation": 270, "texture": "#0"},
				"up": {"uv": [0, 0, 0.22857, 0.22857], "texture": "#0"},
				"down": {"uv": [0, 0, 0.22857, 0.22857], "rotation": 180, "texture": "#0"}
			}
		},
		{
			"name": "hexadecagon",
			"from": [6.91418, 5.80899, 5.82446],
			"to": [7.36555, 6.27513, 6.7717],
			"rotation": {"angle": 22.5, "axis": "y", "origin": [7.74652, 6.2074, 5.36797]},
			"faces": {
				"north": {"uv": [0, 0, 0.22857, 0.22857], "rotation": 180, "texture": "#0"},
				"east": {"uv": [0, 0, 0.22857, 0.22857], "rotation": 90, "texture": "#0"},
				"south": {"uv": [0, 0, 0.22857, 0.22857], "texture": "#0"},
				"west": {"uv": [0, 0, 0.22857, 0.22857], "rotation": 270, "texture": "#0"},
				"up": {"uv": [0, 0, 0.22857, 0.22857], "texture": "#0"},
				"down": {"uv": [0, 0, 0.22857, 0.22857], "rotation": 180, "texture": "#0"}
			}
		},
		{
			"name": "hexadecagon",
			"from": [8.71195, 5.80899, 7.65303],
			"to": [9.16332, 6.27513, 8.60028],
			"rotation": {"angle": -22.5, "axis": "y", "origin": [13.54945, 6.2074, 5.36797]},
			"faces": {
				"north": {"uv": [0.22857, 0, 0, 0.22857], "rotation": 180, "texture": "#0"},
				"east": {"uv": [0, 0.22857, 0.22857, 0], "rotation": 270, "texture": "#0"},
				"south": {"uv": [0.22857, 0, 0, 0.22857], "texture": "#0"},
				"west": {"uv": [0, 0.22857, 0.22857, 0], "rotation": 90, "texture": "#0"},
				"up": {"uv": [0.22857, 0, 0, 0.22857], "texture": "#0"},
				"down": {"uv": [0.22857, 0, 0, 0.22857], "rotation": 180, "texture": "#0"}
			}
		},
		{
			"name": "hexadecagon",
			"from": [7.59997, 6.54391, 1.5717],
			"to": [8.15684, 7.11556, 5.71895],
			"rotation": {"angle": 22.5, "axis": "x", "origin": [7.74652, 6.2074, 5.33501]},
			"faces": {
				"north": {"uv": [0, 0, 0.22857, 0.22857], "rotation": 180, "texture": "#2"},
				"east": {"uv": [0, 0, 0.22857, 0.22857], "rotation": 90, "texture": "#2"},
				"south": {"uv": [0, 0, 0.22857, 0.22857], "texture": "#2"},
				"west": {"uv": [0, 0, 0.22857, 0.22857], "rotation": 270, "texture": "#2"},
				"up": {"uv": [0, 0, 0.22857, 0.22857], "texture": "#2"},
				"down": {"uv": [0, 0, 0.22857, 0.22857], "rotation": 180, "texture": "#2"}
			}
		},
		{
			"name": "hexadecagon",
			"from": [6.86143, 5.76679, 1.67721],
			"to": [7.4183, 6.33844, 5.82446],
			"rotation": {"angle": 22.5, "axis": "y", "origin": [7.74652, 6.2074, 5.33501]},
			"faces": {
				"north": {"uv": [0, 0, 0.22857, 0.22857], "rotation": 180, "texture": "#2"},
				"east": {"uv": [0, 0, 0.22857, 0.22857], "rotation": 90, "texture": "#2"},
				"south": {"uv": [0, 0, 0.22857, 0.22857], "texture": "#2"},
				"west": {"uv": [0, 0, 0.22857, 0.22857], "rotation": 270, "texture": "#2"},
				"up": {"uv": [0, 0, 0.22857, 0.22857], "texture": "#2"},
				"down": {"uv": [0, 0, 0.22857, 0.22857], "rotation": 180, "texture": "#2"}
			}
		},
		{
			"name": "hexadecagon",
			"from": [8.65919, 5.76679, 3.50578],
			"to": [9.21607, 6.33844, 7.65303],
			"rotation": {"angle": -22.5, "axis": "y", "origin": [13.54945, 6.2074, 5.33501]},
			"faces": {
				"north": {"uv": [0.22857, 0, 0, 0.22857], "rotation": 180, "texture": "#2"},
				"east": {"uv": [0, 0.22857, 0.22857, 0], "rotation": 270, "texture": "#2"},
				"south": {"uv": [0.22857, 0, 0, 0.22857], "texture": "#2"},
				"west": {"uv": [0, 0.22857, 0.22857, 0], "rotation": 90, "texture": "#2"},
				"up": {"uv": [0.22857, 0, 0, 0.22857], "texture": "#2"},
				"down": {"uv": [0.22857, 0, 0, 0.22857], "rotation": 180, "texture": "#2"}
			}
		},
		{
			"name": "hexadecagon",
			"from": [6.20744, 5.26397, 6.63324],
			"to": [7.91418, 7.55869, 7.58048],
			"rotation": {"angle": 0, "axis": "y", "origin": [7.74652, 6.2074, 5.36797]},
			"faces": {
				"north": {"uv": [0, 0, 0.22857, 0.22857], "rotation": 180, "texture": "#1"},
				"east": {"uv": [0, 0, 0.22857, 0.22857], "rotation": 90, "texture": "#1"},
				"south": {"uv": [0, 0, 0.22857, 0.22857], "texture": "#1"},
				"west": {"uv": [0, 0, 0.22857, 0.22857], "rotation": 270, "texture": "#1"},
				"up": {"uv": [0, 0, 0.22857, 0.22857], "texture": "#1"},
				"down": {"uv": [0, 0, 0.22857, 0.22857], "rotation": 180, "texture": "#1"}
			}
		},
		{
			"name": "hexadecagon",
			"from": [7.88306, 5.26397, 6.63324],
			"to": [9.5898, 7.55869, 7.58048],
			"rotation": {"angle": 0, "axis": "y", "origin": [8.05072, 6.2074, 5.36797]},
			"faces": {
				"north": {"uv": [0.22857, 0, 0, 0.22857], "rotation": 180, "texture": "#1"},
				"east": {"uv": [0, 0.22857, 0.22857, 0], "rotation": 270, "texture": "#1"},
				"south": {"uv": [0.22857, 0, 0, 0.22857], "texture": "#1"},
				"west": {"uv": [0, 0.22857, 0.22857, 0], "rotation": 90, "texture": "#1"},
				"up": {"uv": [0.22857, 0, 0, 0.22857], "texture": "#1"},
				"down": {"uv": [0.22857, 0, 0, 0.22857], "rotation": 180, "texture": "#1"}
			}
		}
	],
	"display": {
		"thirdperson_righthand": {
			"rotation": [69, 0, 0],
			"translation": [0, -2.5, 5],
			"scale": [2, 2, 2]
		},
		"head": {
			"translation": [0.5, -15.25, -0.5],
			"scale": [4, 4, 4]
		}
	},
	"groups": [
		{
			"name": "Main",
			"origin": [8, 8, 8],
			"children": [0, 1, 2, 3, 4, 5, 6, 7, 8, 9, 10, 11]
		}
	]
}