{
	"credit": "Made with Blockbench",
	"textures": {
		"0": "rides/lots/seammouth1",
		"1": "rides/lots/seammouth12",
		"particle": "rides/lots/seammouth1"
	},
	"elements": [
		{
			"from": [0, 0, 0],
			"to": [5, 3, 11],
			"faces": {
				"north": {"uv": [5, 3, 7.5, 4.5], "texture": "#0"},
				"east": {"uv": [5, 0, 10.5, 1.5], "texture": "#0"},
				"south": {"uv": [5, 4.5, 7.5, 6], "texture": "#0"},
				"west": {"uv": [5, 1.5, 10.5, 3], "texture": "#0"},
				"up": {"uv": [2.5, 5.5, 0, 0], "texture": "#0"},
				"down": {"uv": [5, 0, 2.5, 5.5], "texture": "#0"}
			}
		},
		{
			"from": [0.1, 3, 5.5],
			"to": [0.2, 3.8, 5.9],
			"faces": {
				"north": {"uv": [7, 10, 8, 11], "texture": "#1"},
				"east": {"uv": [10, 7, 11, 8], "texture": "#1"},
				"south": {"uv": [8, 10, 9, 11], "texture": "#1"},
				"west": {"uv": [10, 8, 11, 9], "texture": "#1"},
				"up": {"uv": [10, 11, 9, 10], "texture": "#1"},
				"down": {"uv": [11, 9, 10, 10], "texture": "#1"}
			}
		},
		{
			"from": [0.1, 3, 3.6],
			"to": [0.2, 5.2, 4],
			"faces": {
				"north": {"uv": [7, 2, 8, 4], "texture": "#1"},
				"east": {"uv": [7, 4, 8, 6], "texture": "#1"},
				"south": {"uv": [7, 6, 8, 8], "texture": "#1"},
				"west": {"uv": [0, 8, 1, 10], "texture": "#1"},
				"up": {"uv": [7, 11, 6, 10], "texture": "#1"},
				"down": {"uv": [11, 6, 10, 7], "texture": "#1"}
			}
		},
		{
			"from": [0.1, 3, 6.6],
			"to": [0.2, 4.6, 7],
			"faces": {
				"north": {"uv": [6, 6, 7, 8], "texture": "#1"},
				"east": {"uv": [7, 0, 8, 2], "texture": "#1"},
				"south": {"uv": [1, 7, 2, 9], "texture": "#1"},
				"west": {"uv": [2, 7, 3, 9], "texture": "#1"},
				"up": {"uv": [6, 11, 5, 10], "texture": "#1"},
				"down": {"uv": [11, 5, 10, 6], "texture": "#1"}
			}
		},
		{
			"from": [0.1, 3, 1],
			"to": [0.2, 3.9, 1.4],
			"faces": {
				"north": {"uv": [2, 10, 3, 11], "texture": "#1"},
				"east": {"uv": [10, 2, 11, 3], "texture": "#1"},
				"south": {"uv": [3, 10, 4, 11], "texture": "#1"},
				"west": {"uv": [10, 3, 11, 4], "texture": "#1"},
				"up": {"uv": [5, 11, 4, 10], "texture": "#1"},
				"down": {"uv": [11, 4, 10, 5], "texture": "#1"}
			}
		},
		{
			"from": [0.1, 3, 0.6],
			"to": [0.2, 4.8, 1],
			"faces": {
				"north": {"uv": [3, 6, 4, 8], "texture": "#1"},
				"east": {"uv": [4, 6, 5, 8], "texture": "#1"},
				"south": {"uv": [6, 4, 7, 6], "texture": "#1"},
				"west": {"uv": [5, 6, 6, 8], "texture": "#1"},
				"up": {"uv": [2, 11, 1, 10], "texture": "#1"},
				"down": {"uv": [11, 1, 10, 2], "texture": "#1"}
			}
		},
		{
			"from": [0.1, 3, 9],
			"to": [0.2, 4.9, 9.4],
			"faces": {
				"north": {"uv": [5, 4, 6, 6], "texture": "#1"},
				"east": {"uv": [0, 6, 1, 8], "texture": "#1"},
				"south": {"uv": [6, 0, 7, 2], "texture": "#1"},
				"west": {"uv": [6, 2, 7, 4], "texture": "#1"},
				"up": {"uv": [1, 11, 0, 10], "texture": "#1"},
				"down": {"uv": [11, 0, 10, 1], "texture": "#1"}
			}
		},
		{
			"from": [0.1, 3, 7],
			"to": [0.2, 4.1, 7.4],
			"faces": {
				"north": {"uv": [9, 6, 10, 7], "texture": "#1"},
				"east": {"uv": [7, 9, 8, 10], "texture": "#1"},
				"south": {"uv": [9, 7, 10, 8], "texture": "#1"},
				"west": {"uv": [8, 9, 9, 10], "texture": "#1"},
				"up": {"uv": [10, 9, 9, 8], "texture": "#1"},
				"down": {"uv": [10, 9, 9, 10], "texture": "#1"}
			}
		},
		{
			"from": [4.8, 3, 1.6],
			"to": [4.9, 4.9, 2],
			"faces": {
				"north": {"uv": [5, 0, 6, 2], "texture": "#1"},
				"east": {"uv": [1, 5, 2, 7], "texture": "#1"},
				"south": {"uv": [2, 5, 3, 7], "texture": "#1"},
				"west": {"uv": [5, 2, 6, 4], "texture": "#1"},
				"up": {"uv": [10, 6, 9, 5], "texture": "#1"},
				"down": {"uv": [7, 9, 6, 10], "texture": "#1"}
			}
		},
		{
			"from": [4.8, 3, 10],
			"to": [4.9, 4.8, 10.4],
			"faces": {
				"north": {"uv": [4, 0, 5, 2], "texture": "#1"},
				"east": {"uv": [4, 2, 5, 4], "texture": "#1"},
				"south": {"uv": [3, 4, 4, 6], "texture": "#1"},
				"west": {"uv": [4, 4, 5, 6], "texture": "#1"},
				"up": {"uv": [10, 5, 9, 4], "texture": "#1"},
				"down": {"uv": [6, 9, 5, 10], "texture": "#1"}
			}
		},
		{
			"from": [4.8, 3, 9.6],
			"to": [4.9, 3.9, 10],
			"faces": {
				"north": {"uv": [9, 1, 10, 2], "texture": "#1"},
				"east": {"uv": [2, 9, 3, 10], "texture": "#1"},
				"south": {"uv": [9, 2, 10, 3], "texture": "#1"},
				"west": {"uv": [3, 9, 4, 10], "texture": "#1"},
				"up": {"uv": [10, 4, 9, 3], "texture": "#1"},
				"down": {"uv": [5, 9, 4, 10], "texture": "#1"}
			}
		},
		{
			"from": [4.8, 3, 7],
			"to": [4.9, 5.7, 7.4],
			"faces": {
				"north": {"uv": [0, 0, 1, 3], "texture": "#1"},
				"east": {"uv": [1, 0, 2, 3], "texture": "#1"},
				"south": {"uv": [2, 0, 3, 3], "texture": "#1"},
				"west": {"uv": [0, 3, 1, 6], "texture": "#1"},
				"up": {"uv": [10, 1, 9, 0], "texture": "#1"},
				"down": {"uv": [2, 9, 1, 10], "texture": "#1"}
			}
		},
		{
			"from": [4.8, 3, 5.1],
			"to": [4.9, 3.8, 5.5],
			"faces": {
				"north": {"uv": [8, 5, 9, 6], "texture": "#1"},
				"east": {"uv": [6, 8, 7, 9], "texture": "#1"},
				"south": {"uv": [8, 6, 9, 7], "texture": "#1"},
				"west": {"uv": [7, 8, 8, 9], "texture": "#1"},
				"up": {"uv": [9, 8, 8, 7], "texture": "#1"},
				"down": {"uv": [9, 8, 8, 9], "texture": "#1"}
			}
		},
		{
			"from": [4.8, 3, 4],
			"to": [4.9, 4.6, 4.4],
			"faces": {
				"north": {"uv": [3, 0, 4, 2], "texture": "#1"},
				"east": {"uv": [1, 3, 2, 5], "texture": "#1"},
				"south": {"uv": [2, 3, 3, 5], "texture": "#1"},
				"west": {"uv": [3, 2, 4, 4], "texture": "#1"},
				"up": {"uv": [9, 5, 8, 4], "texture": "#1"},
				"down": {"uv": [6, 8, 5, 9], "texture": "#1"}
			}
		},
		{
			"from": [4.8, 3, 3.6],
			"to": [4.9, 4.1, 4],
			"faces": {
				"north": {"uv": [8, 0, 9, 1], "texture": "#1"},
				"east": {"uv": [8, 1, 9, 2], "texture": "#1"},
				"south": {"uv": [8, 2, 9, 3], "texture": "#1"},
				"west": {"uv": [3, 8, 4, 9], "texture": "#1"},
				"up": {"uv": [9, 4, 8, 3], "texture": "#1"},
				"down": {"uv": [5, 8, 4, 9], "texture": "#1"}
			}
		}
	],
	"display": {
		"head": {
			"scale": [1.87, 1.87, 1.87]
		}
	},
	"groups": [
		{
			"name": "1",
			"origin": [8, 8, 8],
			"color": 0,
			"children": [0, 1, 2, 3, 4, 5, 6, 7, 8, 9, 10, 11, 12, 13, 14]
		}
	]
}