{
	"credit": "Made with Blockbench",
	"textures": {
		"0": "rides/lots/seammouth2",
		"1": "rides/lots/seammouth22",
		"particle": "rides/lots/seammouth2"
	},
	"elements": [
		{
			"from": [0, 6, 0],
			"to": [5, 10, 11],
			"faces": {
				"north": {"uv": [5, 4, 7.5, 6], "texture": "#0"},
				"east": {"uv": [5, 0, 10.5, 2], "texture": "#0"},
				"south": {"uv": [0, 5.5, 2.5, 7.5], "texture": "#0"},
				"west": {"uv": [5, 2, 10.5, 4], "texture": "#0"},
				"up": {"uv": [2.5, 5.5, 0, 0], "texture": "#0"},
				"down": {"uv": [5, 0, 2.5, 5.5], "texture": "#0"}
			}
		},
		{
			"from": [0.1, 4, 0.2],
			"to": [0.2, 6, 0.8],
			"faces": {
				"north": {"uv": [0.5, 7.5, 1, 8.5], "texture": "#0"},
				"east": {"uv": [1, 7.5, 1.5, 8.5], "texture": "#0"},
				"south": {"uv": [1.5, 7.5, 2, 8.5], "texture": "#0"},
				"west": {"uv": [2, 7.5, 2.5, 8.5], "texture": "#0"},
				"up": {"uv": [6.5, 9, 6, 8.5], "texture": "#0"},
				"down": {"uv": [9, 6, 8.5, 6.5], "texture": "#0"}
			}
		},
		{
			"from": [0.1, 4.5, 0.8],
			"to": [0.2, 6, 1.4],
			"faces": {
				"north": {"uv": [7.5, 4, 8, 5], "texture": "#0"},
				"east": {"uv": [5, 7.5, 5.5, 8.5], "texture": "#0"},
				"south": {"uv": [7.5, 5, 8, 6], "texture": "#0"},
				"west": {"uv": [5.5, 7.5, 6, 8.5], "texture": "#0"},
				"up": {"uv": [7, 9, 6.5, 8.5], "texture": "#0"},
				"down": {"uv": [9, 6.5, 8.5, 7], "texture": "#0"}
			}
		},
		{
			"from": [0.1, 4.5, 7.8],
			"to": [0.2, 6, 8.4],
			"faces": {
				"north": {"uv": [6, 7.5, 6.5, 8.5], "texture": "#0"},
				"east": {"uv": [7.5, 6, 8, 7], "texture": "#0"},
				"south": {"uv": [6.5, 7.5, 7, 8.5], "texture": "#0"},
				"west": {"uv": [7, 7.5, 7.5, 8.5], "texture": "#0"},
				"up": {"uv": [7.5, 9, 7, 8.5], "texture": "#0"},
				"down": {"uv": [9, 7, 8.5, 7.5], "texture": "#0"}
			}
		},
		{
			"from": [0.1, 4.1, 5.5],
			"to": [0.2, 6, 6.1],
			"faces": {
				"north": {"uv": [7.5, 7, 8, 8], "texture": "#0"},
				"east": {"uv": [8, 4, 8.5, 5], "texture": "#0"},
				"south": {"uv": [8, 5, 8.5, 6], "texture": "#0"},
				"west": {"uv": [8, 6, 8.5, 7], "texture": "#0"},
				"up": {"uv": [9, 8, 8.5, 7.5], "texture": "#0"},
				"down": {"uv": [9, 8, 8.5, 8.5], "texture": "#0"}
			}
		},
		{
			"from": [0.1, 5.2, 9.7],
			"to": [0.2, 6, 10.3],
			"faces": {
				"north": {"uv": [8.5, 8.5, 9, 9], "texture": "#0"},
				"east": {"uv": [0, 9, 0.5, 9.5], "texture": "#0"},
				"south": {"uv": [9, 4, 9.5, 4.5], "texture": "#0"},
				"west": {"uv": [9, 4.5, 9.5, 5], "texture": "#0"},
				"up": {"uv": [9.5, 5.5, 9, 5], "texture": "#0"},
				"down": {"uv": [9.5, 5.5, 9, 6], "texture": "#0"}
			}
		},
		{
			"from": [0.1, 3.1, 7.2],
			"to": [0.2, 6, 7.8],
			"faces": {
				"north": {"uv": [2.5, 5.5, 3, 7], "texture": "#0"},
				"east": {"uv": [3, 5.5, 3.5, 7], "texture": "#0"},
				"south": {"uv": [3.5, 5.5, 4, 7], "texture": "#0"},
				"west": {"uv": [4, 5.5, 4.5, 7], "texture": "#0"},
				"up": {"uv": [6.5, 9.5, 6, 9], "texture": "#0"},
				"down": {"uv": [9.5, 6, 9, 6.5], "texture": "#0"}
			}
		},
		{
			"from": [0.1, 3.5, 3.5],
			"to": [0.2, 6, 4.1],
			"faces": {
				"north": {"uv": [4.5, 5.5, 5, 7], "texture": "#0"},
				"east": {"uv": [5, 6, 5.5, 7.5], "texture": "#0"},
				"south": {"uv": [5.5, 6, 6, 7.5], "texture": "#0"},
				"west": {"uv": [6, 6, 6.5, 7.5], "texture": "#0"},
				"up": {"uv": [7, 9.5, 6.5, 9], "texture": "#0"},
				"down": {"uv": [9.5, 6.5, 9, 7], "texture": "#0"}
			}
		},
		{
			"from": [4.8, 4.1, 4.9],
			"to": [4.9, 6, 5.5],
			"faces": {
				"north": {"uv": [8, 7, 8.5, 8], "texture": "#0"},
				"east": {"uv": [7.5, 8, 8, 9], "texture": "#0"},
				"south": {"uv": [8, 8, 8.5, 9], "texture": "#0"},
				"west": {"uv": [0.5, 8.5, 1, 9.5], "texture": "#0"},
				"up": {"uv": [7.5, 9.5, 7, 9], "texture": "#0"},
				"down": {"uv": [9.5, 7, 9, 7.5], "texture": "#0"}
			}
		},
		{
			"from": [4.8, 4, 10.2],
			"to": [4.9, 6, 10.8],
			"faces": {
				"north": {"uv": [1, 8.5, 1.5, 9.5], "texture": "#0"},
				"east": {"uv": [1.5, 8.5, 2, 9.5], "texture": "#0"},
				"south": {"uv": [2, 8.5, 2.5, 9.5], "texture": "#0"},
				"west": {"uv": [2.5, 8.5, 3, 9.5], "texture": "#0"},
				"up": {"uv": [8, 9.5, 7.5, 9], "texture": "#0"},
				"down": {"uv": [9.5, 7.5, 9, 8], "texture": "#0"}
			}
		},
		{
			"from": [4.8, 4.5, 9.6],
			"to": [4.9, 6, 10.2],
			"faces": {
				"north": {"uv": [3, 8.5, 3.5, 9.5], "texture": "#0"},
				"east": {"uv": [3.5, 8.5, 4, 9.5], "texture": "#0"},
				"south": {"uv": [4, 8.5, 4.5, 9.5], "texture": "#0"},
				"west": {"uv": [8.5, 4, 9, 5], "texture": "#0"},
				"up": {"uv": [8.5, 9.5, 8, 9], "texture": "#0"},
				"down": {"uv": [9.5, 8, 9, 8.5], "texture": "#0"}
			}
		},
		{
			"from": [4.8, 3.5, 6.9],
			"to": [4.9, 6, 7.5],
			"faces": {
				"north": {"uv": [6.5, 6, 7, 7.5], "texture": "#0"},
				"east": {"uv": [2.5, 7, 3, 8.5], "texture": "#0"},
				"south": {"uv": [3, 7, 3.5, 8.5], "texture": "#0"},
				"west": {"uv": [3.5, 7, 4, 8.5], "texture": "#0"},
				"up": {"uv": [9, 9.5, 8.5, 9], "texture": "#0"},
				"down": {"uv": [9.5, 8.5, 9, 9], "texture": "#0"}
			}
		},
		{
			"from": [4.8, 3.1, 3.2],
			"to": [4.9, 6, 3.8],
			"faces": {
				"north": {"uv": [4, 7, 4.5, 8.5], "texture": "#0"},
				"east": {"uv": [4.5, 7, 5, 8.5], "texture": "#0"},
				"south": {"uv": [7, 6, 7.5, 7.5], "texture": "#0"},
				"west": {"uv": [0, 7.5, 0.5, 9], "texture": "#0"},
				"up": {"uv": [9.5, 9.5, 9, 9], "texture": "#0"},
				"down": {"uv": [0.5, 9.5, 0, 10], "texture": "#0"}
			}
		},
		{
			"from": [4.8, 4.5, 2.6],
			"to": [4.9, 6, 3.2],
			"faces": {
				"north": {"uv": [4.5, 8.5, 5, 9.5], "texture": "#0"},
				"east": {"uv": [5, 8.5, 5.5, 9.5], "texture": "#0"},
				"south": {"uv": [8.5, 5, 9, 6], "texture": "#0"},
				"west": {"uv": [5.5, 8.5, 6, 9.5], "texture": "#0"},
				"up": {"uv": [1, 10, 0.5, 9.5], "texture": "#0"},
				"down": {"uv": [1.5, 9.5, 1, 10], "texture": "#0"}
			}
		},
		{
			"from": [4.8, 5.2, 0.7],
			"to": [4.9, 6, 1.3],
			"faces": {
				"north": {"uv": [1.5, 9.5, 2, 10], "texture": "#0"},
				"east": {"uv": [2, 9.5, 2.5, 10], "texture": "#0"},
				"south": {"uv": [2.5, 9.5, 3, 10], "texture": "#0"},
				"west": {"uv": [3, 9.5, 3.5, 10], "texture": "#0"},
				"up": {"uv": [4, 10, 3.5, 9.5], "texture": "#0"},
				"down": {"uv": [4.5, 9.5, 4, 10], "texture": "#0"}
			}
		},
		{
			"from": [-0.2, 9.2, -0.2],
			"to": [0.8, 10.2, 0.8],
			"faces": {
				"north": {"uv": [1, 2, 2, 3], "texture": "#1"},
				"east": {"uv": [2, 1, 3, 2], "texture": "#1"},
				"south": {"uv": [2, 2, 3, 3], "texture": "#1"},
				"west": {"uv": [0, 3, 1, 4], "texture": "#1"},
				"up": {"uv": [4, 1, 3, 0], "texture": "#1"},
				"down": {"uv": [2, 3, 1, 4], "texture": "#1"}
			}
		},
		{
			"from": [4.2, 9.2, -0.2],
			"to": [5.2, 10.2, 0.8],
			"faces": {
				"north": {"uv": [0, 0, 1, 1], "texture": "#1"},
				"east": {"uv": [0, 1, 1, 2], "texture": "#1"},
				"south": {"uv": [1, 0, 2, 1], "texture": "#1"},
				"west": {"uv": [1, 1, 2, 2], "texture": "#1"},
				"up": {"uv": [1, 3, 0, 2], "texture": "#1"},
				"down": {"uv": [3, 0, 2, 1], "texture": "#1"}
			}
		}
	],
	"display": {
		"head": {
			"scale": [1.87, 1.87, 1.87]
		}
	},
	"groups": [
		{
			"name": "1",
			"origin": [8, 8, 8],
			"color": 0,
			"children": [0, 1, 2, 3, 4, 5, 6, 7, 8, 9, 10, 11, 12, 13, 14]
		},
		{
			"name": "2",
			"origin": [8, 8, 8],
			"color": 0,
			"children": [15, 16]
		}
	]
}