{
	"credit": "Made with Blockbench",
	"texture_size": [64, 64],
	"textures": {
		"0": "rides/lots/seambody",
		"particle": "rides/lots/seambody"
	},
	"elements": [
		{
			"from": [2, 0, 0],
			"to": [14, 13, 16],
			"faces": {
				"north": {"uv": [0, 6.5, 3, 9.75], "texture": "#0"},
				"east": {"uv": [0, 0, 4, 3.25], "texture": "#0"},
				"south": {"uv": [7, 0, 10, 3.25], "texture": "#0"},
				"west": {"uv": [0, 3.25, 4, 6.5], "texture": "#0"},
				"up": {"uv": [7, 4, 4, 0], "texture": "#0"},
				"down": {"uv": [7, 4, 4, 8], "texture": "#0"}
			}
		}
	],
	"display": {
		"thirdperson_righthand": {
			"scale": [2.98, 2.98, 2.98]
		},
		"head": {
			"scale": [1.37, 1.37, 1.37]
		}
	},
	"groups": [
		{
			"name": "1",
			"origin": [8, 8, 8],
			"color": 0,
			"children": [0]
		}
	]
}