{
	"credit": "Made with Blockbench",
	"texture_size": [64, 64],
	"textures": {
		"0": "rides/mm/beugel_m_m",
		"particle": "rides/mm/beugel_m_m"
	},
	"elements": [
		{
			"from": [2.3, -7.4, 6.3],
			"to": [2.8, -6.8, 18.6],
			"rotation": {"angle": -45, "axis": "x", "origin": [10, 0.2, -0.7]},
			"faces": {
				"north": {"uv": [0, 4.25, 0.25, 4.5], "texture": "#0"},
				"east": {"uv": [1, 2, 4, 2.25], "texture": "#0"},
				"south": {"uv": [0.25, 4.25, 0.5, 4.5], "texture": "#0"},
				"west": {"uv": [1, 2.25, 4, 2.5], "texture": "#0"},
				"up": {"uv": [1.25, 5.5, 1, 2.5], "texture": "#0"},
				"down": {"uv": [1.5, 2.5, 1.25, 5.5], "texture": "#0"}
			}
		},
		{
			"from": [13.4, -7.4, 6.3],
			"to": [13.9, -6.8, 18.6],
			"rotation": {"angle": -45, "axis": "x", "origin": [21.1, 0.2, -0.7]},
			"faces": {
				"north": {"uv": [0, 4.5, 0.25, 4.75], "texture": "#0"},
				"east": {"uv": [1.5, 2.5, 4.5, 2.75], "texture": "#0"},
				"south": {"uv": [0.25, 4.5, 0.5, 4.75], "texture": "#0"},
				"west": {"uv": [1.5, 2.75, 4.5, 3], "texture": "#0"},
				"up": {"uv": [1.75, 6, 1.5, 3], "texture": "#0"},
				"down": {"uv": [2, 3, 1.75, 6], "texture": "#0"}
			}
		},
		{
			"name": "hexadecagon",
			"from": [2.1, 8.78065, 17.6],
			"to": [14.3, 9.01935, 18.8],
			"rotation": {"angle": -45, "axis": "x", "origin": [3, 8.9, 18.2]},
			"faces": {
				"north": {"uv": [2, 3.5, 5, 3.75], "texture": "#0"},
				"east": {"uv": [0, 4.75, 0.25, 5], "texture": "#0"},
				"south": {"uv": [2, 3.75, 5, 4], "texture": "#0"},
				"west": {"uv": [0.25, 4.75, 0.5, 5], "texture": "#0"},
				"up": {"uv": [6.75, 0.75, 3.75, 0.5], "texture": "#0"},
				"down": {"uv": [6.75, 0.75, 3.75, 1], "texture": "#0"}
			}
		},
		{
			"name": "hexadecagon",
			"from": [2.1, 8.78065, 17.6],
			"to": [14.3, 9.01935, 18.8],
			"rotation": {"angle": -22.5, "axis": "x", "origin": [3, 8.9, 18.2]},
			"faces": {
				"north": {"uv": [4, 1.75, 7, 2], "texture": "#0"},
				"east": {"uv": [0, 5, 0.25, 5.25], "texture": "#0"},
				"south": {"uv": [4, 2, 7, 2.25], "texture": "#0"},
				"west": {"uv": [0.25, 5, 0.5, 5.25], "texture": "#0"},
				"up": {"uv": [7, 2.5, 4, 2.25], "texture": "#0"},
				"down": {"uv": [5, 4.25, 2, 4.5], "texture": "#0"}
			}
		},
		{
			"name": "hexadecagon",
			"from": [2.1, 8.78065, 17.6],
			"to": [14.3, 9.01935, 18.8],
			"rotation": {"angle": 0, "axis": "y", "origin": [3, 8.9, 18.2]},
			"faces": {
				"north": {"uv": [2, 5, 5, 5.25], "texture": "#0"},
				"east": {"uv": [0, 5.25, 0.25, 5.5], "texture": "#0"},
				"south": {"uv": [5, 5, 8, 5.25], "texture": "#0"},
				"west": {"uv": [0.25, 5.25, 0.5, 5.5], "texture": "#0"},
				"up": {"uv": [8, 3.25, 5, 3], "texture": "#0"},
				"down": {"uv": [8, 3.25, 5, 3.5], "texture": "#0"}
			}
		},
		{
			"name": "hexadecagon",
			"from": [2.1, 8.78065, 17.6],
			"to": [14.3, 9.01935, 18.8],
			"rotation": {"angle": 22.5, "axis": "x", "origin": [3, 8.9, 18.2]},
			"faces": {
				"north": {"uv": [5, 4.5, 8, 4.75], "texture": "#0"},
				"east": {"uv": [0, 5.5, 0.25, 5.75], "texture": "#0"},
				"south": {"uv": [5, 4.75, 8, 5], "texture": "#0"},
				"west": {"uv": [0.25, 5.5, 0.5, 5.75], "texture": "#0"},
				"up": {"uv": [5, 5.5, 2, 5.25], "texture": "#0"},
				"down": {"uv": [8, 5.25, 5, 5.5], "texture": "#0"}
			}
		},
		{
			"name": "hexadecagon",
			"from": [2.1, 8.78065, 17.6],
			"to": [14.3, 9.01935, 18.8],
			"rotation": {"angle": 45, "axis": "x", "origin": [3, 8.9, 18.2]},
			"faces": {
				"north": {"uv": [0, 6, 3, 6.25], "texture": "#0"},
				"east": {"uv": [1, 5.5, 1.25, 5.75], "texture": "#0"},
				"south": {"uv": [3, 6, 6, 6.25], "texture": "#0"},
				"west": {"uv": [1.25, 5.5, 1.5, 5.75], "texture": "#0"},
				"up": {"uv": [9, 6.25, 6, 6], "texture": "#0"},
				"down": {"uv": [3, 6.25, 0, 6.5], "texture": "#0"}
			}
		},
		{
			"name": "hexadecagon",
			"from": [2.1, 8.3, 18.08065],
			"to": [14.3, 9.5, 18.31935],
			"rotation": {"angle": -22.5, "axis": "x", "origin": [3, 8.9, 18.2]},
			"faces": {
				"north": {"uv": [0, 6.5, 3, 6.75], "texture": "#0"},
				"east": {"uv": [0.5, 5.75, 0.75, 6], "texture": "#0"},
				"south": {"uv": [3, 6.5, 6, 6.75], "texture": "#0"},
				"west": {"uv": [0.75, 5.75, 1, 6], "texture": "#0"},
				"up": {"uv": [9, 6.75, 6, 6.5], "texture": "#0"},
				"down": {"uv": [3, 6.75, 0, 7], "texture": "#0"}
			}
		},
		{
			"name": "hexadecagon",
			"from": [2.1, 8.3, 18.08065],
			"to": [14.3, 9.5, 18.31935],
			"rotation": {"angle": 0, "axis": "y", "origin": [3, 8.9, 18.2]},
			"faces": {
				"north": {"uv": [0, 7, 3, 7.25], "texture": "#0"},
				"east": {"uv": [7, 2.25, 7.25, 2.5], "texture": "#0"},
				"south": {"uv": [3, 7, 6, 7.25], "texture": "#0"},
				"west": {"uv": [0, 7.25, 0.25, 7.5], "texture": "#0"},
				"up": {"uv": [9, 7.25, 6, 7], "texture": "#0"},
				"down": {"uv": [10, 1, 7, 1.25], "texture": "#0"}
			}
		},
		{
			"name": "hexadecagon",
			"from": [2.1, 8.3, 18.08065],
			"to": [14.3, 9.5, 18.31935],
			"rotation": {"angle": 22.5, "axis": "x", "origin": [3, 8.9, 18.2]},
			"faces": {
				"north": {"uv": [1, 1, 4, 1.25], "texture": "#0"},
				"east": {"uv": [0, 4, 0.25, 4.25], "texture": "#0"},
				"south": {"uv": [1, 1.25, 4, 1.5], "texture": "#0"},
				"west": {"uv": [0.25, 4, 0.5, 4.25], "texture": "#0"},
				"up": {"uv": [4, 1.75, 1, 1.5], "texture": "#0"},
				"down": {"uv": [4, 1.75, 1, 2], "texture": "#0"}
			}
		}
	],
	"display": {
		"thirdperson_righthand": {
			"rotation": [68, 0, 0],
			"translation": [-13, 0, -2.5],
			"scale": [2.06, 1.53, 1.61]
		},
		"head": {
			"scale": [2.19, 2.19, 2.19]
		}
	},
	"groups": [0, 1,
		{
			"name": "hexadecagon",
			"origin": [8, 8, 8],
			"children": [2, 3, 4, 5, 6, 7, 8, 9]
		}
	]
}