{
	"credit": "Made with Blockbench",
	"texture_size": [64, 64],
	"textures": {
		"0": "rides/goofy/detail",
		"1": "rides/goofy/base",
		"particle": "rides/goofy/detail"
	},
	"elements": [
		{
			"from": [3, 2, 0],
			"to": [13, 3, 16],
			"faces": {
				"north": {"uv": [9, 5, 11.5, 5.25], "texture": "#1"},
				"east": {"uv": [5, 8.75, 9, 9], "texture": "#1"},
				"south": {"uv": [9, 5.25, 11.5, 5.5], "texture": "#1"},
				"west": {"uv": [5, 9, 9, 9.25], "texture": "#1"},
				"up": {"uv": [2.5, 4, 0, 0], "texture": "#1"},
				"down": {"uv": [5, 0, 2.5, 4], "texture": "#1"}
			}
		},
		{
			"from": [1.8156, 3.65884, 0],
			"to": [2.8156, 5.65884, 16],
			"rotation": {"angle": 22.5, "axis": "z", "origin": [2.3156, 2.95884, 0]},
			"faces": {
				"north": {"uv": [10.75, 6.25, 11, 6.75], "texture": "#1"},
				"east": {"uv": [5, 5, 9, 5.5], "texture": "#1"},
				"south": {"uv": [11, 7, 11.25, 7.5], "texture": "#1"},
				"west": {"uv": [0, 5.25, 4, 5.75], "texture": "#1"},
				"up": {"uv": [9.25, 12.75, 9, 8.75], "texture": "#1"},
				"down": {"uv": [0.25, 9.25, 0, 13.25], "texture": "#1"}
			}
		},
		{
			"from": [13.1844, 3.65884, 0],
			"to": [14.1844, 5.65884, 16],
			"rotation": {"angle": -22.5, "axis": "z", "origin": [13.6844, 2.95884, 16]},
			"faces": {
				"north": {"uv": [11, 8.25, 11.25, 8.75], "texture": "#1"},
				"east": {"uv": [4, 5.5, 8, 6], "texture": "#1"},
				"south": {"uv": [11.25, 4.5, 11.5, 5], "texture": "#1"},
				"west": {"uv": [0, 5.75, 4, 6.25], "texture": "#1"},
				"up": {"uv": [0.5, 13.25, 0.25, 9.25], "texture": "#1"},
				"down": {"uv": [0.75, 9.25, 0.5, 13.25], "texture": "#1"}
			}
		},
		{
			"from": [3.81299, -0.56274, 0],
			"to": [4.81299, 1.43726, 16],
			"rotation": {"angle": 45, "axis": "z", "origin": [0.31299, -0.26274, 0]},
			"faces": {
				"north": {"uv": [11.25, 7, 11.5, 7.5], "texture": "#1"},
				"east": {"uv": [4, 6, 8, 6.5], "texture": "#1"},
				"south": {"uv": [7.5, 11.25, 7.75, 11.75], "texture": "#1"},
				"west": {"uv": [0, 6.25, 4, 6.75], "texture": "#1"},
				"up": {"uv": [1, 13.25, 0.75, 9.25], "texture": "#1"},
				"down": {"uv": [1.25, 9.25, 1, 13.25], "texture": "#1"}
			}
		},
		{
			"from": [11.18701, -0.56274, 0],
			"to": [12.18701, 1.43726, 16],
			"rotation": {"angle": -45, "axis": "z", "origin": [15.68701, -0.26274, 16]},
			"faces": {
				"north": {"uv": [7.75, 11.25, 8, 11.75], "texture": "#1"},
				"east": {"uv": [4, 6.5, 8, 7], "texture": "#1"},
				"south": {"uv": [8, 11.25, 8.25, 11.75], "texture": "#1"},
				"west": {"uv": [0, 6.75, 4, 7.25], "texture": "#1"},
				"up": {"uv": [1.5, 13.25, 1.25, 9.25], "texture": "#1"},
				"down": {"uv": [1.75, 9.25, 1.5, 13.25], "texture": "#1"}
			}
		},
		{
			"from": [0.82042, 5.26197, 0],
			"to": [1.82042, 7.26197, 16],
			"rotation": {"angle": 0, "axis": "z", "origin": [-0.67958, 0.56197, 0]},
			"faces": {
				"north": {"uv": [8.25, 11.25, 8.5, 11.75], "texture": "#1"},
				"east": {"uv": [4, 7, 8, 7.5], "texture": "#1"},
				"south": {"uv": [11.25, 8.25, 11.5, 8.75], "texture": "#1"},
				"west": {"uv": [0, 7.25, 4, 7.75], "texture": "#1"},
				"up": {"uv": [2, 13.25, 1.75, 9.25], "texture": "#1"},
				"down": {"uv": [2.25, 9.25, 2, 13.25], "texture": "#1"}
			}
		},
		{
			"from": [14.17958, 5.26197, 0],
			"to": [15.17958, 7.26197, 16],
			"rotation": {"angle": 0, "axis": "z", "origin": [16.67958, 0.56197, 16]},
			"faces": {
				"north": {"uv": [8.5, 11.25, 8.75, 11.75], "texture": "#1"},
				"east": {"uv": [7.5, 0, 11.5, 0.5], "texture": "#1"},
				"south": {"uv": [8.75, 11.25, 9, 11.75], "texture": "#1"},
				"west": {"uv": [7.5, 0.5, 11.5, 1], "texture": "#1"},
				"up": {"uv": [2.5, 13.25, 2.25, 9.25], "texture": "#1"},
				"down": {"uv": [2.75, 9.25, 2.5, 13.25], "texture": "#1"}
			}
		},
		{
			"from": [-0.86401, 8.19376, 0],
			"to": [0.13599, 10.19376, 16],
			"rotation": {"angle": -22.5, "axis": "z", "origin": [-2.36401, 3.49376, 0]},
			"faces": {
				"north": {"uv": [9.25, 11.25, 9.5, 11.75], "texture": "#1"},
				"east": {"uv": [7.5, 1, 11.5, 1.5], "texture": "#1"},
				"south": {"uv": [9.5, 11.25, 9.75, 11.75], "texture": "#1"},
				"west": {"uv": [7.5, 1.5, 11.5, 2], "texture": "#1"},
				"up": {"uv": [3, 13.25, 2.75, 9.25], "texture": "#1"},
				"down": {"uv": [3.25, 9.25, 3, 13.25], "texture": "#1"}
			}
		},
		{
			"from": [15.86401, 8.19376, 0],
			"to": [16.86401, 10.19376, 16],
			"rotation": {"angle": 22.5, "axis": "z", "origin": [18.36401, 3.49376, 16]},
			"faces": {
				"north": {"uv": [9.75, 11.25, 10, 11.75], "texture": "#1"},
				"east": {"uv": [7.5, 2, 11.5, 2.5], "texture": "#1"},
				"south": {"uv": [10, 11.25, 10.25, 11.75], "texture": "#1"},
				"west": {"uv": [7.5, 2.5, 11.5, 3], "texture": "#1"},
				"up": {"uv": [3.5, 13.25, 3.25, 9.25], "texture": "#1"},
				"down": {"uv": [3.75, 9.25, 3.5, 13.25], "texture": "#1"}
			}
		},
		{
			"from": [3, 3, 7.7],
			"to": [13, 8, 8.7],
			"faces": {
				"north": {"uv": [0, 4, 2.5, 5.25], "texture": "#1"},
				"east": {"uv": [8.75, 9.25, 9, 10.5], "texture": "#1"},
				"south": {"uv": [2.5, 4, 5, 5.25], "texture": "#1"},
				"west": {"uv": [10, 3, 10.25, 4.25], "texture": "#1"},
				"up": {"uv": [11.5, 7.75, 9, 7.5], "texture": "#1"},
				"down": {"uv": [11.5, 7.75, 9, 8], "texture": "#1"}
			}
		},
		{
			"from": [3, 3, 5.7],
			"to": [13, 5, 7.7],
			"faces": {
				"north": {"uv": [7.5, 4.5, 10, 5], "texture": "#1"},
				"east": {"uv": [2.5, 7.75, 3, 8.25], "texture": "#1"},
				"south": {"uv": [0, 7.75, 2.5, 8.25], "texture": "#1"},
				"west": {"uv": [3, 7.75, 3.5, 8.25], "texture": "#1"},
				"up": {"uv": [10.5, 6, 8, 5.5], "texture": "#1"},
				"down": {"uv": [10.5, 6, 8, 6.5], "texture": "#1"}
			}
		},
		{
			"from": [3, 5, 6.1],
			"to": [13, 5.1, 7.7],
			"faces": {
				"north": {"uv": [9, 8, 11.5, 8.25], "texture": "#1"},
				"east": {"uv": [4, 5.25, 4.5, 5.5], "texture": "#1"},
				"south": {"uv": [3.75, 9.25, 6.25, 9.5], "texture": "#1"},
				"west": {"uv": [4.5, 5.25, 5, 5.5], "texture": "#1"},
				"up": {"uv": [10.5, 7, 8, 6.5], "texture": "#1"},
				"down": {"uv": [10.5, 7, 8, 7.5], "texture": "#1"}
			}
		},
		{
			"from": [3, 5, 13.4],
			"to": [13, 5.1, 15],
			"faces": {
				"north": {"uv": [6.25, 9.25, 8.75, 9.5], "texture": "#1"},
				"east": {"uv": [10, 4.75, 10.5, 5], "texture": "#1"},
				"south": {"uv": [9.25, 8.75, 11.75, 9], "texture": "#1"},
				"west": {"uv": [10.5, 4.75, 11, 5], "texture": "#1"},
				"up": {"uv": [2.5, 8.75, 0, 8.25], "texture": "#1"},
				"down": {"uv": [5, 8.25, 2.5, 8.75], "texture": "#1"}
			}
		},
		{
			"from": [3, 5.1, 7.6],
			"to": [13, 7.8, 7.7],
			"faces": {
				"north": {"uv": [7.5, 3, 10, 3.75], "texture": "#1"},
				"east": {"uv": [8.75, 10.5, 9, 11.25], "texture": "#1"},
				"south": {"uv": [7.5, 3.75, 10, 4.5], "texture": "#1"},
				"west": {"uv": [10.75, 5.5, 11, 6.25], "texture": "#1"},
				"up": {"uv": [11.75, 9.25, 9.25, 9], "texture": "#1"},
				"down": {"uv": [11.75, 9.25, 9.25, 9.5], "texture": "#1"}
			}
		},
		{
			"from": [3, 5.1, 14.9],
			"to": [13, 7.8, 15],
			"faces": {
				"north": {"uv": [4, 7.5, 6.5, 8.25], "texture": "#1"},
				"east": {"uv": [11, 4, 11.25, 4.75], "texture": "#1"},
				"south": {"uv": [6.5, 7.5, 9, 8.25], "texture": "#1"},
				"west": {"uv": [11, 5.5, 11.25, 6.25], "texture": "#1"},
				"up": {"uv": [6.25, 9.75, 3.75, 9.5], "texture": "#1"},
				"down": {"uv": [8.75, 9.5, 6.25, 9.75], "texture": "#1"}
			}
		},
		{
			"from": [3, 3, 13],
			"to": [13, 5, 15],
			"faces": {
				"north": {"uv": [5, 8.25, 7.5, 8.75], "texture": "#1"},
				"east": {"uv": [3.5, 7.75, 4, 8.25], "texture": "#1"},
				"south": {"uv": [7.5, 8.25, 10, 8.75], "texture": "#1"},
				"west": {"uv": [10, 4.25, 10.5, 4.75], "texture": "#1"},
				"up": {"uv": [2.5, 9.25, 0, 8.75], "texture": "#1"},
				"down": {"uv": [5, 8.75, 2.5, 9.25], "texture": "#1"}
			}
		},
		{
			"from": [3, 3, 15],
			"to": [13, 8, 16],
			"faces": {
				"north": {"uv": [5, 0, 7.5, 1.25], "texture": "#1"},
				"east": {"uv": [3.75, 10, 4, 11.25], "texture": "#1"},
				"south": {"uv": [5, 1.25, 7.5, 2.5], "texture": "#1"},
				"west": {"uv": [4, 10, 4.25, 11.25], "texture": "#1"},
				"up": {"uv": [11.75, 9.75, 9.25, 9.5], "texture": "#1"},
				"down": {"uv": [6.25, 9.75, 3.75, 10], "texture": "#1"}
			}
		},
		{
			"from": [3, 3, 0],
			"to": [13, 8, 1],
			"rotation": {"angle": 0, "axis": "y", "origin": [0, 0, -15]},
			"faces": {
				"north": {"uv": [5, 2.5, 7.5, 3.75], "texture": "#1"},
				"east": {"uv": [4.25, 10, 4.5, 11.25], "texture": "#1"},
				"south": {"uv": [5, 3.75, 7.5, 5], "texture": "#1"},
				"west": {"uv": [4.5, 10, 4.75, 11.25], "texture": "#1"},
				"up": {"uv": [8.75, 10, 6.25, 9.75], "texture": "#1"},
				"down": {"uv": [11.75, 9.75, 9.25, 10], "texture": "#1"}
			}
		},
		{
			"from": [13, 3.3, 7.7],
			"to": [14.2, 8, 8.7],
			"faces": {
				"north": {"uv": [4.75, 10, 5, 11.25], "texture": "#1"},
				"east": {"uv": [5, 10, 5.25, 11.25], "texture": "#1"},
				"south": {"uv": [5.25, 10, 5.5, 11.25], "texture": "#1"},
				"west": {"uv": [5.5, 10, 5.75, 11.25], "texture": "#1"},
				"up": {"uv": [10.75, 7.5, 10.5, 7.25], "texture": "#1"},
				"down": {"uv": [11, 4, 10.75, 4.25], "texture": "#1"}
			}
		},
		{
			"from": [13, 3.3, 5.7],
			"to": [14.2, 5, 7.7],
			"faces": {
				"north": {"uv": [11.25, 10, 11.5, 10.5], "texture": "#1"},
				"east": {"uv": [10, 8.25, 10.5, 8.75], "texture": "#1"},
				"south": {"uv": [10.25, 11.25, 10.5, 11.75], "texture": "#1"},
				"west": {"uv": [10.5, 4.25, 11, 4.75], "texture": "#1"},
				"up": {"uv": [11.5, 11, 11.25, 10.5], "texture": "#1"},
				"down": {"uv": [11.5, 11, 11.25, 11.5], "texture": "#1"}
			}
		},
		{
			"from": [13, 3.3, 13],
			"to": [14.2, 5, 15],
			"faces": {
				"north": {"uv": [11.5, 0, 11.75, 0.5], "texture": "#1"},
				"east": {"uv": [10.5, 6.75, 11, 7.25], "texture": "#1"},
				"south": {"uv": [11.5, 0.5, 11.75, 1], "texture": "#1"},
				"west": {"uv": [10.5, 8.25, 11, 8.75], "texture": "#1"},
				"up": {"uv": [11.75, 1.5, 11.5, 1], "texture": "#1"},
				"down": {"uv": [11.75, 1.5, 11.5, 2], "texture": "#1"}
			}
		},
		{
			"from": [13, 3.3, 15],
			"to": [14.2, 8, 16],
			"faces": {
				"north": {"uv": [5.75, 10, 6, 11.25], "texture": "#1"},
				"east": {"uv": [6, 10, 6.25, 11.25], "texture": "#1"},
				"south": {"uv": [6.25, 10, 6.5, 11.25], "texture": "#1"},
				"west": {"uv": [6.5, 10, 6.75, 11.25], "texture": "#1"},
				"up": {"uv": [11, 7.5, 10.75, 7.25], "texture": "#1"},
				"down": {"uv": [11.25, 4.75, 11, 5], "texture": "#1"}
			}
		},
		{
			"from": [13, 3.3, 0],
			"to": [14.2, 8, 1],
			"rotation": {"angle": 0, "axis": "y", "origin": [0, 0, -15]},
			"faces": {
				"north": {"uv": [6.75, 10, 7, 11.25], "texture": "#1"},
				"east": {"uv": [7, 10, 7.25, 11.25], "texture": "#1"},
				"south": {"uv": [7.25, 10, 7.5, 11.25], "texture": "#1"},
				"west": {"uv": [7.5, 10, 7.75, 11.25], "texture": "#1"},
				"up": {"uv": [11.75, 8.75, 11.5, 8.5], "texture": "#1"},
				"down": {"uv": [12, 6.5, 11.75, 6.75], "texture": "#1"}
			}
		},
		{
			"from": [1.8, 3.3, 7.7],
			"to": [3, 8, 8.7],
			"faces": {
				"north": {"uv": [7.75, 10, 8, 11.25], "texture": "#1"},
				"east": {"uv": [8, 10, 8.25, 11.25], "texture": "#1"},
				"south": {"uv": [8.25, 10, 8.5, 11.25], "texture": "#1"},
				"west": {"uv": [8.5, 10, 8.75, 11.25], "texture": "#1"},
				"up": {"uv": [12, 7, 11.75, 6.75], "texture": "#1"},
				"down": {"uv": [12, 7, 11.75, 7.25], "texture": "#1"}
			}
		},
		{
			"from": [1.8, 3.3, 5.7],
			"to": [3, 5, 7.7],
			"faces": {
				"north": {"uv": [11.5, 2, 11.75, 2.5], "texture": "#1"},
				"east": {"uv": [10.5, 10, 11, 10.5], "texture": "#1"},
				"south": {"uv": [11.5, 2.5, 11.75, 3], "texture": "#1"},
				"west": {"uv": [10.5, 10.5, 11, 11], "texture": "#1"},
				"up": {"uv": [11.75, 3.5, 11.5, 3], "texture": "#1"},
				"down": {"uv": [11.75, 3.5, 11.5, 4], "texture": "#1"}
			}
		},
		{
			"from": [1.8, 3.3, 13],
			"to": [3, 5, 15],
			"faces": {
				"north": {"uv": [11.5, 4, 11.75, 4.5], "texture": "#1"},
				"east": {"uv": [10.75, 3, 11.25, 3.5], "texture": "#1"},
				"south": {"uv": [11.5, 4.5, 11.75, 5], "texture": "#1"},
				"west": {"uv": [10.75, 3.5, 11.25, 4], "texture": "#1"},
				"up": {"uv": [11.75, 5.5, 11.5, 5], "texture": "#1"},
				"down": {"uv": [11.75, 5.5, 11.5, 6], "texture": "#1"}
			}
		},
		{
			"from": [1.8, 3.3, 15],
			"to": [3, 8, 16],
			"faces": {
				"north": {"uv": [9.25, 10, 9.5, 11.25], "texture": "#1"},
				"east": {"uv": [9.5, 10, 9.75, 11.25], "texture": "#1"},
				"south": {"uv": [9.75, 10, 10, 11.25], "texture": "#1"},
				"west": {"uv": [10, 10, 10.25, 11.25], "texture": "#1"},
				"up": {"uv": [12, 7.5, 11.75, 7.25], "texture": "#1"},
				"down": {"uv": [7.75, 11.75, 7.5, 12], "texture": "#1"}
			}
		},
		{
			"from": [1.8, 3.3, 0],
			"to": [3, 8, 1],
			"rotation": {"angle": 0, "axis": "y", "origin": [0, 0, -15]},
			"faces": {
				"north": {"uv": [10.25, 3, 10.5, 4.25], "texture": "#1"},
				"east": {"uv": [10.25, 10, 10.5, 11.25], "texture": "#1"},
				"south": {"uv": [10.5, 3, 10.75, 4.25], "texture": "#1"},
				"west": {"uv": [10.5, 5.5, 10.75, 6.75], "texture": "#1"},
				"up": {"uv": [12, 7.75, 11.75, 7.5], "texture": "#1"},
				"down": {"uv": [8, 11.75, 7.75, 12], "texture": "#1"}
			}
		},
		{
			"from": [2.8, 8, 8],
			"to": [3, 10.5, 8.1],
			"faces": {
				"north": {"uv": [11.5, 6, 11.75, 6.5], "texture": "#1"},
				"east": {"uv": [11.5, 6.5, 11.75, 7], "texture": "#1"},
				"south": {"uv": [11.5, 7, 11.75, 7.5], "texture": "#1"},
				"west": {"uv": [11.5, 7.5, 11.75, 8], "texture": "#1"},
				"up": {"uv": [12, 8, 11.75, 7.75], "texture": "#1"},
				"down": {"uv": [8.25, 11.75, 8, 12], "texture": "#1"}
			}
		},
		{
			"from": [2.8, 8, 15.3],
			"to": [3, 10.5, 15.4],
			"faces": {
				"north": {"uv": [11.5, 8, 11.75, 8.5], "texture": "#1"},
				"east": {"uv": [11.5, 10, 11.75, 10.5], "texture": "#1"},
				"south": {"uv": [11.5, 10.5, 11.75, 11], "texture": "#1"},
				"west": {"uv": [11, 11.5, 11.25, 12], "texture": "#1"},
				"up": {"uv": [12, 8.25, 11.75, 8], "texture": "#1"},
				"down": {"uv": [8.5, 11.75, 8.25, 12], "texture": "#1"}
			}
		},
		{
			"from": [2.8, 8, 0.3],
			"to": [3, 10.5, 0.4],
			"rotation": {"angle": 0, "axis": "y", "origin": [0, 0, -15]},
			"faces": {
				"north": {"uv": [11.5, 11, 11.75, 11.5], "texture": "#1"},
				"east": {"uv": [11.25, 11.5, 11.5, 12], "texture": "#1"},
				"south": {"uv": [11.5, 11.5, 11.75, 12], "texture": "#1"},
				"west": {"uv": [11.75, 0, 12, 0.5], "texture": "#1"},
				"up": {"uv": [12, 8.5, 11.75, 8.25], "texture": "#1"},
				"down": {"uv": [8.75, 11.75, 8.5, 12], "texture": "#1"}
			}
		},
		{
			"from": [13, 8, 8],
			"to": [13.2, 10.5, 8.1],
			"rotation": {"angle": 0, "axis": "y", "origin": [16, 0, 0]},
			"faces": {
				"north": {"uv": [11.75, 0.5, 12, 1], "texture": "#1"},
				"east": {"uv": [11.75, 1, 12, 1.5], "texture": "#1"},
				"south": {"uv": [11.75, 1.5, 12, 2], "texture": "#1"},
				"west": {"uv": [11.75, 2, 12, 2.5], "texture": "#1"},
				"up": {"uv": [12, 8.75, 11.75, 8.5], "texture": "#1"},
				"down": {"uv": [9, 11.75, 8.75, 12], "texture": "#1"}
			}
		},
		{
			"from": [13, 8, 15.3],
			"to": [13.2, 10.5, 15.4],
			"rotation": {"angle": 0, "axis": "y", "origin": [16, 0, 0]},
			"faces": {
				"north": {"uv": [11.75, 2.5, 12, 3], "texture": "#1"},
				"east": {"uv": [11.75, 3, 12, 3.5], "texture": "#1"},
				"south": {"uv": [11.75, 3.5, 12, 4], "texture": "#1"},
				"west": {"uv": [11.75, 4, 12, 4.5], "texture": "#1"},
				"up": {"uv": [12, 9, 11.75, 8.75], "texture": "#1"},
				"down": {"uv": [12, 9, 11.75, 9.25], "texture": "#1"}
			}
		},
		{
			"from": [13, 8, 0.3],
			"to": [13.2, 10.5, 0.4],
			"rotation": {"angle": 0, "axis": "y", "origin": [16, 0, -15]},
			"faces": {
				"north": {"uv": [11.75, 4.5, 12, 5], "texture": "#1"},
				"east": {"uv": [11.75, 5, 12, 5.5], "texture": "#1"},
				"south": {"uv": [11.75, 5.5, 12, 6], "texture": "#1"},
				"west": {"uv": [11.75, 6, 12, 6.5], "texture": "#1"},
				"up": {"uv": [9.5, 12, 9.25, 11.75], "texture": "#1"},
				"down": {"uv": [12, 9.25, 11.75, 9.5], "texture": "#1"}
			}
		},
		{
			"from": [4.8, 8, 8],
			"to": [5, 11.2, 8.1],
			"faces": {
				"north": {"uv": [11, 6.25, 11.25, 7], "texture": "#1"},
				"east": {"uv": [11, 10, 11.25, 10.75], "texture": "#1"},
				"south": {"uv": [10.5, 11, 10.75, 11.75], "texture": "#1"},
				"west": {"uv": [10.75, 11, 11, 11.75], "texture": "#1"},
				"up": {"uv": [9.75, 12, 9.5, 11.75], "texture": "#1"},
				"down": {"uv": [12, 9.5, 11.75, 9.75], "texture": "#1"}
			}
		},
		{
			"from": [4.8, 8, 15.3],
			"to": [5, 11.2, 15.4],
			"faces": {
				"north": {"uv": [11, 10.75, 11.25, 11.5], "texture": "#1"},
				"east": {"uv": [11.25, 3, 11.5, 3.75], "texture": "#1"},
				"south": {"uv": [3.75, 11.25, 4, 12], "texture": "#1"},
				"west": {"uv": [11.25, 3.75, 11.5, 4.5], "texture": "#1"},
				"up": {"uv": [10, 12, 9.75, 11.75], "texture": "#1"},
				"down": {"uv": [12, 9.75, 11.75, 10], "texture": "#1"}
			}
		},
		{
			"from": [4.8, 8, 0.3],
			"to": [5, 11.2, 0.4],
			"rotation": {"angle": 0, "axis": "y", "origin": [0, 0, -15]},
			"faces": {
				"north": {"uv": [4, 11.25, 4.25, 12], "texture": "#1"},
				"east": {"uv": [4.25, 11.25, 4.5, 12], "texture": "#1"},
				"south": {"uv": [4.5, 11.25, 4.75, 12], "texture": "#1"},
				"west": {"uv": [4.75, 11.25, 5, 12], "texture": "#1"},
				"up": {"uv": [10.25, 12, 10, 11.75], "texture": "#1"},
				"down": {"uv": [12, 10, 11.75, 10.25], "texture": "#1"}
			}
		},
		{
			"from": [11, 8, 8],
			"to": [11.2, 11.2, 8.1],
			"rotation": {"angle": 0, "axis": "y", "origin": [16, 0, 0]},
			"faces": {
				"north": {"uv": [5, 11.25, 5.25, 12], "texture": "#1"},
				"east": {"uv": [5.25, 11.25, 5.5, 12], "texture": "#1"},
				"south": {"uv": [5.5, 11.25, 5.75, 12], "texture": "#1"},
				"west": {"uv": [11.25, 5.5, 11.5, 6.25], "texture": "#1"},
				"up": {"uv": [10.5, 12, 10.25, 11.75], "texture": "#1"},
				"down": {"uv": [12, 10.25, 11.75, 10.5], "texture": "#1"}
			}
		},
		{
			"from": [11, 8, 15.3],
			"to": [11.2, 11.2, 15.4],
			"rotation": {"angle": 0, "axis": "y", "origin": [16, 0, 0]},
			"faces": {
				"north": {"uv": [5.75, 11.25, 6, 12], "texture": "#1"},
				"east": {"uv": [6, 11.25, 6.25, 12], "texture": "#1"},
				"south": {"uv": [6.25, 11.25, 6.5, 12], "texture": "#1"},
				"west": {"uv": [11.25, 6.25, 11.5, 7], "texture": "#1"},
				"up": {"uv": [10.75, 12, 10.5, 11.75], "texture": "#1"},
				"down": {"uv": [12, 10.5, 11.75, 10.75], "texture": "#1"}
			}
		},
		{
			"from": [11, 8, 0.3],
			"to": [11.2, 11.2, 0.4],
			"rotation": {"angle": 0, "axis": "y", "origin": [16, 0, -15]},
			"faces": {
				"north": {"uv": [6.5, 11.25, 6.75, 12], "texture": "#1"},
				"east": {"uv": [6.75, 11.25, 7, 12], "texture": "#1"},
				"south": {"uv": [7, 11.25, 7.25, 12], "texture": "#1"},
				"west": {"uv": [7.25, 11.25, 7.5, 12], "texture": "#1"},
				"up": {"uv": [11, 12, 10.75, 11.75], "texture": "#1"},
				"down": {"uv": [12, 10.75, 11.75, 11], "texture": "#1"}
			}
		},
		{
			"from": [3.3, -0.7, 7.8],
			"to": [3.7, 1.3, 8.2],
			"rotation": {"angle": 45, "axis": "z", "origin": [0, 0, 7.5]},
			"faces": {
				"north": {"uv": [0, 6, 0.5, 7], "texture": "#0"},
				"east": {"uv": [0.5, 6, 1, 7], "texture": "#0"},
				"south": {"uv": [1, 6, 1.5, 7], "texture": "#0"},
				"west": {"uv": [1.5, 6, 2, 7], "texture": "#0"},
				"up": {"uv": [5.5, 11, 5, 10.5], "texture": "#0"},
				"down": {"uv": [6, 10.5, 5.5, 11], "texture": "#0"}
			}
		},
		{
			"from": [3.3, -0.7, 15.2],
			"to": [3.7, 1.3, 15.6],
			"rotation": {"angle": 45, "axis": "z", "origin": [0, 0, 14.9]},
			"faces": {
				"north": {"uv": [2, 6, 2.5, 7], "texture": "#0"},
				"east": {"uv": [2.5, 6, 3, 7], "texture": "#0"},
				"south": {"uv": [3, 6, 3.5, 7], "texture": "#0"},
				"west": {"uv": [3.5, 6, 4, 7], "texture": "#0"},
				"up": {"uv": [6.5, 11, 6, 10.5], "texture": "#0"},
				"down": {"uv": [7, 10.5, 6.5, 11], "texture": "#0"}
			}
		},
		{
			"from": [3.3, -0.7, 0.2],
			"to": [3.7, 1.3, 0.6],
			"rotation": {"angle": 45, "axis": "z", "origin": [0, 0, -0.1]},
			"faces": {
				"north": {"uv": [4, 6, 4.5, 7], "texture": "#0"},
				"east": {"uv": [4.5, 6, 5, 7], "texture": "#0"},
				"south": {"uv": [5, 6, 5.5, 7], "texture": "#0"},
				"west": {"uv": [5.5, 6, 6, 7], "texture": "#0"},
				"up": {"uv": [7.5, 11, 7, 10.5], "texture": "#0"},
				"down": {"uv": [8, 10.5, 7.5, 11], "texture": "#0"}
			}
		},
		{
			"from": [12.3, -0.7, 7.8],
			"to": [12.7, 1.3, 8.2],
			"rotation": {"angle": -45, "axis": "z", "origin": [16, 0, 7.5]},
			"faces": {
				"north": {"uv": [6, 5.5, 6.5, 6.5], "texture": "#0"},
				"east": {"uv": [6.5, 5.5, 7, 6.5], "texture": "#0"},
				"south": {"uv": [6, 6.5, 6.5, 7.5], "texture": "#0"},
				"west": {"uv": [6.5, 6.5, 7, 7.5], "texture": "#0"},
				"up": {"uv": [8.5, 11, 8, 10.5], "texture": "#0"},
				"down": {"uv": [9, 10.5, 8.5, 11], "texture": "#0"}
			}
		},
		{
			"from": [12.3, -0.7, 15.2],
			"to": [12.7, 1.3, 15.6],
			"rotation": {"angle": -45, "axis": "z", "origin": [16, 0, 14.9]},
			"faces": {
				"north": {"uv": [0, 7, 0.5, 8], "texture": "#0"},
				"east": {"uv": [0.5, 7, 1, 8], "texture": "#0"},
				"south": {"uv": [1, 7, 1.5, 8], "texture": "#0"},
				"west": {"uv": [1.5, 7, 2, 8], "texture": "#0"},
				"up": {"uv": [9.5, 11, 9, 10.5], "texture": "#0"},
				"down": {"uv": [10, 10.5, 9.5, 11], "texture": "#0"}
			}
		},
		{
			"from": [12.3, -0.7, 0.2],
			"to": [12.7, 1.3, 0.6],
			"rotation": {"angle": -45, "axis": "z", "origin": [16, 0, -0.1]},
			"faces": {
				"north": {"uv": [2, 7, 2.5, 8], "texture": "#0"},
				"east": {"uv": [2.5, 7, 3, 8], "texture": "#0"},
				"south": {"uv": [3, 7, 3.5, 8], "texture": "#0"},
				"west": {"uv": [3.5, 7, 4, 8], "texture": "#0"},
				"up": {"uv": [10.5, 11, 10, 10.5], "texture": "#0"},
				"down": {"uv": [11, 10.5, 10.5, 11], "texture": "#0"}
			}
		},
		{
			"from": [1.39753, 1.93655, 7.8],
			"to": [1.79753, 4.03655, 8.2],
			"rotation": {"angle": 22.5, "axis": "z", "origin": [-1.90247, 2.63655, 7.5]},
			"faces": {
				"north": {"uv": [4, 7, 4.5, 8], "texture": "#0"},
				"east": {"uv": [4.5, 7, 5, 8], "texture": "#0"},
				"south": {"uv": [5, 7, 5.5, 8], "texture": "#0"},
				"west": {"uv": [5.5, 7, 6, 8], "texture": "#0"},
				"up": {"uv": [0.5, 11.5, 0, 11], "texture": "#0"},
				"down": {"uv": [1, 11, 0.5, 11.5], "texture": "#0"}
			}
		},
		{
			"from": [1.39753, 1.93655, 15.2],
			"to": [1.79753, 4.03655, 15.6],
			"rotation": {"angle": 22.5, "axis": "z", "origin": [-1.90247, 2.63655, 14.9]},
			"faces": {
				"north": {"uv": [7, 5.5, 7.5, 6.5], "texture": "#0"},
				"east": {"uv": [7, 6.5, 7.5, 7.5], "texture": "#0"},
				"south": {"uv": [7.5, 5.5, 8, 6.5], "texture": "#0"},
				"west": {"uv": [6, 7.5, 6.5, 8.5], "texture": "#0"},
				"up": {"uv": [1.5, 11.5, 1, 11], "texture": "#0"},
				"down": {"uv": [2, 11, 1.5, 11.5], "texture": "#0"}
			}
		},
		{
			"from": [1.39753, 1.93655, 0.2],
			"to": [1.79753, 4.03655, 0.6],
			"rotation": {"angle": 22.5, "axis": "z", "origin": [-1.90247, 2.63655, -0.1]},
			"faces": {
				"north": {"uv": [6.5, 7.5, 7, 8.5], "texture": "#0"},
				"east": {"uv": [7.5, 6.5, 8, 7.5], "texture": "#0"},
				"south": {"uv": [7, 7.5, 7.5, 8.5], "texture": "#0"},
				"west": {"uv": [7.5, 7.5, 8, 8.5], "texture": "#0"},
				"up": {"uv": [2.5, 11.5, 2, 11], "texture": "#0"},
				"down": {"uv": [3, 11, 2.5, 11.5], "texture": "#0"}
			}
		},
		{
			"from": [14.20247, 1.93655, 7.8],
			"to": [14.60247, 4.03655, 8.2],
			"rotation": {"angle": -22.5, "axis": "z", "origin": [17.90247, 2.63655, 7.5]},
			"faces": {
				"north": {"uv": [0, 8, 0.5, 9], "texture": "#0"},
				"east": {"uv": [0.5, 8, 1, 9], "texture": "#0"},
				"south": {"uv": [8, 0.5, 8.5, 1.5], "texture": "#0"},
				"west": {"uv": [1, 8, 1.5, 9], "texture": "#0"},
				"up": {"uv": [3.5, 11.5, 3, 11], "texture": "#0"},
				"down": {"uv": [4, 11, 3.5, 11.5], "texture": "#0"}
			}
		},
		{
			"from": [14.20247, 1.93655, 15.2],
			"to": [14.60247, 4.03655, 15.6],
			"rotation": {"angle": -22.5, "axis": "z", "origin": [17.90247, 2.63655, 14.9]},
			"faces": {
				"north": {"uv": [1.5, 8, 2, 9], "texture": "#0"},
				"east": {"uv": [8, 1.5, 8.5, 2.5], "texture": "#0"},
				"south": {"uv": [2, 8, 2.5, 9], "texture": "#0"},
				"west": {"uv": [2.5, 8, 3, 9], "texture": "#0"},
				"up": {"uv": [4.5, 11.5, 4, 11], "texture": "#0"},
				"down": {"uv": [11.5, 4, 11, 4.5], "texture": "#0"}
			}
		},
		{
			"from": [14.20247, 1.93655, 0.2],
			"to": [14.60247, 4.03655, 0.6],
			"rotation": {"angle": -22.5, "axis": "z", "origin": [17.90247, 2.63655, -0.1]},
			"faces": {
				"north": {"uv": [8, 2.5, 8.5, 3.5], "texture": "#0"},
				"east": {"uv": [3, 8, 3.5, 9], "texture": "#0"},
				"south": {"uv": [3.5, 8, 4, 9], "texture": "#0"},
				"west": {"uv": [8, 3.5, 8.5, 4.5], "texture": "#0"},
				"up": {"uv": [5, 11.5, 4.5, 11], "texture": "#0"},
				"down": {"uv": [11.5, 4.5, 11, 5], "texture": "#0"}
			}
		},
		{
			"from": [0.61058, 5.19284, 7.8],
			"to": [1.01058, 7.29284, 8.2],
			"rotation": {"angle": 0, "axis": "z", "origin": [-2.68942, 5.89284, 7.5]},
			"faces": {
				"north": {"uv": [4, 8, 4.5, 9], "texture": "#0"},
				"east": {"uv": [4.5, 8, 5, 9], "texture": "#0"},
				"south": {"uv": [8, 4.5, 8.5, 5.5], "texture": "#0"},
				"west": {"uv": [5, 8, 5.5, 9], "texture": "#0"},
				"up": {"uv": [5.5, 11.5, 5, 11], "texture": "#0"},
				"down": {"uv": [11.5, 5, 11, 5.5], "texture": "#0"}
			}
		},
		{
			"from": [0.61058, 5.19284, 15.2],
			"to": [1.01058, 7.29284, 15.6],
			"rotation": {"angle": 0, "axis": "z", "origin": [-2.68942, 5.89284, 14.9]},
			"faces": {
				"north": {"uv": [5.5, 8, 6, 9], "texture": "#0"},
				"east": {"uv": [8, 5.5, 8.5, 6.5], "texture": "#0"},
				"south": {"uv": [8, 6.5, 8.5, 7.5], "texture": "#0"},
				"west": {"uv": [8, 7.5, 8.5, 8.5], "texture": "#0"},
				"up": {"uv": [6, 11.5, 5.5, 11], "texture": "#0"},
				"down": {"uv": [11.5, 5.5, 11, 6], "texture": "#0"}
			}
		},
		{
			"from": [0.61058, 5.19284, 0.2],
			"to": [1.01058, 7.29284, 0.6],
			"rotation": {"angle": 0, "axis": "z", "origin": [-2.68942, 5.89284, -0.1]},
			"faces": {
				"north": {"uv": [8.5, 0.5, 9, 1.5], "texture": "#0"},
				"east": {"uv": [8.5, 1.5, 9, 2.5], "texture": "#0"},
				"south": {"uv": [8.5, 2.5, 9, 3.5], "texture": "#0"},
				"west": {"uv": [8.5, 3.5, 9, 4.5], "texture": "#0"},
				"up": {"uv": [6.5, 11.5, 6, 11], "texture": "#0"},
				"down": {"uv": [11.5, 6, 11, 6.5], "texture": "#0"}
			}
		},
		{
			"from": [14.98942, 5.19284, 7.8],
			"to": [15.38942, 7.29284, 8.2],
			"rotation": {"angle": 0, "axis": "z", "origin": [18.68942, 5.89284, 7.5]},
			"faces": {
				"north": {"uv": [8.5, 4.5, 9, 5.5], "texture": "#0"},
				"east": {"uv": [8.5, 5.5, 9, 6.5], "texture": "#0"},
				"south": {"uv": [6, 8.5, 6.5, 9.5], "texture": "#0"},
				"west": {"uv": [6.5, 8.5, 7, 9.5], "texture": "#0"},
				"up": {"uv": [7, 11.5, 6.5, 11], "texture": "#0"},
				"down": {"uv": [11.5, 6.5, 11, 7], "texture": "#0"}
			}
		},
		{
			"from": [14.98942, 5.19284, 15.2],
			"to": [15.38942, 7.29284, 15.6],
			"rotation": {"angle": 0, "axis": "z", "origin": [18.68942, 5.89284, 14.9]},
			"faces": {
				"north": {"uv": [8.5, 6.5, 9, 7.5], "texture": "#0"},
				"east": {"uv": [7, 8.5, 7.5, 9.5], "texture": "#0"},
				"south": {"uv": [7.5, 8.5, 8, 9.5], "texture": "#0"},
				"west": {"uv": [8.5, 7.5, 9, 8.5], "texture": "#0"},
				"up": {"uv": [7.5, 11.5, 7, 11], "texture": "#0"},
				"down": {"uv": [11.5, 7, 11, 7.5], "texture": "#0"}
			}
		},
		{
			"from": [14.98942, 5.19284, 0.2],
			"to": [15.38942, 7.29284, 0.6],
			"rotation": {"angle": 0, "axis": "z", "origin": [18.68942, 5.89284, -0.1]},
			"faces": {
				"north": {"uv": [8, 8.5, 8.5, 9.5], "texture": "#0"},
				"east": {"uv": [8.5, 8.5, 9, 9.5], "texture": "#0"},
				"south": {"uv": [0, 9, 0.5, 10], "texture": "#0"},
				"west": {"uv": [0.5, 9, 1, 10], "texture": "#0"},
				"up": {"uv": [8, 11.5, 7.5, 11], "texture": "#0"},
				"down": {"uv": [11.5, 7.5, 11, 8], "texture": "#0"}
			}
		},
		{
			"from": [1.12965, 8.50241, 7.8],
			"to": [1.52965, 10.60241, 8.2],
			"rotation": {"angle": -22.5, "axis": "z", "origin": [-2.17035, 9.20241, 7.5]},
			"faces": {
				"north": {"uv": [9, 0.5, 9.5, 1.5], "texture": "#0"},
				"east": {"uv": [1, 9, 1.5, 10], "texture": "#0"},
				"south": {"uv": [1.5, 9, 2, 10], "texture": "#0"},
				"west": {"uv": [9, 1.5, 9.5, 2.5], "texture": "#0"},
				"up": {"uv": [8.5, 11.5, 8, 11], "texture": "#0"},
				"down": {"uv": [11.5, 8, 11, 8.5], "texture": "#0"}
			}
		},
		{
			"from": [1.12965, 8.50241, 15.2],
			"to": [1.52965, 10.60241, 15.6],
			"rotation": {"angle": -22.5, "axis": "z", "origin": [-2.17035, 9.20241, 14.9]},
			"faces": {
				"north": {"uv": [2, 9, 2.5, 10], "texture": "#0"},
				"east": {"uv": [2.5, 9, 3, 10], "texture": "#0"},
				"south": {"uv": [9, 2.5, 9.5, 3.5], "texture": "#0"},
				"west": {"uv": [3, 9, 3.5, 10], "texture": "#0"},
				"up": {"uv": [9, 11.5, 8.5, 11], "texture": "#0"},
				"down": {"uv": [11.5, 8.5, 11, 9], "texture": "#0"}
			}
		},
		{
			"from": [1.12965, 8.50241, 0.2],
			"to": [1.52965, 10.60241, 0.6],
			"rotation": {"angle": -22.5, "axis": "z", "origin": [-2.17035, 9.20241, -0.1]},
			"faces": {
				"north": {"uv": [3.5, 9, 4, 10], "texture": "#0"},
				"east": {"uv": [9, 3.5, 9.5, 4.5], "texture": "#0"},
				"south": {"uv": [4, 9, 4.5, 10], "texture": "#0"},
				"west": {"uv": [4.5, 9, 5, 10], "texture": "#0"},
				"up": {"uv": [9.5, 11.5, 9, 11], "texture": "#0"},
				"down": {"uv": [11.5, 9, 11, 9.5], "texture": "#0"}
			}
		},
		{
			"from": [14.47035, 8.50241, 7.8],
			"to": [14.87035, 10.60241, 8.2],
			"rotation": {"angle": 22.5, "axis": "z", "origin": [18.17035, 9.20241, 7.5]},
			"faces": {
				"north": {"uv": [9, 4.5, 9.5, 5.5], "texture": "#0"},
				"east": {"uv": [5, 9, 5.5, 10], "texture": "#0"},
				"south": {"uv": [5.5, 9, 6, 10], "texture": "#0"},
				"west": {"uv": [9, 5.5, 9.5, 6.5], "texture": "#0"},
				"up": {"uv": [10, 11.5, 9.5, 11], "texture": "#0"},
				"down": {"uv": [11.5, 9.5, 11, 10], "texture": "#0"}
			}
		},
		{
			"from": [14.47035, 8.50241, 15.2],
			"to": [14.87035, 10.60241, 15.6],
			"rotation": {"angle": 22.5, "axis": "z", "origin": [18.17035, 9.20241, 14.9]},
			"faces": {
				"north": {"uv": [9, 6.5, 9.5, 7.5], "texture": "#0"},
				"east": {"uv": [9, 7.5, 9.5, 8.5], "texture": "#0"},
				"south": {"uv": [9, 8.5, 9.5, 9.5], "texture": "#0"},
				"west": {"uv": [9.5, 0.5, 10, 1.5], "texture": "#0"},
				"up": {"uv": [10.5, 11.5, 10, 11], "texture": "#0"},
				"down": {"uv": [11.5, 10, 11, 10.5], "texture": "#0"}
			}
		},
		{
			"from": [14.47035, 8.50241, 0.2],
			"to": [14.87035, 10.60241, 0.6],
			"rotation": {"angle": 22.5, "axis": "z", "origin": [18.17035, 9.20241, -0.1]},
			"faces": {
				"north": {"uv": [9.5, 1.5, 10, 2.5], "texture": "#0"},
				"east": {"uv": [9.5, 2.5, 10, 3.5], "texture": "#0"},
				"south": {"uv": [9.5, 3.5, 10, 4.5], "texture": "#0"},
				"west": {"uv": [9.5, 4.5, 10, 5.5], "texture": "#0"},
				"up": {"uv": [11, 11.5, 10.5, 11], "texture": "#0"},
				"down": {"uv": [11.5, 10.5, 11, 11], "texture": "#0"}
			}
		},
		{
			"from": [2.87574, 11.36141, 7.8],
			"to": [3.27574, 13.46141, 8.2],
			"rotation": {"angle": -45, "axis": "z", "origin": [-0.42426, 12.06141, 7.5]},
			"faces": {
				"north": {"uv": [9.5, 5.5, 10, 6.5], "texture": "#0"},
				"east": {"uv": [6, 9.5, 6.5, 10.5], "texture": "#0"},
				"south": {"uv": [6.5, 9.5, 7, 10.5], "texture": "#0"},
				"west": {"uv": [9.5, 6.5, 10, 7.5], "texture": "#0"},
				"up": {"uv": [11.5, 11.5, 11, 11], "texture": "#0"},
				"down": {"uv": [0.5, 11.5, 0, 12], "texture": "#0"}
			}
		},
		{
			"from": [2.87574, 11.36141, 15.2],
			"to": [3.27574, 13.46141, 15.6],
			"rotation": {"angle": -45, "axis": "z", "origin": [-0.42426, 12.06141, 14.9]},
			"faces": {
				"north": {"uv": [7, 9.5, 7.5, 10.5], "texture": "#0"},
				"east": {"uv": [7.5, 9.5, 8, 10.5], "texture": "#0"},
				"south": {"uv": [9.5, 7.5, 10, 8.5], "texture": "#0"},
				"west": {"uv": [8, 9.5, 8.5, 10.5], "texture": "#0"},
				"up": {"uv": [12, 0.5, 11.5, 0], "texture": "#0"},
				"down": {"uv": [1, 11.5, 0.5, 12], "texture": "#0"}
			}
		},
		{
			"from": [2.87574, 11.36141, 0.2],
			"to": [3.27574, 13.46141, 0.6],
			"rotation": {"angle": -45, "axis": "z", "origin": [-0.42426, 12.06141, -0.1]},
			"faces": {
				"north": {"uv": [8.5, 9.5, 9, 10.5], "texture": "#0"},
				"east": {"uv": [9.5, 8.5, 10, 9.5], "texture": "#0"},
				"south": {"uv": [9, 9.5, 9.5, 10.5], "texture": "#0"},
				"west": {"uv": [9.5, 9.5, 10, 10.5], "texture": "#0"},
				"up": {"uv": [12, 1, 11.5, 0.5], "texture": "#0"},
				"down": {"uv": [1.5, 11.5, 1, 12], "texture": "#0"}
			}
		},
		{
			"from": [12.72426, 11.36141, 7.8],
			"to": [13.12426, 13.46141, 8.2],
			"rotation": {"angle": 45, "axis": "z", "origin": [16.42426, 12.06141, 7.5]},
			"faces": {
				"north": {"uv": [0, 10, 0.5, 11], "texture": "#0"},
				"east": {"uv": [10, 0, 10.5, 1], "texture": "#0"},
				"south": {"uv": [0.5, 10, 1, 11], "texture": "#0"},
				"west": {"uv": [1, 10, 1.5, 11], "texture": "#0"},
				"up": {"uv": [12, 1.5, 11.5, 1], "texture": "#0"},
				"down": {"uv": [2, 11.5, 1.5, 12], "texture": "#0"}
			}
		},
		{
			"from": [12.72426, 11.36141, 15.2],
			"to": [13.12426, 13.46141, 15.6],
			"rotation": {"angle": 45, "axis": "z", "origin": [16.42426, 12.06141, 14.9]},
			"faces": {
				"north": {"uv": [10, 1, 10.5, 2], "texture": "#0"},
				"east": {"uv": [1.5, 10, 2, 11], "texture": "#0"},
				"south": {"uv": [2, 10, 2.5, 11], "texture": "#0"},
				"west": {"uv": [10, 2, 10.5, 3], "texture": "#0"},
				"up": {"uv": [12, 2, 11.5, 1.5], "texture": "#0"},
				"down": {"uv": [2.5, 11.5, 2, 12], "texture": "#0"}
			}
		},
		{
			"from": [12.72426, 11.36141, 0.2],
			"to": [13.12426, 13.46141, 0.6],
			"rotation": {"angle": 45, "axis": "z", "origin": [16.42426, 12.06141, -0.1]},
			"faces": {
				"north": {"uv": [2.5, 10, 3, 11], "texture": "#0"},
				"east": {"uv": [3, 10, 3.5, 11], "texture": "#0"},
				"south": {"uv": [10, 3, 10.5, 4], "texture": "#0"},
				"west": {"uv": [3.5, 10, 4, 11], "texture": "#0"},
				"up": {"uv": [12, 2.5, 11.5, 2], "texture": "#0"},
				"down": {"uv": [3, 11.5, 2.5, 12], "texture": "#0"}
			}
		},
		{
			"from": [1.583, 10.33459, 7.8],
			"to": [3.683, 10.73459, 8.2],
			"rotation": {"angle": 22.5, "axis": "z", "origin": [2.283, 14.03459, 7.5]},
			"faces": {
				"north": {"uv": [4, 10, 5, 10.5], "texture": "#0"},
				"east": {"uv": [11.5, 2.5, 12, 3], "texture": "#0"},
				"south": {"uv": [10, 4, 11, 4.5], "texture": "#0"},
				"west": {"uv": [3, 11.5, 3.5, 12], "texture": "#0"},
				"up": {"uv": [11, 5, 10, 4.5], "texture": "#0"},
				"down": {"uv": [6, 10, 5, 10.5], "texture": "#0"}
			}
		},
		{
			"from": [1.583, 10.33459, 15.2],
			"to": [3.683, 10.73459, 15.6],
			"rotation": {"angle": 22.5, "axis": "z", "origin": [2.283, 14.03459, 14.9]},
			"faces": {
				"north": {"uv": [10, 5, 11, 5.5], "texture": "#0"},
				"east": {"uv": [11.5, 3, 12, 3.5], "texture": "#0"},
				"south": {"uv": [10, 5.5, 11, 6], "texture": "#0"},
				"west": {"uv": [3.5, 11.5, 4, 12], "texture": "#0"},
				"up": {"uv": [11, 6.5, 10, 6], "texture": "#0"},
				"down": {"uv": [11, 6.5, 10, 7], "texture": "#0"}
			}
		},
		{
			"from": [1.583, 10.33459, 0.2],
			"to": [3.683, 10.73459, 0.6],
			"rotation": {"angle": 22.5, "axis": "z", "origin": [2.283, 14.03459, -0.1]},
			"faces": {
				"north": {"uv": [10, 7, 11, 7.5], "texture": "#0"},
				"east": {"uv": [11.5, 3.5, 12, 4], "texture": "#0"},
				"south": {"uv": [10, 7.5, 11, 8], "texture": "#0"},
				"west": {"uv": [4, 11.5, 4.5, 12], "texture": "#0"},
				"up": {"uv": [11, 8.5, 10, 8], "texture": "#0"},
				"down": {"uv": [11, 8.5, 10, 9], "texture": "#0"}
			}
		},
		{
			"from": [12.317, 10.33459, 7.8],
			"to": [14.417, 10.73459, 8.2],
			"rotation": {"angle": -22.5, "axis": "z", "origin": [13.717, 14.03459, 7.5]},
			"faces": {
				"north": {"uv": [10, 9, 11, 9.5], "texture": "#0"},
				"east": {"uv": [11.5, 4, 12, 4.5], "texture": "#0"},
				"south": {"uv": [10, 9.5, 11, 10], "texture": "#0"},
				"west": {"uv": [4.5, 11.5, 5, 12], "texture": "#0"},
				"up": {"uv": [11, 10.5, 10, 10], "texture": "#0"},
				"down": {"uv": [11.5, 0, 10.5, 0.5], "texture": "#0"}
			}
		},
		{
			"from": [12.317, 10.33459, 15.2],
			"to": [14.417, 10.73459, 15.6],
			"rotation": {"angle": -22.5, "axis": "z", "origin": [13.717, 14.03459, 14.9]},
			"faces": {
				"north": {"uv": [10.5, 0.5, 11.5, 1], "texture": "#0"},
				"east": {"uv": [11.5, 4.5, 12, 5], "texture": "#0"},
				"south": {"uv": [10.5, 1, 11.5, 1.5], "texture": "#0"},
				"west": {"uv": [5, 11.5, 5.5, 12], "texture": "#0"},
				"up": {"uv": [11.5, 2, 10.5, 1.5], "texture": "#0"},
				"down": {"uv": [11.5, 2, 10.5, 2.5], "texture": "#0"}
			}
		},
		{
			"from": [12.317, 10.33459, 0.2],
			"to": [14.417, 10.73459, 0.6],
			"rotation": {"angle": -22.5, "axis": "z", "origin": [13.717, 14.03459, -0.1]},
			"faces": {
				"north": {"uv": [10.5, 2.5, 11.5, 3], "texture": "#0"},
				"east": {"uv": [11.5, 5, 12, 5.5], "texture": "#0"},
				"south": {"uv": [10.5, 3, 11.5, 3.5], "texture": "#0"},
				"west": {"uv": [5.5, 11.5, 6, 12], "texture": "#0"},
				"up": {"uv": [11.5, 4, 10.5, 3.5], "texture": "#0"},
				"down": {"uv": [5, 10.5, 4, 11], "texture": "#0"}
			}
		},
		{
			"from": [4.86072, 11.12154, 7.8],
			"to": [11.16072, 11.52154, 8.2],
			"rotation": {"angle": 0, "axis": "z", "origin": [5.56072, 14.82154, 7.5]},
			"faces": {
				"north": {"uv": [5, 0.5, 8, 1], "texture": "#0"},
				"east": {"uv": [11.5, 5.5, 12, 6], "texture": "#0"},
				"south": {"uv": [5, 1, 8, 1.5], "texture": "#0"},
				"west": {"uv": [6, 11.5, 6.5, 12], "texture": "#0"},
				"up": {"uv": [8, 2, 5, 1.5], "texture": "#0"},
				"down": {"uv": [8, 2, 5, 2.5], "texture": "#0"}
			}
		},
		{
			"from": [2.87157, 1.83848, 7.8],
			"to": [13.17157, 2.23848, 8.2],
			"rotation": {"angle": 0, "axis": "z", "origin": [7.57157, 15.53848, 7.5]},
			"faces": {
				"north": {"uv": [0, 0, 5, 0.5], "texture": "#0"},
				"east": {"uv": [11.5, 6, 12, 6.5], "texture": "#0"},
				"south": {"uv": [0, 0.5, 5, 1], "texture": "#0"},
				"west": {"uv": [6.5, 11.5, 7, 12], "texture": "#0"},
				"up": {"uv": [5, 1.5, 0, 1], "texture": "#0"},
				"down": {"uv": [5, 1.5, 0, 2], "texture": "#0"}
			}
		},
		{
			"from": [4.86072, 11.12154, 15.2],
			"to": [11.16072, 11.52154, 15.6],
			"rotation": {"angle": 0, "axis": "z", "origin": [5.56072, 14.82154, 14.9]},
			"faces": {
				"north": {"uv": [5, 2.5, 8, 3], "texture": "#0"},
				"east": {"uv": [11.5, 6.5, 12, 7], "texture": "#0"},
				"south": {"uv": [5, 3, 8, 3.5], "texture": "#0"},
				"west": {"uv": [7, 11.5, 7.5, 12], "texture": "#0"},
				"up": {"uv": [8, 4, 5, 3.5], "texture": "#0"},
				"down": {"uv": [8, 4, 5, 4.5], "texture": "#0"}
			}
		},
		{
			"from": [4.86072, 11.12154, 0.2],
			"to": [11.16072, 11.52154, 0.6],
			"rotation": {"angle": 0, "axis": "z", "origin": [5.56072, 14.82154, -0.1]},
			"faces": {
				"north": {"uv": [5, 4.5, 8, 5], "texture": "#0"},
				"east": {"uv": [11.5, 7, 12, 7.5], "texture": "#0"},
				"south": {"uv": [5, 5, 8, 5.5], "texture": "#0"},
				"west": {"uv": [7.5, 11.5, 8, 12], "texture": "#0"},
				"up": {"uv": [3, 6, 0, 5.5], "texture": "#0"},
				"down": {"uv": [6, 5.5, 3, 6], "texture": "#0"}
			}
		},
		{
			"from": [2.87157, 1.83848, 15.2],
			"to": [13.17157, 2.23848, 15.6],
			"rotation": {"angle": 0, "axis": "z", "origin": [7.57157, 15.53848, 14.9]},
			"faces": {
				"north": {"uv": [0, 2, 5, 2.5], "texture": "#0"},
				"east": {"uv": [11.5, 7.5, 12, 8], "texture": "#0"},
				"south": {"uv": [0, 2.5, 5, 3], "texture": "#0"},
				"west": {"uv": [8, 11.5, 8.5, 12], "texture": "#0"},
				"up": {"uv": [5, 3.5, 0, 3], "texture": "#0"},
				"down": {"uv": [5, 3.5, 0, 4], "texture": "#0"}
			}
		},
		{
			"from": [2.87157, 1.83848, 0.2],
			"to": [13.17157, 2.23848, 0.6],
			"rotation": {"angle": 0, "axis": "z", "origin": [7.57157, 15.53848, -0.1]},
			"faces": {
				"north": {"uv": [0, 4, 5, 4.5], "texture": "#0"},
				"east": {"uv": [11.5, 8, 12, 8.5], "texture": "#0"},
				"south": {"uv": [0, 4.5, 5, 5], "texture": "#0"},
				"west": {"uv": [8.5, 11.5, 9, 12], "texture": "#0"},
				"up": {"uv": [5, 5.5, 0, 5], "texture": "#0"},
				"down": {"uv": [10, 0, 5, 0.5], "texture": "#0"}
			}
		}
	],
	"display": {
		"head": {
			"scale": [3, 3, 3]
		}
	},
	"groups": [
		{
			"name": "base",
			"origin": [8, 8, 8],
			"children": [0, 1, 2, 3, 4, 5, 6, 7, 8, 9, 10, 11, 12, 13, 14, 15, 16, 17, 18, 19, 20, 21, 22, 23, 24, 25, 26, 27, 28, 29, 30, 31, 32, 33, 34, 35, 36, 37, 38, 39]
		},
		{
			"name": "detail",
			"origin": [8, 8, 8],
			"children": [40, 41, 42, 43, 44, 45, 46, 47, 48, 49, 50, 51, 52, 53, 54, 55, 56, 57, 58, 59, 60, 61, 62, 63, 64, 65, 66, 67, 68, 69, 70, 71, 72, 73, 74, 75, 76, 77, 78, 79, 80, 81]
		}
	]
}