{
	"credit": "Made with Blockbench",
	"texture_size": [128, 128],
	"textures": {
		"0": "rides/boatride/boat",
		"particle": "rides/boatride/boat"
	},
	"elements": [
		{
			"from": [-2, -3, -7],
			"to": [18, -1, 28],
			"rotation": {"angle": 0, "axis": "y", "origin": [16, 6, 9]},
			"faces": {
				"north": {"uv": [9.375, 3.875, 11.875, 4.125], "texture": "#0"},
				"east": {"uv": [9, 4.25, 13.375, 4.5], "texture": "#0"},
				"south": {"uv": [10.25, 1.25, 12.75, 1.5], "texture": "#0"},
				"west": {"uv": [9, 4.5, 13.375, 4.75], "texture": "#0"},
				"up": {"uv": [2.5, 4.375, 0, 0], "texture": "#0"},
				"down": {"uv": [5, 2.5, 2.5, 6.875], "texture": "#0"}
			}
		},
		{
			"from": [-1, -2, -8],
			"to": [17, -1, -7],
			"rotation": {"angle": 0, "axis": "y", "origin": [16, 6, 5]},
			"faces": {
				"north": {"uv": [11, 3, 13.25, 3.125], "texture": "#0"},
				"east": {"uv": [12.375, 7, 12.5, 7.125], "texture": "#0"},
				"south": {"uv": [11, 3.125, 13.25, 3.25], "texture": "#0"},
				"west": {"uv": [12.75, 6.875, 12.875, 7], "texture": "#0"},
				"up": {"uv": [13.25, 3.375, 11, 3.25], "texture": "#0"},
				"down": {"uv": [13.5, 6.5, 11.25, 6.625], "texture": "#0"}
			}
		},
		{
			"from": [0, -4, -7],
			"to": [16, -3, 27],
			"rotation": {"angle": 0, "axis": "y", "origin": [16, 4, 9]},
			"faces": {
				"north": {"uv": [5, 4.875, 7, 5], "texture": "#0"},
				"east": {"uv": [9.375, 4.125, 13.625, 4.25], "texture": "#0"},
				"south": {"uv": [8.5, 4.75, 10.5, 4.875], "texture": "#0"},
				"west": {"uv": [10.25, 1.5, 14.5, 1.625], "texture": "#0"},
				"up": {"uv": [2, 8.625, 0, 4.375], "texture": "#0"},
				"down": {"uv": [7, 5, 5, 9.25], "texture": "#0"}
			}
		},
		{
			"from": [-1, -1, -10],
			"to": [17, 5, -6],
			"rotation": {"angle": 0, "axis": "y", "origin": [16, 6, 8]},
			"faces": {
				"north": {"uv": [2.5, 0, 4.75, 0.75], "texture": "#0"},
				"east": {"uv": [2, 5.75, 2.5, 6.5], "texture": "#0"},
				"south": {"uv": [2.5, 0.75, 4.75, 1.5], "texture": "#0"},
				"west": {"uv": [5.5, 10.625, 6, 11.375], "texture": "#0"},
				"up": {"uv": [4.75, 2, 2.5, 1.5], "texture": "#0"},
				"down": {"uv": [4.75, 2, 2.5, 2.5], "texture": "#0"}
			}
		},
		{
			"from": [-3, -1, -7],
			"to": [-1, 5, -3],
			"rotation": {"angle": 0, "axis": "y", "origin": [16, 6, 11]},
			"faces": {
				"north": {"uv": [4.75, 1.375, 5, 2.125], "texture": "#0"},
				"east": {"uv": [10.75, 4.75, 11.25, 5.5], "texture": "#0"},
				"south": {"uv": [4.75, 8.25, 5, 9], "texture": "#0"},
				"west": {"uv": [10.75, 5.5, 11.25, 6.25], "texture": "#0"},
				"up": {"uv": [8, 4, 7.75, 3.5], "texture": "#0"},
				"down": {"uv": [10.5, 6.375, 10.25, 6.875], "texture": "#0"}
			}
		},
		{
			"from": [-2, -2, -8],
			"to": [-1, 5, -7],
			"rotation": {"angle": 0, "axis": "y", "origin": [16, 6, 7]},
			"faces": {
				"north": {"uv": [2.375, 4.375, 2.5, 5.25], "texture": "#0"},
				"east": {"uv": [4.375, 11.875, 4.5, 12.75], "texture": "#0"},
				"south": {"uv": [8.875, 12.5, 9, 13.375], "texture": "#0"},
				"west": {"uv": [8, 12.625, 8.125, 13.5], "texture": "#0"},
				"up": {"uv": [12.875, 8.125, 12.75, 8], "texture": "#0"},
				"down": {"uv": [8, 13.125, 7.875, 13.25], "texture": "#0"}
			}
		},
		{
			"from": [17, -2, -8],
			"to": [18, 5, -7],
			"rotation": {"angle": 0, "axis": "y", "origin": [35, 6, 7]},
			"faces": {
				"north": {"uv": [8.125, 12.625, 8.25, 13.5], "texture": "#0"},
				"east": {"uv": [8.25, 12.625, 8.375, 13.5], "texture": "#0"},
				"south": {"uv": [8.375, 12.625, 8.5, 13.5], "texture": "#0"},
				"west": {"uv": [11.875, 12.625, 12, 13.5], "texture": "#0"},
				"up": {"uv": [12.875, 13.25, 12.75, 13.125], "texture": "#0"},
				"down": {"uv": [13, 13.125, 12.875, 13.25], "texture": "#0"}
			}
		},
		{
			"from": [17, -1, -7],
			"to": [19, 5, -3],
			"rotation": {"angle": 0, "axis": "y", "origin": [36, 6, 11]},
			"faces": {
				"north": {"uv": [11.625, 5.5, 11.875, 6.25], "texture": "#0"},
				"east": {"uv": [10.75, 6.25, 11.25, 7], "texture": "#0"},
				"south": {"uv": [11.875, 11.875, 12.125, 12.625], "texture": "#0"},
				"west": {"uv": [10.75, 7, 11.25, 7.75], "texture": "#0"},
				"up": {"uv": [10.5, 8.25, 10.25, 7.75], "texture": "#0"},
				"down": {"uv": [6.25, 12, 6, 12.5], "texture": "#0"}
			}
		},
		{
			"from": [2, 0, -11],
			"to": [15, 5, -10],
			"rotation": {"angle": 0, "axis": "y", "origin": [10, 8, 2]},
			"faces": {
				"north": {"uv": [9.375, 2.125, 11, 2.75], "texture": "#0"},
				"east": {"uv": [12, 12.625, 12.125, 13.25], "texture": "#0"},
				"south": {"uv": [9.375, 2.75, 11, 3.375], "texture": "#0"},
				"west": {"uv": [0.75, 12.75, 0.875, 13.375], "texture": "#0"},
				"up": {"uv": [13.25, 5.125, 11.625, 5], "texture": "#0"},
				"down": {"uv": [13.25, 5.125, 11.625, 5.25], "texture": "#0"}
			}
		},
		{
			"from": [4, 4, -13],
			"to": [13, 5, -11],
			"rotation": {"angle": 0, "axis": "y", "origin": [10, 13, 2]},
			"faces": {
				"north": {"uv": [12.125, 12.25, 13.25, 12.375], "texture": "#0"},
				"east": {"uv": [4.75, 2.375, 5, 2.5], "texture": "#0"},
				"south": {"uv": [12.25, 9, 13.375, 9.125], "texture": "#0"},
				"west": {"uv": [1.125, 12.375, 1.375, 12.5], "texture": "#0"},
				"up": {"uv": [12.375, 6.875, 11.25, 6.625], "texture": "#0"},
				"down": {"uv": [12.375, 6.875, 11.25, 7.125], "texture": "#0"}
			}
		},
		{
			"from": [5, 4, -15],
			"to": [12, 6, -13],
			"rotation": {"angle": 0, "axis": "y", "origin": [10, 13, 0]},
			"faces": {
				"north": {"uv": [11.25, 7.5, 12.125, 7.75], "texture": "#0"},
				"east": {"uv": [4.75, 2.125, 5, 2.375], "texture": "#0"},
				"south": {"uv": [11.5, 7.75, 12.375, 8], "texture": "#0"},
				"west": {"uv": [4.75, 9, 5, 9.25], "texture": "#0"},
				"up": {"uv": [12.375, 8.25, 11.5, 8], "texture": "#0"},
				"down": {"uv": [12.5, 4.75, 11.625, 5], "texture": "#0"}
			}
		},
		{
			"from": [5, -5.4, -12.3],
			"to": [12, 5.6, -9.3],
			"rotation": {"angle": -45, "axis": "x", "origin": [8.5, 1.6, -11.8]},
			"faces": {
				"north": {"uv": [5.5, 9.25, 6.375, 10.625], "texture": "#0"},
				"east": {"uv": [2, 4.375, 2.375, 5.75], "texture": "#0"},
				"south": {"uv": [9.375, 0.75, 10.25, 2.125], "texture": "#0"},
				"west": {"uv": [7.75, 0.75, 8.125, 2.125], "texture": "#0"},
				"up": {"uv": [4.125, 11.375, 3.25, 11], "texture": "#0"},
				"down": {"uv": [11.875, 2.625, 11, 3], "texture": "#0"}
			}
		},
		{
			"from": [-5, -1, 25],
			"to": [21, 5, 29],
			"rotation": {"angle": 0, "axis": "y", "origin": [16, 7, 11]},
			"faces": {
				"north": {"uv": [7, 7.75, 10.25, 8.5], "texture": "#0"},
				"east": {"uv": [10.75, 10.875, 11.25, 11.625], "texture": "#0"},
				"south": {"uv": [7.75, 0, 11, 0.75], "texture": "#0"},
				"west": {"uv": [2, 11, 2.5, 11.75], "texture": "#0"},
				"up": {"uv": [10.25, 6.875, 7, 6.375], "texture": "#0"},
				"down": {"uv": [12.25, 9, 9, 9.5], "texture": "#0"}
			}
		},
		{
			"from": [-5, -1, -3],
			"to": [-2, 5, 25],
			"rotation": {"angle": 0, "axis": "y", "origin": [16, 7, 9]},
			"faces": {
				"north": {"uv": [3.25, 11.375, 3.625, 12.125], "texture": "#0"},
				"east": {"uv": [5, 4.125, 8.5, 4.875], "texture": "#0"},
				"south": {"uv": [3.625, 11.375, 4, 12.125], "texture": "#0"},
				"west": {"uv": [7, 7, 10.5, 7.75], "texture": "#0"},
				"up": {"uv": [0.375, 12.125, 0, 8.625], "texture": "#0"},
				"down": {"uv": [0.75, 8.625, 0.375, 12.125], "texture": "#0"}
			}
		},
		{
			"from": [-4, -2, -3],
			"to": [-2, -1, 28],
			"rotation": {"angle": 0, "axis": "y", "origin": [16, 1, 9]},
			"faces": {
				"north": {"uv": [6, 13.125, 6.25, 13.25], "texture": "#0"},
				"east": {"uv": [10.25, 1.625, 14.125, 1.75], "texture": "#0"},
				"south": {"uv": [7.375, 13.125, 7.625, 13.25], "texture": "#0"},
				"west": {"uv": [10.25, 1.75, 14.125, 1.875], "texture": "#0"},
				"up": {"uv": [9.75, 13.375, 9.5, 9.5], "texture": "#0"},
				"down": {"uv": [10, 9.75, 9.75, 13.625], "texture": "#0"}
			}
		},
		{
			"from": [18, -2, -3],
			"to": [20, -1, 28],
			"rotation": {"angle": 0, "axis": "y", "origin": [38, 1, 9]},
			"faces": {
				"north": {"uv": [7.625, 13.125, 7.875, 13.25], "texture": "#0"},
				"east": {"uv": [10.25, 1.875, 14.125, 2], "texture": "#0"},
				"south": {"uv": [8.5, 13.125, 8.75, 13.25], "texture": "#0"},
				"west": {"uv": [10.25, 2, 14.125, 2.125], "texture": "#0"},
				"up": {"uv": [10.25, 13.875, 10, 10], "texture": "#0"},
				"down": {"uv": [10.5, 10.25, 10.25, 14.125], "texture": "#0"}
			}
		},
		{
			"from": [18, -1, -3],
			"to": [21, 5, 25],
			"rotation": {"angle": 0, "axis": "y", "origin": [38, 7, 9]},
			"faces": {
				"north": {"uv": [5.5, 11.375, 5.875, 12.125], "texture": "#0"},
				"east": {"uv": [7, 4.875, 10.5, 5.625], "texture": "#0"},
				"south": {"uv": [2.5, 11.5, 2.875, 12.25], "texture": "#0"},
				"west": {"uv": [7, 5.625, 10.5, 6.375], "texture": "#0"},
				"up": {"uv": [1.125, 12.125, 0.75, 8.625], "texture": "#0"},
				"down": {"uv": [1.5, 8.625, 1.125, 12.125], "texture": "#0"}
			}
		},
		{
			"from": [7.5, -6, 29],
			"to": [9.5, 5, 31],
			"rotation": {"angle": 0, "axis": "y", "origin": [16.5, 12, 37]},
			"faces": {
				"north": {"uv": [4.75, 0, 5, 1.375], "texture": "#0"},
				"east": {"uv": [4.75, 6.875, 5, 8.25], "texture": "#0"},
				"south": {"uv": [7.75, 2.125, 8, 3.5], "texture": "#0"},
				"west": {"uv": [6, 10.625, 6.25, 12], "texture": "#0"},
				"up": {"uv": [10, 9.75, 9.75, 9.5], "texture": "#0"},
				"down": {"uv": [1.125, 12.75, 0.875, 13], "texture": "#0"}
			}
		},
		{
			"from": [6.5, -7, 31],
			"to": [10.5, -4, 31],
			"rotation": {"angle": 0, "axis": "y", "origin": [16.5, 12, 38]},
			"faces": {
				"north": {"uv": [2, 6.5, 2.5, 6.875], "texture": "#0"},
				"east": {"uv": [0, 0, 0, 0.375], "texture": "#0"},
				"south": {"uv": [11.625, 9.5, 12.125, 9.875], "texture": "#0"},
				"west": {"uv": [0, 0, 0, 0.375], "texture": "#0"},
				"up": {"uv": [0.5, 0, 0, 0], "texture": "#0"},
				"down": {"uv": [0.5, 0, 0, 0], "texture": "#0"}
			}
		},
		{
			"from": [5.5, 3, 28],
			"to": [11.5, 6, 32],
			"rotation": {"angle": 0, "axis": "y", "origin": [16.5, 22, 37]},
			"faces": {
				"north": {"uv": [11.25, 7.125, 12, 7.5], "texture": "#0"},
				"east": {"uv": [11.625, 11.25, 12.125, 11.625], "texture": "#0"},
				"south": {"uv": [11.25, 10.875, 12, 11.25], "texture": "#0"},
				"west": {"uv": [11.875, 0.75, 12.375, 1.125], "texture": "#0"},
				"up": {"uv": [11.5, 8.25, 10.75, 7.75], "texture": "#0"},
				"down": {"uv": [3.25, 11, 2.5, 11.5], "texture": "#0"}
			}
		},
		{
			"from": [19, 5, 24],
			"to": [20, 20, 25],
			"rotation": {"angle": 0, "axis": "y", "origin": [27, 13, 32]},
			"faces": {
				"north": {"uv": [8, 2.125, 8.125, 4], "texture": "#0"},
				"east": {"uv": [6.875, 9.25, 7, 11.125], "texture": "#0"},
				"south": {"uv": [6.25, 10.625, 6.375, 12.5], "texture": "#0"},
				"west": {"uv": [4.5, 11, 4.625, 12.875], "texture": "#0"},
				"up": {"uv": [13.125, 13.25, 13, 13.125], "texture": "#0"},
				"down": {"uv": [13.25, 13.125, 13.125, 13.25], "texture": "#0"}
			}
		},
		{
			"from": [-4, 5, 24],
			"to": [-3, 20, 25],
			"rotation": {"angle": 0, "axis": "y", "origin": [4, 13, 32]},
			"faces": {
				"north": {"uv": [4.625, 11, 4.75, 12.875], "texture": "#0"},
				"east": {"uv": [6.875, 11.125, 7, 13], "texture": "#0"},
				"south": {"uv": [4, 11.375, 4.125, 13.25], "texture": "#0"},
				"west": {"uv": [5.875, 11.375, 6, 13.25], "texture": "#0"},
				"up": {"uv": [13.25, 3.5, 13.125, 3.375], "texture": "#0"},
				"down": {"uv": [13.25, 3.5, 13.125, 3.625], "texture": "#0"}
			}
		},
		{
			"from": [19, 5, 10],
			"to": [20, 20, 11],
			"rotation": {"angle": 0, "axis": "y", "origin": [27, 13, 18]},
			"faces": {
				"north": {"uv": [2.875, 11.5, 3, 13.375], "texture": "#0"},
				"east": {"uv": [3, 11.5, 3.125, 13.375], "texture": "#0"},
				"south": {"uv": [3.125, 11.5, 3.25, 13.375], "texture": "#0"},
				"west": {"uv": [10.75, 11.625, 10.875, 13.5], "texture": "#0"},
				"up": {"uv": [13.25, 3.75, 13.125, 3.625], "texture": "#0"},
				"down": {"uv": [13.25, 3.75, 13.125, 3.875], "texture": "#0"}
			}
		},
		{
			"from": [-4, 5, 10],
			"to": [-3, 20, 11],
			"rotation": {"angle": 0, "axis": "y", "origin": [4, 13, 18]},
			"faces": {
				"north": {"uv": [10.875, 11.625, 11, 13.5], "texture": "#0"},
				"east": {"uv": [11, 11.625, 11.125, 13.5], "texture": "#0"},
				"south": {"uv": [11.125, 11.625, 11.25, 13.5], "texture": "#0"},
				"west": {"uv": [11.625, 11.625, 11.75, 13.5], "texture": "#0"},
				"up": {"uv": [13.25, 5.625, 13.125, 5.5], "texture": "#0"},
				"down": {"uv": [13.25, 5.625, 13.125, 5.75], "texture": "#0"}
			}
		},
		{
			"from": [-4, 5, -2],
			"to": [-3, 20, -1],
			"rotation": {"angle": 0, "axis": "y", "origin": [4, 13, 6]},
			"faces": {
				"north": {"uv": [1.875, 11.75, 2, 13.625], "texture": "#0"},
				"east": {"uv": [2, 11.75, 2.125, 13.625], "texture": "#0"},
				"south": {"uv": [2.125, 11.75, 2.25, 13.625], "texture": "#0"},
				"west": {"uv": [2.25, 11.75, 2.375, 13.625], "texture": "#0"},
				"up": {"uv": [13.25, 5.875, 13.125, 5.75], "texture": "#0"},
				"down": {"uv": [13.25, 5.875, 13.125, 6], "texture": "#0"}
			}
		},
		{
			"from": [19, 5, -2],
			"to": [20, 20, -1],
			"rotation": {"angle": 0, "axis": "y", "origin": [27, 13, 6]},
			"faces": {
				"north": {"uv": [2.375, 11.75, 2.5, 13.625], "texture": "#0"},
				"east": {"uv": [11.75, 11.75, 11.875, 13.625], "texture": "#0"},
				"south": {"uv": [4.125, 11.875, 4.25, 13.75], "texture": "#0"},
				"west": {"uv": [4.25, 11.875, 4.375, 13.75], "texture": "#0"},
				"up": {"uv": [13.25, 7, 13.125, 6.875], "texture": "#0"},
				"down": {"uv": [13.25, 7, 13.125, 7.125], "texture": "#0"}
			}
		},
		{
			"from": [-4, 20, -2],
			"to": [20, 21, -1],
			"rotation": {"angle": 0, "axis": "y", "origin": [38, 12, 6]},
			"faces": {
				"north": {"uv": [10.75, 10.5, 13.75, 10.625], "texture": "#0"},
				"east": {"uv": [13.125, 7.125, 13.25, 7.25], "texture": "#0"},
				"south": {"uv": [10.75, 10.625, 13.75, 10.75], "texture": "#0"},
				"west": {"uv": [13.125, 7.25, 13.25, 7.375], "texture": "#0"},
				"up": {"uv": [14, 0.125, 11, 0], "texture": "#0"},
				"down": {"uv": [14, 0.125, 11, 0.25], "texture": "#0"}
			}
		},
		{
			"from": [6, 24.2, -5.6],
			"to": [10, 26.2, 26],
			"rotation": {"angle": 0, "axis": "y", "origin": [38, 16.2, 6]},
			"faces": {
				"north": {"uv": [12.5, 4.75, 13, 5], "texture": "#0"},
				"east": {"uv": [9, 8.5, 13, 8.75], "texture": "#0"},
				"south": {"uv": [7, 12.625, 7.5, 12.875], "texture": "#0"},
				"west": {"uv": [9, 8.75, 13, 9], "texture": "#0"},
				"up": {"uv": [9, 12.5, 8.5, 8.5], "texture": "#0"},
				"down": {"uv": [9, 0.75, 8.5, 4.75], "texture": "#0"}
			}
		},
		{
			"from": [7, 26.2, -5.6],
			"to": [9, 28.2, 25.9],
			"rotation": {"angle": 0, "axis": "y", "origin": [38, 17.2, 6]},
			"faces": {
				"north": {"uv": [5.25, 12.75, 5.5, 13], "texture": "#0"},
				"east": {"uv": [9.375, 3.375, 12.875, 3.625], "texture": "#0"},
				"south": {"uv": [12.125, 12.75, 12.375, 13], "texture": "#0"},
				"west": {"uv": [9.375, 3.625, 12.875, 3.875], "texture": "#0"},
				"up": {"uv": [10.75, 14, 10.5, 10.5], "texture": "#0"},
				"down": {"uv": [10.75, 4.75, 10.5, 8.25], "texture": "#0"}
			}
		},
		{
			"from": [7, 26.2, 22],
			"to": [9, 27.2, 26],
			"rotation": {"angle": 0, "axis": "y", "origin": [38, 17.2, 10]},
			"faces": {
				"north": {"uv": [11.25, 13.125, 11.5, 13.25], "texture": "#0"},
				"east": {"uv": [12.375, 8.125, 12.875, 8.25], "texture": "#0"},
				"south": {"uv": [12.5, 13.125, 12.75, 13.25], "texture": "#0"},
				"west": {"uv": [12.5, 7.375, 13, 7.5], "texture": "#0"},
				"up": {"uv": [7.75, 13.125, 7.5, 12.625], "texture": "#0"},
				"down": {"uv": [8, 12.625, 7.75, 13.125], "texture": "#0"}
			}
		},
		{
			"from": [-4.6, 24.3, -2],
			"to": [6.4, 25.3, -1],
			"rotation": {"angle": 22.5, "axis": "z", "origin": [6.4, 24.8, -1.5]},
			"faces": {
				"north": {"uv": [11.625, 6.25, 13, 6.375], "texture": "#0"},
				"east": {"uv": [13.125, 8, 13.25, 8.125], "texture": "#0"},
				"south": {"uv": [11.625, 6.375, 13, 6.5], "texture": "#0"},
				"west": {"uv": [13.125, 8.125, 13.25, 8.25], "texture": "#0"},
				"up": {"uv": [13, 10, 11.625, 9.875], "texture": "#0"},
				"down": {"uv": [13.125, 11.625, 11.75, 11.75], "texture": "#0"}
			}
		},
		{
			"from": [-4.6, 25.4, -6.6],
			"to": [4.4, 25.4, 26],
			"rotation": {"angle": 22.5, "axis": "z", "origin": [6.4, 24.8, -1.5]},
			"faces": {
				"north": {"uv": [0, 0, 1.125, 0], "texture": "#0"},
				"east": {"uv": [0, 0, 4.125, 0], "texture": "#0"},
				"south": {"uv": [0, 0, 1.125, 0], "texture": "#0"},
				"west": {"uv": [0, 0, 4.125, 0], "texture": "#0"},
				"up": {"uv": [3.125, 11, 2, 6.875], "texture": "#0"},
				"down": {"uv": [4.25, 6.875, 3.125, 11], "texture": "#0"}
			}
		},
		{
			"from": [3.2, 28.4, -6.6],
			"to": [7.2, 28.4, 26],
			"rotation": {"angle": 45, "axis": "z", "origin": [8.4, 27.8, -1.5]},
			"faces": {
				"north": {"uv": [0, 0, 0.5, 0], "texture": "#0"},
				"east": {"uv": [0, 0, 4.125, 0], "texture": "#0"},
				"south": {"uv": [0, 0, 0.5, 0], "texture": "#0"},
				"west": {"uv": [0, 0, 4.125, 0], "texture": "#0"},
				"up": {"uv": [8, 12.625, 7.5, 8.5], "texture": "#0"},
				"down": {"uv": [8.5, 8.5, 8, 12.625], "texture": "#0"}
			}
		},
		{
			"from": [8.8, 28.4, -6.6],
			"to": [12.8, 28.4, 26],
			"shade": false,
			"rotation": {"angle": -45, "axis": "z", "origin": [7.6, 27.8, -1.5]},
			"faces": {
				"north": {"uv": [0, 0, 0.5, 0], "texture": "#0"},
				"east": {"uv": [0, 0, 4.125, 0], "texture": "#0"},
				"south": {"uv": [0, 0, 0.5, 0], "texture": "#0"},
				"west": {"uv": [0, 0, 4.125, 0], "texture": "#0"},
				"up": {"uv": [4.75, 11, 4.25, 6.875], "texture": "#0"},
				"down": {"uv": [7.5, 8.5, 7, 12.625], "texture": "#0"}
			}
		},
		{
			"from": [11.6, 25.4, -6.6],
			"to": [20.6, 25.4, 26],
			"shade": false,
			"rotation": {"angle": -22.5, "axis": "z", "origin": [9.6, 24.8, -1.5]},
			"faces": {
				"north": {"uv": [0, 0, 1.375, 0], "texture": "#0"},
				"east": {"uv": [0, 0, 4.125, 0], "texture": "#0"},
				"south": {"uv": [0, 0, 1.375, 0], "texture": "#0"},
				"west": {"uv": [0, 0, 4.125, 0], "texture": "#0"},
				"up": {"uv": [6.375, 4.125, 5, 0], "texture": "#0"},
				"down": {"uv": [7.75, 0, 6.375, 4.125], "texture": "#0"}
			}
		},
		{
			"from": [-5.70666, 17.83185, -6.6],
			"to": [-5.70666, 19.83185, -4.5],
			"rotation": {"angle": -22.5, "axis": "z", "origin": [-5.70666, 18.83185, 11.5]},
			"faces": {
				"north": {"uv": [0, 0, 0, 0.25], "texture": "#0"},
				"east": {"uv": [4.75, 12.75, 5, 13], "texture": "#0"},
				"south": {"uv": [0, 0, 0, 0.25], "texture": "#0"},
				"west": {"uv": [5, 12.75, 5.25, 13], "texture": "#0"},
				"up": {"uv": [0, 0.25, 0, 0], "texture": "#0"},
				"down": {"uv": [0, 0, 0, 0.25], "texture": "#0"}
			}
		},
		{
			"from": [21.70666, 17.83185, -6.6],
			"to": [21.70666, 19.83185, -4.5],
			"rotation": {"angle": 22.5, "axis": "z", "origin": [21.70666, 18.83185, 11.5]},
			"faces": {
				"north": {"uv": [0, 0, 0, 0.25], "texture": "#0"},
				"east": {"uv": [8.5, 12.875, 8.75, 13.125], "texture": "#0"},
				"south": {"uv": [0, 0, 0, 0.25], "texture": "#0"},
				"west": {"uv": [11.25, 12.875, 11.5, 13.125], "texture": "#0"},
				"up": {"uv": [0, 0.25, 0, 0], "texture": "#0"},
				"down": {"uv": [0, 0, 0, 0.25], "texture": "#0"}
			}
		},
		{
			"from": [-5.70666, 17.83185, -0.6],
			"to": [-5.70666, 19.83185, 1.5],
			"rotation": {"angle": -22.5, "axis": "z", "origin": [-5.70666, 18.83185, 17.5]},
			"faces": {
				"north": {"uv": [0, 0, 0, 0.25], "texture": "#0"},
				"east": {"uv": [12.75, 6, 13, 6.25], "texture": "#0"},
				"south": {"uv": [0, 0, 0, 0.25], "texture": "#0"},
				"west": {"uv": [12.75, 6.625, 13, 6.875], "texture": "#0"},
				"up": {"uv": [0, 0.25, 0, 0], "texture": "#0"},
				"down": {"uv": [0, 0, 0, 0.25], "texture": "#0"}
			}
		},
		{
			"from": [21.70666, 17.83185, -0.6],
			"to": [21.70666, 19.83185, 1.5],
			"rotation": {"angle": 22.5, "axis": "z", "origin": [21.70666, 18.83185, 17.5]},
			"faces": {
				"north": {"uv": [0, 0, 0, 0.25], "texture": "#0"},
				"east": {"uv": [12.5, 12.875, 12.75, 13.125], "texture": "#0"},
				"south": {"uv": [0, 0, 0, 0.25], "texture": "#0"},
				"west": {"uv": [12.75, 12.875, 13, 13.125], "texture": "#0"},
				"up": {"uv": [0, 0.25, 0, 0], "texture": "#0"},
				"down": {"uv": [0, 0, 0, 0.25], "texture": "#0"}
			}
		},
		{
			"from": [-5.70666, 17.83185, 5.4],
			"to": [-5.70666, 19.83185, 7.5],
			"rotation": {"angle": -22.5, "axis": "z", "origin": [-5.70666, 18.83185, 23.5]},
			"faces": {
				"north": {"uv": [0, 0, 0, 0.25], "texture": "#0"},
				"east": {"uv": [12.75, 7.75, 13, 8], "texture": "#0"},
				"south": {"uv": [0, 0, 0, 0.25], "texture": "#0"},
				"west": {"uv": [3.5, 12.875, 3.75, 13.125], "texture": "#0"},
				"up": {"uv": [0, 0.25, 0, 0], "texture": "#0"},
				"down": {"uv": [0, 0, 0, 0.25], "texture": "#0"}
			}
		},
		{
			"from": [21.70666, 17.83185, 5.4],
			"to": [21.70666, 19.83185, 7.5],
			"rotation": {"angle": 22.5, "axis": "z", "origin": [21.70666, 18.83185, 23.5]},
			"faces": {
				"north": {"uv": [0, 0, 0, 0.25], "texture": "#0"},
				"east": {"uv": [12.875, 3.375, 13.125, 3.625], "texture": "#0"},
				"south": {"uv": [0, 0, 0, 0.25], "texture": "#0"},
				"west": {"uv": [12.875, 3.625, 13.125, 3.875], "texture": "#0"},
				"up": {"uv": [0, 0.25, 0, 0], "texture": "#0"},
				"down": {"uv": [0, 0, 0, 0.25], "texture": "#0"}
			}
		},
		{
			"from": [-5.70666, 17.83185, 11.4],
			"to": [-5.70666, 19.83185, 13.5],
			"rotation": {"angle": -22.5, "axis": "z", "origin": [-5.70666, 18.83185, 29.5]},
			"faces": {
				"north": {"uv": [0, 0, 0, 0.25], "texture": "#0"},
				"east": {"uv": [3.75, 12.875, 4, 13.125], "texture": "#0"},
				"south": {"uv": [0, 0, 0, 0.25], "texture": "#0"},
				"west": {"uv": [4.5, 12.875, 4.75, 13.125], "texture": "#0"},
				"up": {"uv": [0, 0.25, 0, 0], "texture": "#0"},
				"down": {"uv": [0, 0, 0, 0.25], "texture": "#0"}
			}
		},
		{
			"from": [21.70666, 17.83185, 11.4],
			"to": [21.70666, 19.83185, 13.5],
			"rotation": {"angle": 22.5, "axis": "z", "origin": [21.70666, 18.83185, 29.5]},
			"faces": {
				"north": {"uv": [0, 0, 0, 0.25], "texture": "#0"},
				"east": {"uv": [12.875, 5.5, 13.125, 5.75], "texture": "#0"},
				"south": {"uv": [0, 0, 0, 0.25], "texture": "#0"},
				"west": {"uv": [12.875, 5.75, 13.125, 6], "texture": "#0"},
				"up": {"uv": [0, 0.25, 0, 0], "texture": "#0"},
				"down": {"uv": [0, 0, 0, 0.25], "texture": "#0"}
			}
		},
		{
			"from": [-5.70666, 17.83185, 17.4],
			"to": [-5.70666, 19.83185, 19.5],
			"rotation": {"angle": -22.5, "axis": "z", "origin": [-5.70666, 18.83185, 35.5]},
			"faces": {
				"north": {"uv": [0, 0, 0, 0.25], "texture": "#0"},
				"east": {"uv": [5.5, 12.875, 5.75, 13.125], "texture": "#0"},
				"south": {"uv": [0, 0, 0, 0.25], "texture": "#0"},
				"west": {"uv": [6, 12.875, 6.25, 13.125], "texture": "#0"},
				"up": {"uv": [0, 0.25, 0, 0], "texture": "#0"},
				"down": {"uv": [0, 0, 0, 0.25], "texture": "#0"}
			}
		},
		{
			"from": [21.70666, 17.83185, 17.4],
			"to": [21.70666, 19.83185, 19.5],
			"rotation": {"angle": 22.5, "axis": "z", "origin": [21.70666, 18.83185, 35.5]},
			"faces": {
				"north": {"uv": [0, 0, 0, 0.25], "texture": "#0"},
				"east": {"uv": [12.875, 6.875, 13.125, 7.125], "texture": "#0"},
				"south": {"uv": [0, 0, 0, 0.25], "texture": "#0"},
				"west": {"uv": [12.875, 7.125, 13.125, 7.375], "texture": "#0"},
				"up": {"uv": [0, 0.25, 0, 0], "texture": "#0"},
				"down": {"uv": [0, 0, 0, 0.25], "texture": "#0"}
			}
		},
		{
			"from": [-5.70666, 17.83185, 23.9],
			"to": [-5.70666, 19.83185, 26],
			"rotation": {"angle": -22.5, "axis": "z", "origin": [-5.70666, 18.83185, 42]},
			"faces": {
				"north": {"uv": [0, 0, 0, 0.25], "texture": "#0"},
				"east": {"uv": [7, 12.875, 7.25, 13.125], "texture": "#0"},
				"south": {"uv": [0, 0, 0, 0.25], "texture": "#0"},
				"west": {"uv": [7.25, 12.875, 7.5, 13.125], "texture": "#0"},
				"up": {"uv": [0, 0.25, 0, 0], "texture": "#0"},
				"down": {"uv": [0, 0, 0, 0.25], "texture": "#0"}
			}
		},
		{
			"from": [21.70666, 17.83185, 23.9],
			"to": [21.70666, 19.83185, 26],
			"rotation": {"angle": 22.5, "axis": "z", "origin": [21.70666, 18.83185, 42]},
			"faces": {
				"north": {"uv": [0, 0, 0, 0.25], "texture": "#0"},
				"east": {"uv": [12.875, 8, 13.125, 8.25], "texture": "#0"},
				"south": {"uv": [0, 0, 0, 0.25], "texture": "#0"},
				"west": {"uv": [12.875, 12.5, 13.125, 12.75], "texture": "#0"},
				"up": {"uv": [0, 0.25, 0, 0], "texture": "#0"},
				"down": {"uv": [0, 0, 0, 0.25], "texture": "#0"}
			}
		},
		{
			"from": [-5.61616, 20.46213, -6.6],
			"to": [-3.61616, 20.46213, 26],
			"rotation": {"angle": 45, "axis": "z", "origin": [-4.61616, 20.46213, 11.5]},
			"faces": {
				"north": {"uv": [0, 0, 0.25, 0], "texture": "#0"},
				"east": {"uv": [0, 0, 4.125, 0], "texture": "#0"},
				"south": {"uv": [0, 0, 0.25, 0], "texture": "#0"},
				"west": {"uv": [0, 0, 4.125, 0], "texture": "#0"},
				"up": {"uv": [9.25, 13.625, 9, 9.5], "texture": "#0"},
				"down": {"uv": [9.5, 9.5, 9.25, 13.625], "texture": "#0"}
			}
		},
		{
			"from": [19.61616, 20.46213, -6.6],
			"to": [21.61616, 20.46213, 26],
			"shade": false,
			"rotation": {"angle": -45, "axis": "z", "origin": [20.61616, 20.46213, 11.5]},
			"faces": {
				"north": {"uv": [0, 0, 0.25, 0], "texture": "#0"},
				"east": {"uv": [0, 0, 4.125, 0], "texture": "#0"},
				"south": {"uv": [0, 0, 0.25, 0], "texture": "#0"},
				"west": {"uv": [0, 0, 4.125, 0], "texture": "#0"},
				"up": {"uv": [6.625, 13.375, 6.375, 9.25], "texture": "#0"},
				"down": {"uv": [6.875, 9.25, 6.625, 13.375], "texture": "#0"}
			}
		},
		{
			"from": [-4.6, 24.3, 10],
			"to": [6.4, 25.3, 11],
			"rotation": {"angle": 22.5, "axis": "z", "origin": [6.4, 24.8, 10.5]},
			"faces": {
				"north": {"uv": [11.875, 1.125, 13.25, 1.25], "texture": "#0"},
				"east": {"uv": [13.125, 8.5, 13.25, 8.625], "texture": "#0"},
				"south": {"uv": [11.875, 3.875, 13.25, 4], "texture": "#0"},
				"west": {"uv": [13.125, 8.625, 13.25, 8.75], "texture": "#0"},
				"up": {"uv": [13.25, 4.125, 11.875, 4], "texture": "#0"},
				"down": {"uv": [13.25, 11.75, 11.875, 11.875], "texture": "#0"}
			}
		},
		{
			"from": [-4.6, 24.3, 24],
			"to": [6.4, 25.3, 25],
			"rotation": {"angle": 22.5, "axis": "z", "origin": [6.4, 24.8, 24.5]},
			"faces": {
				"north": {"uv": [12, 10.875, 13.375, 11], "texture": "#0"},
				"east": {"uv": [13.125, 8.75, 13.25, 8.875], "texture": "#0"},
				"south": {"uv": [12, 11, 13.375, 11.125], "texture": "#0"},
				"west": {"uv": [13.125, 9.375, 13.25, 9.5], "texture": "#0"},
				"up": {"uv": [13.375, 11.25, 12, 11.125], "texture": "#0"},
				"down": {"uv": [1.375, 12.125, 0, 12.25], "texture": "#0"}
			}
		},
		{
			"from": [9.6, 24.3, -2],
			"to": [20.6, 25.3, -1],
			"shade": false,
			"rotation": {"angle": -22.5, "axis": "z", "origin": [9.6, 24.8, -1.5]},
			"faces": {
				"north": {"uv": [12.125, 12.125, 13.5, 12.25], "texture": "#0"},
				"east": {"uv": [13.125, 11.625, 13.25, 11.75], "texture": "#0"},
				"south": {"uv": [12.125, 7.5, 13.5, 7.625], "texture": "#0"},
				"west": {"uv": [13.125, 12.5, 13.25, 12.625], "texture": "#0"},
				"up": {"uv": [13.5, 7.75, 12.125, 7.625], "texture": "#0"},
				"down": {"uv": [13.5, 9.5, 12.125, 9.625], "texture": "#0"}
			}
		},
		{
			"from": [9.6, 24.3, 10],
			"to": [20.6, 25.3, 11],
			"shade": false,
			"rotation": {"angle": -22.5, "axis": "z", "origin": [9.6, 24.8, 10.5]},
			"faces": {
				"north": {"uv": [12.125, 9.625, 13.5, 9.75], "texture": "#0"},
				"east": {"uv": [13.125, 12.625, 13.25, 12.75], "texture": "#0"},
				"south": {"uv": [12.125, 9.75, 13.5, 9.875], "texture": "#0"},
				"west": {"uv": [4, 13.25, 4.125, 13.375], "texture": "#0"},
				"up": {"uv": [13.5, 11.375, 12.125, 11.25], "texture": "#0"},
				"down": {"uv": [13.5, 11.375, 12.125, 11.5], "texture": "#0"}
			}
		},
		{
			"from": [9.6, 24.3, 24],
			"to": [20.6, 25.3, 25],
			"shade": false,
			"rotation": {"angle": -22.5, "axis": "z", "origin": [9.6, 24.8, 24.5]},
			"faces": {
				"north": {"uv": [12.125, 11.5, 13.5, 11.625], "texture": "#0"},
				"east": {"uv": [4.375, 13.25, 4.5, 13.375], "texture": "#0"},
				"south": {"uv": [12.125, 11.875, 13.5, 12], "texture": "#0"},
				"west": {"uv": [4.75, 13.25, 4.875, 13.375], "texture": "#0"},
				"up": {"uv": [13.5, 12.125, 12.125, 12], "texture": "#0"},
				"down": {"uv": [1.375, 12.25, 0, 12.375], "texture": "#0"}
			}
		},
		{
			"from": [-4, 20, 10],
			"to": [20, 21, 11],
			"rotation": {"angle": 0, "axis": "y", "origin": [38, 12, 18]},
			"faces": {
				"north": {"uv": [11, 0.25, 14, 0.375], "texture": "#0"},
				"east": {"uv": [4.875, 13.25, 5, 13.375], "texture": "#0"},
				"south": {"uv": [11, 0.375, 14, 0.5], "texture": "#0"},
				"west": {"uv": [5, 13.25, 5.125, 13.375], "texture": "#0"},
				"up": {"uv": [14, 0.625, 11, 0.5], "texture": "#0"},
				"down": {"uv": [14, 0.625, 11, 0.75], "texture": "#0"}
			}
		},
		{
			"from": [-4, 20, 24],
			"to": [20, 21, 25],
			"rotation": {"angle": 0, "axis": "y", "origin": [38, 12, 32]},
			"faces": {
				"north": {"uv": [11, 2.125, 14, 2.25], "texture": "#0"},
				"east": {"uv": [5.375, 13.25, 5.5, 13.375], "texture": "#0"},
				"south": {"uv": [11, 2.25, 14, 2.375], "texture": "#0"},
				"west": {"uv": [5.5, 13.25, 5.625, 13.375], "texture": "#0"},
				"up": {"uv": [14, 2.5, 11, 2.375], "texture": "#0"},
				"down": {"uv": [14, 2.5, 11, 2.625], "texture": "#0"}
			}
		},
		{
			"from": [19, 20, -1],
			"to": [20, 21, 24],
			"rotation": {"angle": 0, "axis": "y", "origin": [27, 12, 1]},
			"faces": {
				"north": {"uv": [5.625, 13.25, 5.75, 13.375], "texture": "#0"},
				"east": {"uv": [10.25, 10.125, 13.375, 10.25], "texture": "#0"},
				"south": {"uv": [5.75, 13.25, 5.875, 13.375], "texture": "#0"},
				"west": {"uv": [10.5, 10.25, 13.625, 10.375], "texture": "#0"},
				"up": {"uv": [8.25, 3.875, 8.125, 0.75], "texture": "#0"},
				"down": {"uv": [8.375, 0.75, 8.25, 3.875], "texture": "#0"}
			}
		},
		{
			"from": [-4, 20, -1],
			"to": [-3, 21, 24],
			"rotation": {"angle": 0, "axis": "y", "origin": [4, 12, 1]},
			"faces": {
				"north": {"uv": [5.875, 13.25, 6, 13.375], "texture": "#0"},
				"east": {"uv": [10.5, 10.375, 13.625, 10.5], "texture": "#0"},
				"south": {"uv": [6, 13.25, 6.125, 13.375], "texture": "#0"},
				"west": {"uv": [10.75, 10.75, 13.875, 10.875], "texture": "#0"},
				"up": {"uv": [8.5, 3.875, 8.375, 0.75], "texture": "#0"},
				"down": {"uv": [2, 8.625, 1.875, 11.75], "texture": "#0"}
			}
		},
		{
			"from": [15.1, 2, -3],
			"to": [18.1, 3, 25],
			"rotation": {"angle": 0, "axis": "y", "origin": [9.1, 10, 26]},
			"faces": {
				"north": {"uv": [7.75, 4, 8.125, 4.125], "texture": "#0"},
				"east": {"uv": [7, 6.875, 10.5, 7], "texture": "#0"},
				"south": {"uv": [12.875, 12.75, 13.25, 12.875], "texture": "#0"},
				"west": {"uv": [10.25, 8.25, 13.75, 8.375], "texture": "#0"},
				"up": {"uv": [1.875, 12.125, 1.5, 8.625], "texture": "#0"},
				"down": {"uv": [9.375, 0.75, 9, 4.25], "texture": "#0"}
			}
		},
		{
			"from": [1, 2, 21],
			"to": [15.1, 3, 25],
			"rotation": {"angle": 0, "axis": "y", "origin": [5, 10, 26]},
			"faces": {
				"north": {"uv": [11.625, 5.25, 13.25, 5.375], "texture": "#0"},
				"east": {"uv": [12.5, 12.375, 13, 12.5], "texture": "#0"},
				"south": {"uv": [11.625, 5.375, 13.25, 5.5], "texture": "#0"},
				"west": {"uv": [12.625, 9.375, 13.125, 9.5], "texture": "#0"},
				"up": {"uv": [11.625, 10, 10, 9.5], "texture": "#0"},
				"down": {"uv": [11.875, 0.75, 10.25, 1.25], "texture": "#0"}
			}
		},
		{
			"from": [-2, 2, -3],
			"to": [1, 3, 25],
			"rotation": {"angle": 0, "axis": "y", "origin": [-8, 10, 26]},
			"faces": {
				"north": {"uv": [13, 6.625, 13.375, 6.75], "texture": "#0"},
				"east": {"uv": [10.25, 8.375, 13.75, 8.5], "texture": "#0"},
				"south": {"uv": [13, 6.75, 13.375, 6.875], "texture": "#0"},
				"west": {"uv": [10.25, 10, 13.75, 10.125], "texture": "#0"},
				"up": {"uv": [5.125, 12.75, 4.75, 9.25], "texture": "#0"},
				"down": {"uv": [5.5, 9.25, 5.125, 12.75], "texture": "#0"}
			}
		},
		{
			"from": [15.1, -1, 18],
			"to": [18.1, 2, 19],
			"rotation": {"angle": 0, "axis": "y", "origin": [9.1, 9, 22]},
			"faces": {
				"north": {"uv": [12.25, 9.125, 12.625, 9.5], "texture": "#0"},
				"east": {"uv": [1, 13, 1.125, 13.375], "texture": "#0"},
				"south": {"uv": [0, 12.375, 0.375, 12.75], "texture": "#0"},
				"west": {"uv": [6.875, 13, 7, 13.375], "texture": "#0"},
				"up": {"uv": [13.375, 4.875, 13, 4.75], "texture": "#0"},
				"down": {"uv": [13.375, 4.875, 13, 5], "texture": "#0"}
			}
		},
		{
			"from": [-2, -1, 18],
			"to": [1, 2, 19],
			"rotation": {"angle": 0, "axis": "y", "origin": [-8, 9, 22]},
			"faces": {
				"north": {"uv": [12.375, 7.75, 12.75, 8.125], "texture": "#0"},
				"east": {"uv": [0.625, 13.125, 0.75, 13.5], "texture": "#0"},
				"south": {"uv": [1.125, 12.5, 1.5, 12.875], "texture": "#0"},
				"west": {"uv": [2.5, 13.125, 2.625, 13.5], "texture": "#0"},
				"up": {"uv": [13.375, 9.25, 13, 9.125], "texture": "#0"},
				"down": {"uv": [13.375, 9.25, 13, 9.375], "texture": "#0"}
			}
		},
		{
			"from": [14, -1, 24],
			"to": [17, 2, 25],
			"rotation": {"angle": 0, "axis": "y", "origin": [8, 9, 28]},
			"faces": {
				"north": {"uv": [0.375, 12.375, 0.75, 12.75], "texture": "#0"},
				"east": {"uv": [12.125, 13, 12.25, 13.375], "texture": "#0"},
				"south": {"uv": [0.75, 12.375, 1.125, 12.75], "texture": "#0"},
				"west": {"uv": [12.25, 13, 12.375, 13.375], "texture": "#0"},
				"up": {"uv": [13.375, 6.125, 13, 6], "texture": "#0"},
				"down": {"uv": [13.375, 6.125, 13, 6.25], "texture": "#0"}
			}
		},
		{
			"from": [10.1, -1, 21],
			"to": [11.1, 2, 25],
			"rotation": {"angle": 0, "axis": "y", "origin": [3.1, 9, 28]},
			"faces": {
				"north": {"uv": [3.5, 13.125, 3.625, 13.5], "texture": "#0"},
				"east": {"uv": [11.875, 2.625, 12.375, 3], "texture": "#0"},
				"south": {"uv": [3.625, 13.125, 3.75, 13.5], "texture": "#0"},
				"west": {"uv": [11.875, 5.5, 12.375, 5.875], "texture": "#0"},
				"up": {"uv": [2.5, 5.75, 2.375, 5.25], "texture": "#0"},
				"down": {"uv": [4.5, 12.75, 4.375, 13.25], "texture": "#0"}
			}
		},
		{
			"from": [4.1, -1, 21],
			"to": [5.1, 2, 25],
			"rotation": {"angle": 0, "axis": "y", "origin": [-2.9, 9, 28]},
			"faces": {
				"north": {"uv": [3.75, 13.125, 3.875, 13.5], "texture": "#0"},
				"east": {"uv": [11.875, 5.875, 12.375, 6.25], "texture": "#0"},
				"south": {"uv": [3.875, 13.125, 4, 13.5], "texture": "#0"},
				"west": {"uv": [12, 7.125, 12.5, 7.5], "texture": "#0"},
				"up": {"uv": [12.5, 13.25, 12.375, 12.75], "texture": "#0"},
				"down": {"uv": [12.875, 5.5, 12.75, 6], "texture": "#0"}
			}
		},
		{
			"from": [-2, -1, 24],
			"to": [1, 2, 25],
			"rotation": {"angle": 0, "axis": "y", "origin": [-8, 9, 28]},
			"faces": {
				"north": {"uv": [1.5, 12.5, 1.875, 12.875], "texture": "#0"},
				"east": {"uv": [2.625, 13.125, 2.75, 13.5], "texture": "#0"},
				"south": {"uv": [3.25, 12.5, 3.625, 12.875], "texture": "#0"},
				"west": {"uv": [2.75, 13.125, 2.875, 13.5], "texture": "#0"},
				"up": {"uv": [13.375, 10, 13, 9.875], "texture": "#0"},
				"down": {"uv": [13.375, 12.375, 13, 12.5], "texture": "#0"}
			}
		},
		{
			"from": [15.1, -1, 11],
			"to": [18.1, 2, 12],
			"rotation": {"angle": 0, "axis": "y", "origin": [9.1, 9, 15]},
			"faces": {
				"north": {"uv": [1.375, 12.125, 1.75, 12.5], "texture": "#0"},
				"east": {"uv": [1.75, 12.125, 1.875, 12.5], "texture": "#0"},
				"south": {"uv": [3.25, 12.125, 3.625, 12.5], "texture": "#0"},
				"west": {"uv": [5.75, 12.875, 5.875, 13.25], "texture": "#0"},
				"up": {"uv": [0.375, 13.125, 0, 13], "texture": "#0"},
				"down": {"uv": [0.75, 13, 0.375, 13.125], "texture": "#0"}
			}
		},
		{
			"from": [-2, -1, 11],
			"to": [1, 2, 12],
			"rotation": {"angle": 0, "axis": "y", "origin": [-8, 9, 15]},
			"faces": {
				"north": {"uv": [12.375, 5.875, 12.75, 6.25], "texture": "#0"},
				"east": {"uv": [0.375, 13.125, 0.5, 13.5], "texture": "#0"},
				"south": {"uv": [12.375, 6.625, 12.75, 7], "texture": "#0"},
				"west": {"uv": [0.5, 13.125, 0.625, 13.5], "texture": "#0"},
				"up": {"uv": [13.375, 8, 13, 7.875], "texture": "#0"},
				"down": {"uv": [13.375, 8.875, 13, 9], "texture": "#0"}
			}
		},
		{
			"from": [15.1, -1, 4],
			"to": [18.1, 2, 5],
			"rotation": {"angle": 0, "axis": "y", "origin": [9.1, 9, 8]},
			"faces": {
				"north": {"uv": [3.625, 12.125, 4, 12.5], "texture": "#0"},
				"east": {"uv": [6.25, 12.875, 6.375, 13.25], "texture": "#0"},
				"south": {"uv": [5.5, 12.125, 5.875, 12.5], "texture": "#0"},
				"west": {"uv": [8.75, 12.875, 8.875, 13.25], "texture": "#0"},
				"up": {"uv": [2.875, 13.125, 2.5, 13], "texture": "#0"},
				"down": {"uv": [5.125, 13, 4.75, 13.125], "texture": "#0"}
			}
		},
		{
			"from": [-2, -1, 4],
			"to": [1, 2, 5],
			"rotation": {"angle": 0, "axis": "y", "origin": [-8, 9, 8]},
			"faces": {
				"north": {"uv": [12.375, 2.625, 12.75, 3], "texture": "#0"},
				"east": {"uv": [0.125, 13.125, 0.25, 13.5], "texture": "#0"},
				"south": {"uv": [12.375, 5.5, 12.75, 5.875], "texture": "#0"},
				"west": {"uv": [0.25, 13.125, 0.375, 13.5], "texture": "#0"},
				"up": {"uv": [13.375, 7.5, 13, 7.375], "texture": "#0"},
				"down": {"uv": [13.375, 7.75, 13, 7.875], "texture": "#0"}
			}
		},
		{
			"from": [15.1, -1, -3],
			"to": [18.1, 2, -2],
			"rotation": {"angle": 0, "axis": "y", "origin": [9.1, 9, 1]},
			"faces": {
				"north": {"uv": [11.25, 12.125, 11.625, 12.5], "texture": "#0"},
				"east": {"uv": [11.5, 12.875, 11.625, 13.25], "texture": "#0"},
				"south": {"uv": [2.5, 12.25, 2.875, 12.625], "texture": "#0"},
				"west": {"uv": [0.875, 13, 1, 13.375], "texture": "#0"},
				"up": {"uv": [5.5, 13.125, 5.125, 13], "texture": "#0"},
				"down": {"uv": [13.375, 13, 13, 13.125], "texture": "#0"}
			}
		},
		{
			"from": [-2, -1, -3],
			"to": [1, 2, -2],
			"rotation": {"angle": 0, "axis": "y", "origin": [-8, 9, 1]},
			"faces": {
				"north": {"uv": [12.125, 12.375, 12.5, 12.75], "texture": "#0"},
				"east": {"uv": [13, 8.5, 13.125, 8.875], "texture": "#0"},
				"south": {"uv": [12.375, 0.75, 12.75, 1.125], "texture": "#0"},
				"west": {"uv": [0, 13.125, 0.125, 13.5], "texture": "#0"},
				"up": {"uv": [13.375, 6.375, 13, 6.25], "texture": "#0"},
				"down": {"uv": [13.375, 6.375, 13, 6.5], "texture": "#0"}
			}
		},
		{
			"from": [6.9, -1, -5.8],
			"to": [9.9, 5.8, -3.2],
			"rotation": {"angle": 0, "axis": "y", "origin": [0.9, 9, -1.8]},
			"faces": {
				"north": {"uv": [4.125, 11, 4.5, 11.875], "texture": "#0"},
				"east": {"uv": [11.25, 11.25, 11.625, 12.125], "texture": "#0"},
				"south": {"uv": [11.25, 4.75, 11.625, 5.625], "texture": "#0"},
				"west": {"uv": [11.25, 5.625, 11.625, 6.5], "texture": "#0"},
				"up": {"uv": [4, 12.875, 3.625, 12.5], "texture": "#0"},
				"down": {"uv": [5.875, 12.5, 5.5, 12.875], "texture": "#0"}
			}
		},
		{
			"from": [6.9, 1.03848, -2.30467],
			"to": [9.9, 3.43848, 0.29533],
			"rotation": {"angle": 45, "axis": "x", "origin": [0.9, 7.63848, 1.69533]},
			"faces": {
				"north": {"uv": [8.125, 3.875, 8.5, 4.125], "texture": "#0"},
				"east": {"uv": [12.625, 9.125, 13, 9.375], "texture": "#0"},
				"south": {"uv": [0, 12.75, 0.375, 13], "texture": "#0"},
				"west": {"uv": [0.375, 12.75, 0.75, 13], "texture": "#0"},
				"up": {"uv": [6.375, 12.875, 6, 12.5], "texture": "#0"},
				"down": {"uv": [8.875, 12.5, 8.5, 12.875], "texture": "#0"}
			}
		},
		{
			"from": [6.9, 7.72725, -3.07461],
			"to": [9.9, 10.32725, -2.07461],
			"rotation": {"angle": -22.5, "axis": "x", "origin": [0.9, 6.32725, 3.52539]},
			"faces": {
				"north": {"uv": [11.25, 12.5, 11.625, 12.875], "texture": "#0"},
				"east": {"uv": [4.5, 13.125, 4.625, 13.5], "texture": "#0"},
				"south": {"uv": [12.5, 12.5, 12.875, 12.875], "texture": "#0"},
				"west": {"uv": [4.625, 13.125, 4.75, 13.5], "texture": "#0"},
				"up": {"uv": [13.375, 13, 13, 12.875], "texture": "#0"},
				"down": {"uv": [5.125, 13.125, 4.75, 13.25], "texture": "#0"}
			}
		},
		{
			"from": [6.9, 5.27974, -3.17906],
			"to": [9.9, 7.87974, -2.17906],
			"rotation": {"angle": 0, "axis": "y", "origin": [0.9, 3.87974, 3.42094]},
			"faces": {
				"north": {"uv": [12.5, 7, 12.875, 7.375], "texture": "#0"},
				"east": {"uv": [5.125, 13.125, 5.25, 13.5], "texture": "#0"},
				"south": {"uv": [2.5, 12.625, 2.875, 13], "texture": "#0"},
				"west": {"uv": [5.25, 13.125, 5.375, 13.5], "texture": "#0"},
				"up": {"uv": [5.75, 13.25, 5.375, 13.125], "texture": "#0"},
				"down": {"uv": [7.375, 13.125, 7, 13.25], "texture": "#0"}
			}
		},
		{
			"name": "hexadecagon",
			"from": [7.90272, 4.8, -2],
			"to": [8.89728, 5.2, -1],
			"rotation": {"angle": -45, "axis": "z", "origin": [8.4, 7.3, -1.5]},
			"faces": {
				"north": {"uv": [6.125, 13.25, 6.25, 13.375], "texture": "#0"},
				"east": {"uv": [6.25, 13.25, 6.375, 13.375], "texture": "#0"},
				"south": {"uv": [7, 13.25, 7.125, 13.375], "texture": "#0"},
				"west": {"uv": [7.125, 13.25, 7.25, 13.375], "texture": "#0"},
				"up": {"uv": [7.375, 13.375, 7.25, 13.25], "texture": "#0"},
				"down": {"uv": [7.5, 13.25, 7.375, 13.375], "texture": "#0"}
			}
		},
		{
			"name": "hexadecagon",
			"from": [7.90272, 4.8, -2],
			"to": [8.89728, 5.2, -1],
			"rotation": {"angle": -22.5, "axis": "z", "origin": [8.4, 7.3, -1.5]},
			"faces": {
				"north": {"uv": [7.5, 13.25, 7.625, 13.375], "texture": "#0"},
				"east": {"uv": [7.625, 13.25, 7.75, 13.375], "texture": "#0"},
				"south": {"uv": [7.75, 13.25, 7.875, 13.375], "texture": "#0"},
				"west": {"uv": [7.875, 13.25, 8, 13.375], "texture": "#0"},
				"up": {"uv": [8.625, 13.375, 8.5, 13.25], "texture": "#0"},
				"down": {"uv": [8.75, 13.25, 8.625, 13.375], "texture": "#0"}
			}
		},
		{
			"name": "hexadecagon",
			"from": [7.90272, 4.8, -2],
			"to": [8.89728, 5.2, -1],
			"rotation": {"angle": 0, "axis": "y", "origin": [8.4, 7.3, -1.5]},
			"faces": {
				"north": {"uv": [8.75, 13.25, 8.875, 13.375], "texture": "#0"},
				"east": {"uv": [11.25, 13.25, 11.375, 13.375], "texture": "#0"},
				"south": {"uv": [11.375, 13.25, 11.5, 13.375], "texture": "#0"},
				"west": {"uv": [11.5, 13.25, 11.625, 13.375], "texture": "#0"},
				"up": {"uv": [12.125, 13.375, 12, 13.25], "texture": "#0"},
				"down": {"uv": [12.5, 13.25, 12.375, 13.375], "texture": "#0"}
			}
		},
		{
			"name": "hexadecagon",
			"from": [7.90272, 4.8, -2],
			"to": [8.89728, 5.2, -1],
			"rotation": {"angle": 22.5, "axis": "z", "origin": [8.4, 7.3, -1.5]},
			"faces": {
				"north": {"uv": [12.5, 13.25, 12.625, 13.375], "texture": "#0"},
				"east": {"uv": [12.625, 13.25, 12.75, 13.375], "texture": "#0"},
				"south": {"uv": [12.75, 13.25, 12.875, 13.375], "texture": "#0"},
				"west": {"uv": [12.875, 13.25, 13, 13.375], "texture": "#0"},
				"up": {"uv": [13.125, 13.375, 13, 13.25], "texture": "#0"},
				"down": {"uv": [13.25, 13.25, 13.125, 13.375], "texture": "#0"}
			}
		},
		{
			"name": "hexadecagon",
			"from": [7.90272, 4.8, -2],
			"to": [8.89728, 5.2, -1],
			"rotation": {"angle": 45, "axis": "z", "origin": [8.4, 7.3, -1.5]},
			"faces": {
				"north": {"uv": [13.25, 13.25, 13.375, 13.375], "texture": "#0"},
				"east": {"uv": [13.25, 0.75, 13.375, 0.875], "texture": "#0"},
				"south": {"uv": [13.25, 0.875, 13.375, 1], "texture": "#0"},
				"west": {"uv": [13.25, 1, 13.375, 1.125], "texture": "#0"},
				"up": {"uv": [13.375, 1.25, 13.25, 1.125], "texture": "#0"},
				"down": {"uv": [13.375, 1.25, 13.25, 1.375], "texture": "#0"}
			}
		},
		{
			"name": "hexadecagon",
			"from": [7.90272, 9.4, -2],
			"to": [8.89728, 9.8, -1],
			"rotation": {"angle": -45, "axis": "z", "origin": [8.4, 7.3, -1.5]},
			"faces": {
				"north": {"uv": [5.75, 13.375, 5.875, 13.5], "texture": "#0"},
				"east": {"uv": [5.875, 13.375, 6, 13.5], "texture": "#0"},
				"south": {"uv": [6, 13.375, 6.125, 13.5], "texture": "#0"},
				"west": {"uv": [6.125, 13.375, 6.25, 13.5], "texture": "#0"},
				"up": {"uv": [6.375, 13.5, 6.25, 13.375], "texture": "#0"},
				"down": {"uv": [6.5, 13.375, 6.375, 13.5], "texture": "#0"}
			}
		},
		{
			"name": "hexadecagon",
			"from": [8.30272, 5.1, -1.5],
			"to": [8.59728, 9.4, -1.4],
			"rotation": {"angle": -45, "axis": "z", "origin": [8.4, 7.3, -1.5]},
			"faces": {
				"north": {"uv": [1.125, 12.875, 1.25, 13.375], "texture": "#0"},
				"east": {"uv": [1.25, 12.875, 1.375, 13.375], "texture": "#0"},
				"south": {"uv": [1.375, 12.875, 1.5, 13.375], "texture": "#0"},
				"west": {"uv": [1.5, 12.875, 1.625, 13.375], "texture": "#0"},
				"up": {"uv": [6.625, 13.5, 6.5, 13.375], "texture": "#0"},
				"down": {"uv": [6.75, 13.375, 6.625, 13.5], "texture": "#0"}
			}
		},
		{
			"name": "hexadecagon",
			"from": [6.2, 7.10272, -1.5],
			"to": [10.5, 7.39728, -1.4],
			"rotation": {"angle": -45, "axis": "z", "origin": [8.4, 7.3, -1.5]},
			"faces": {
				"north": {"uv": [12.75, 0.75, 13.25, 0.875], "texture": "#0"},
				"east": {"uv": [6.75, 13.375, 6.875, 13.5], "texture": "#0"},
				"south": {"uv": [12.75, 0.875, 13.25, 1], "texture": "#0"},
				"west": {"uv": [6.875, 13.375, 7, 13.5], "texture": "#0"},
				"up": {"uv": [13.25, 1.125, 12.75, 1], "texture": "#0"},
				"down": {"uv": [13.25, 1.25, 12.75, 1.375], "texture": "#0"}
			}
		},
		{
			"name": "hexadecagon",
			"from": [8.20272, 5.2, -1.5],
			"to": [8.49728, 9.5, -1.4],
			"rotation": {"angle": 0, "axis": "y", "origin": [8.4, 7.3, -1.5]},
			"faces": {
				"north": {"uv": [1.625, 12.875, 1.75, 13.375], "texture": "#0"},
				"east": {"uv": [1.75, 12.875, 1.875, 13.375], "texture": "#0"},
				"south": {"uv": [3.25, 12.875, 3.375, 13.375], "texture": "#0"},
				"west": {"uv": [3.375, 12.875, 3.5, 13.375], "texture": "#0"},
				"up": {"uv": [7.125, 13.5, 7, 13.375], "texture": "#0"},
				"down": {"uv": [7.25, 13.375, 7.125, 13.5], "texture": "#0"}
			}
		},
		{
			"name": "hexadecagon",
			"from": [6.3, 7.20272, -1.5],
			"to": [10.6, 7.49728, -1.4],
			"rotation": {"angle": 0, "axis": "y", "origin": [8.4, 7.3, -1.5]},
			"faces": {
				"north": {"uv": [12.75, 1.375, 13.25, 1.5], "texture": "#0"},
				"east": {"uv": [7.25, 13.375, 7.375, 13.5], "texture": "#0"},
				"south": {"uv": [12.75, 2.625, 13.25, 2.75], "texture": "#0"},
				"west": {"uv": [7.375, 13.375, 7.5, 13.5], "texture": "#0"},
				"up": {"uv": [13.25, 2.875, 12.75, 2.75], "texture": "#0"},
				"down": {"uv": [13.25, 2.875, 12.75, 3], "texture": "#0"}
			}
		},
		{
			"name": "hexadecagon",
			"from": [7.90272, 9.4, -2],
			"to": [8.89728, 9.8, -1],
			"rotation": {"angle": -22.5, "axis": "z", "origin": [8.4, 7.3, -1.5]},
			"faces": {
				"north": {"uv": [13.25, 1.375, 13.375, 1.5], "texture": "#0"},
				"east": {"uv": [13.25, 2.625, 13.375, 2.75], "texture": "#0"},
				"south": {"uv": [13.25, 2.75, 13.375, 2.875], "texture": "#0"},
				"west": {"uv": [13.25, 2.875, 13.375, 3], "texture": "#0"},
				"up": {"uv": [13.375, 3.125, 13.25, 3], "texture": "#0"},
				"down": {"uv": [13.375, 3.125, 13.25, 3.25], "texture": "#0"}
			}
		},
		{
			"name": "hexadecagon",
			"from": [7.90272, 9.4, -2],
			"to": [8.89728, 9.8, -1],
			"rotation": {"angle": 0, "axis": "y", "origin": [8.4, 7.3, -1.5]},
			"faces": {
				"north": {"uv": [13.25, 3.25, 13.375, 3.375], "texture": "#0"},
				"east": {"uv": [13.25, 3.375, 13.375, 3.5], "texture": "#0"},
				"south": {"uv": [13.25, 3.5, 13.375, 3.625], "texture": "#0"},
				"west": {"uv": [13.25, 3.625, 13.375, 3.75], "texture": "#0"},
				"up": {"uv": [13.375, 3.875, 13.25, 3.75], "texture": "#0"},
				"down": {"uv": [13.375, 3.875, 13.25, 4], "texture": "#0"}
			}
		},
		{
			"name": "hexadecagon",
			"from": [7.90272, 9.4, -2],
			"to": [8.89728, 9.8, -1],
			"rotation": {"angle": 22.5, "axis": "z", "origin": [8.4, 7.3, -1.5]},
			"faces": {
				"north": {"uv": [13.25, 4, 13.375, 4.125], "texture": "#0"},
				"east": {"uv": [13.25, 5, 13.375, 5.125], "texture": "#0"},
				"south": {"uv": [13.25, 5.125, 13.375, 5.25], "texture": "#0"},
				"west": {"uv": [13.25, 5.25, 13.375, 5.375], "texture": "#0"},
				"up": {"uv": [13.375, 5.5, 13.25, 5.375], "texture": "#0"},
				"down": {"uv": [13.375, 5.5, 13.25, 5.625], "texture": "#0"}
			}
		},
		{
			"name": "hexadecagon",
			"from": [7.90272, 9.4, -2],
			"to": [8.89728, 9.8, -1],
			"rotation": {"angle": 45, "axis": "z", "origin": [8.4, 7.3, -1.5]},
			"faces": {
				"north": {"uv": [13.25, 5.625, 13.375, 5.75], "texture": "#0"},
				"east": {"uv": [13.25, 5.75, 13.375, 5.875], "texture": "#0"},
				"south": {"uv": [13.25, 5.875, 13.375, 6], "texture": "#0"},
				"west": {"uv": [13.25, 6.875, 13.375, 7], "texture": "#0"},
				"up": {"uv": [13.375, 7.125, 13.25, 7], "texture": "#0"},
				"down": {"uv": [13.375, 7.125, 13.25, 7.25], "texture": "#0"}
			}
		},
		{
			"name": "hexadecagon",
			"from": [5.9, 6.80272, -2],
			"to": [6.3, 7.79728, -1],
			"rotation": {"angle": -22.5, "axis": "z", "origin": [8.4, 7.3, -1.5]},
			"faces": {
				"north": {"uv": [13.25, 7.25, 13.375, 7.375], "texture": "#0"},
				"east": {"uv": [13.25, 8, 13.375, 8.125], "texture": "#0"},
				"south": {"uv": [13.25, 8.125, 13.375, 8.25], "texture": "#0"},
				"west": {"uv": [13.25, 8.5, 13.375, 8.625], "texture": "#0"},
				"up": {"uv": [13.375, 8.75, 13.25, 8.625], "texture": "#0"},
				"down": {"uv": [13.375, 8.75, 13.25, 8.875], "texture": "#0"}
			}
		},
		{
			"name": "hexadecagon",
			"from": [5.9, 6.80272, -2],
			"to": [6.3, 7.79728, -1],
			"rotation": {"angle": 0, "axis": "y", "origin": [8.4, 7.3, -1.5]},
			"faces": {
				"north": {"uv": [13.25, 9.375, 13.375, 9.5], "texture": "#0"},
				"east": {"uv": [13.25, 11.625, 13.375, 11.75], "texture": "#0"},
				"south": {"uv": [13.25, 11.75, 13.375, 11.875], "texture": "#0"},
				"west": {"uv": [13.25, 12.25, 13.375, 12.375], "texture": "#0"},
				"up": {"uv": [13.375, 12.625, 13.25, 12.5], "texture": "#0"},
				"down": {"uv": [13.375, 12.625, 13.25, 12.75], "texture": "#0"}
			}
		},
		{
			"name": "hexadecagon",
			"from": [5.9, 6.80272, -2],
			"to": [6.3, 7.79728, -1],
			"rotation": {"angle": 22.5, "axis": "z", "origin": [8.4, 7.3, -1.5]},
			"faces": {
				"north": {"uv": [13.25, 12.75, 13.375, 12.875], "texture": "#0"},
				"east": {"uv": [13.25, 13.125, 13.375, 13.25], "texture": "#0"},
				"south": {"uv": [0.75, 13.375, 0.875, 13.5], "texture": "#0"},
				"west": {"uv": [0.875, 13.375, 1, 13.5], "texture": "#0"},
				"up": {"uv": [1.125, 13.5, 1, 13.375], "texture": "#0"},
				"down": {"uv": [1.25, 13.375, 1.125, 13.5], "texture": "#0"}
			}
		},
		{
			"name": "hexadecagon",
			"from": [10.5, 6.80272, -2],
			"to": [10.9, 7.79728, -1],
			"rotation": {"angle": -22.5, "axis": "z", "origin": [8.4, 7.3, -1.5]},
			"faces": {
				"north": {"uv": [1.25, 13.375, 1.375, 13.5], "texture": "#0"},
				"east": {"uv": [1.375, 13.375, 1.5, 13.5], "texture": "#0"},
				"south": {"uv": [1.5, 13.375, 1.625, 13.5], "texture": "#0"},
				"west": {"uv": [1.625, 13.375, 1.75, 13.5], "texture": "#0"},
				"up": {"uv": [1.875, 13.5, 1.75, 13.375], "texture": "#0"},
				"down": {"uv": [3, 13.375, 2.875, 13.5], "texture": "#0"}
			}
		},
		{
			"name": "hexadecagon",
			"from": [10.5, 6.80272, -2],
			"to": [10.9, 7.79728, -1],
			"rotation": {"angle": 0, "axis": "y", "origin": [8.4, 7.3, -1.5]},
			"faces": {
				"north": {"uv": [3, 13.375, 3.125, 13.5], "texture": "#0"},
				"east": {"uv": [3.125, 13.375, 3.25, 13.5], "texture": "#0"},
				"south": {"uv": [3.25, 13.375, 3.375, 13.5], "texture": "#0"},
				"west": {"uv": [3.375, 13.375, 3.5, 13.5], "texture": "#0"},
				"up": {"uv": [4.125, 13.5, 4, 13.375], "texture": "#0"},
				"down": {"uv": [4.5, 13.375, 4.375, 13.5], "texture": "#0"}
			}
		},
		{
			"name": "hexadecagon",
			"from": [10.5, 6.80272, -2],
			"to": [10.9, 7.79728, -1],
			"rotation": {"angle": 22.5, "axis": "z", "origin": [8.4, 7.3, -1.5]},
			"faces": {
				"north": {"uv": [4.75, 13.375, 4.875, 13.5], "texture": "#0"},
				"east": {"uv": [4.875, 13.375, 5, 13.5], "texture": "#0"},
				"south": {"uv": [5, 13.375, 5.125, 13.5], "texture": "#0"},
				"west": {"uv": [5.375, 13.375, 5.5, 13.5], "texture": "#0"},
				"up": {"uv": [5.625, 13.5, 5.5, 13.375], "texture": "#0"},
				"down": {"uv": [5.75, 13.375, 5.625, 13.5], "texture": "#0"}
			}
		},
		{
			"name": "hexadecagon",
			"from": [8.30054, 6.8, -2.4],
			"to": [8.49946, 7.8, -1.2],
			"rotation": {"angle": -45, "axis": "z", "origin": [8.4, 7.3, -1.9]},
			"faces": {
				"north": {"uv": [7.5, 13.375, 7.625, 13.5], "texture": "#0"},
				"east": {"uv": [7.625, 13.375, 7.75, 13.5], "texture": "#0"},
				"south": {"uv": [7.75, 13.375, 7.875, 13.5], "texture": "#0"},
				"west": {"uv": [7.875, 13.375, 8, 13.5], "texture": "#0"},
				"up": {"uv": [8.625, 13.5, 8.5, 13.375], "texture": "#0"},
				"down": {"uv": [8.75, 13.375, 8.625, 13.5], "texture": "#0"}
			}
		},
		{
			"name": "hexadecagon",
			"from": [8.30054, 6.8, -2.4],
			"to": [8.49946, 7.8, -1.2],
			"rotation": {"angle": -22.5, "axis": "z", "origin": [8.4, 7.3, -1.9]},
			"faces": {
				"north": {"uv": [8.75, 13.375, 8.875, 13.5], "texture": "#0"},
				"east": {"uv": [8.875, 13.375, 9, 13.5], "texture": "#0"},
				"south": {"uv": [9.5, 13.375, 9.625, 13.5], "texture": "#0"},
				"west": {"uv": [9.625, 13.375, 9.75, 13.5], "texture": "#0"},
				"up": {"uv": [11.375, 13.5, 11.25, 13.375], "texture": "#0"},
				"down": {"uv": [11.5, 13.375, 11.375, 13.5], "texture": "#0"}
			}
		},
		{
			"name": "hexadecagon",
			"from": [8.30054, 6.8, -2.4],
			"to": [8.49946, 7.8, -1.2],
			"rotation": {"angle": 0, "axis": "y", "origin": [8.4, 7.3, -1.9]},
			"faces": {
				"north": {"uv": [11.5, 13.375, 11.625, 13.5], "texture": "#0"},
				"east": {"uv": [12, 13.375, 12.125, 13.5], "texture": "#0"},
				"south": {"uv": [12.125, 13.375, 12.25, 13.5], "texture": "#0"},
				"west": {"uv": [12.25, 13.375, 12.375, 13.5], "texture": "#0"},
				"up": {"uv": [12.5, 13.5, 12.375, 13.375], "texture": "#0"},
				"down": {"uv": [12.625, 13.375, 12.5, 13.5], "texture": "#0"}
			}
		},
		{
			"name": "hexadecagon",
			"from": [8.30054, 6.8, -2.4],
			"to": [8.49946, 7.8, -1.2],
			"rotation": {"angle": 22.5, "axis": "z", "origin": [8.4, 7.3, -1.9]},
			"faces": {
				"north": {"uv": [12.625, 13.375, 12.75, 13.5], "texture": "#0"},
				"east": {"uv": [12.75, 13.375, 12.875, 13.5], "texture": "#0"},
				"south": {"uv": [12.875, 13.375, 13, 13.5], "texture": "#0"},
				"west": {"uv": [13, 13.375, 13.125, 13.5], "texture": "#0"},
				"up": {"uv": [13.25, 13.5, 13.125, 13.375], "texture": "#0"},
				"down": {"uv": [13.375, 13.375, 13.25, 13.5], "texture": "#0"}
			}
		},
		{
			"name": "hexadecagon",
			"from": [8.30054, 6.8, -2.4],
			"to": [8.49946, 7.8, -1.2],
			"rotation": {"angle": 45, "axis": "z", "origin": [8.4, 7.3, -1.9]},
			"faces": {
				"north": {"uv": [13.375, 13.375, 13.5, 13.5], "texture": "#0"},
				"east": {"uv": [13.375, 0.75, 13.5, 0.875], "texture": "#0"},
				"south": {"uv": [13.375, 0.875, 13.5, 1], "texture": "#0"},
				"west": {"uv": [13.375, 1, 13.5, 1.125], "texture": "#0"},
				"up": {"uv": [13.5, 1.25, 13.375, 1.125], "texture": "#0"},
				"down": {"uv": [13.5, 1.25, 13.375, 1.375], "texture": "#0"}
			}
		},
		{
			"name": "hexadecagon",
			"from": [7.9, 7.20054, -2.4],
			"to": [8.9, 7.39946, -1.2],
			"rotation": {"angle": -22.5, "axis": "z", "origin": [8.4, 7.3, -1.9]},
			"faces": {
				"north": {"uv": [13.375, 1.375, 13.5, 1.5], "texture": "#0"},
				"east": {"uv": [13.375, 2.625, 13.5, 2.75], "texture": "#0"},
				"south": {"uv": [13.375, 2.75, 13.5, 2.875], "texture": "#0"},
				"west": {"uv": [13.375, 2.875, 13.5, 3], "texture": "#0"},
				"up": {"uv": [13.5, 3.125, 13.375, 3], "texture": "#0"},
				"down": {"uv": [13.5, 3.125, 13.375, 3.25], "texture": "#0"}
			}
		},
		{
			"name": "hexadecagon",
			"from": [7.9, 7.20054, -2.4],
			"to": [8.9, 7.39946, -1.2],
			"rotation": {"angle": 0, "axis": "y", "origin": [8.4, 7.3, -1.9]},
			"faces": {
				"north": {"uv": [13.375, 3.25, 13.5, 3.375], "texture": "#0"},
				"east": {"uv": [13.375, 3.375, 13.5, 3.5], "texture": "#0"},
				"south": {"uv": [13.375, 3.5, 13.5, 3.625], "texture": "#0"},
				"west": {"uv": [13.375, 3.625, 13.5, 3.75], "texture": "#0"},
				"up": {"uv": [13.5, 3.875, 13.375, 3.75], "texture": "#0"},
				"down": {"uv": [13.5, 3.875, 13.375, 4], "texture": "#0"}
			}
		},
		{
			"name": "hexadecagon",
			"from": [7.9, 7.20054, -2.4],
			"to": [8.9, 7.39946, -1.2],
			"rotation": {"angle": 22.5, "axis": "z", "origin": [8.4, 7.3, -1.9]},
			"faces": {
				"north": {"uv": [13.375, 4, 13.5, 4.125], "texture": "#0"},
				"east": {"uv": [13.375, 4.25, 13.5, 4.375], "texture": "#0"},
				"south": {"uv": [13.375, 4.375, 13.5, 4.5], "texture": "#0"},
				"west": {"uv": [13.375, 4.5, 13.5, 4.625], "texture": "#0"},
				"up": {"uv": [13.5, 4.75, 13.375, 4.625], "texture": "#0"},
				"down": {"uv": [13.5, 4.75, 13.375, 4.875], "texture": "#0"}
			}
		}
	],
	"display": {
		"thirdperson_righthand": {
			"rotation": [68.5, 0, 0],
			"translation": [-16.5, 0, 0],
			"scale": [2.72, 2.5, 2.78]
		},
		"head": {
			"scale": [2.72, 2.5, 2.78]
		}
	},
	"groups": [0, 1, 2, 3, 4, 5, 6, 7, 8, 9, 10, 11, 12, 13, 14, 15, 16, 17, 18, 19, 20, 21, 22, 23, 24, 25, 26, 27, 28, 29, 30, 31, 32, 33, 34, 35, 36, 37, 38, 39, 40, 41, 42, 43, 44, 45, 46, 47, 48, 49, 50, 51, 52, 53, 54, 55, 56, 57, 58, 59, 60, 61, 62, 63, 64, 65, 66, 67, 68, 69, 70, 71, 72, 73, 74, 75, 76,
		{
			"name": "hexadecagon",
			"origin": [8, 8, 8],
			"color": 0,
			"children": [77, 78, 79, 80, 81, 82, 83, 84, 85, 86, 87, 88, 89, 90, 91, 92, 93, 94, 95, 96]
		},
		{
			"name": "hexadecagon",
			"origin": [8, 8, 8],
			"color": 0,
			"children": [97, 98, 99, 100, 101, 102, 103, 104]
		}
	]
}