{
	"credit": "Made with Blockbench",
	"texture_size": [64, 64],
	"textures": {
		"0": "hats/eyes_octopus",
		"1": "hats/tentacles_octopus",
		"2": "hats/head_octopus",
		"particle": "hats/eyes_octopus"
	},
	"elements": [
		{
			"from": [0.8, 11.8, 0],
			"to": [14.5, 26.8, 13.25],
			"rotation": {"angle": 0, "axis": "y", "origin": [8, 19.8, 8]},
			"faces": {
				"north": {"uv": [4.25, 4.25, 7.75, 8], "texture": "#2"},
				"east": {"uv": [7.75, 0, 11, 3.75], "texture": "#2"},
				"south": {"uv": [4.25, 0, 7.75, 3.75], "texture": "#2"},
				"west": {"uv": [7.75, 3.75, 11, 7.5], "texture": "#2"},
				"up": {"uv": [7.75, 11.25, 4.25, 8], "texture": "#2"},
				"down": {"uv": [14.5, 2.75, 11, 6], "texture": "#2"}
			}
		},
		{
			"from": [-0.5, 17.8, 3.3],
			"to": [16, 28.8, 15.85],
			"rotation": {"angle": 0, "axis": "y", "origin": [7.5, 25.8, 11.3]},
			"faces": {
				"north": {"uv": [0, 10, 4.25, 12.75], "texture": "#2"},
				"east": {"uv": [11.5, 6, 14.75, 8.75], "texture": "#2"},
				"south": {"uv": [11, 0, 15.25, 2.75], "texture": "#2"},
				"west": {"uv": [11.75, 11.75, 15, 14.5], "texture": "#2"},
				"up": {"uv": [4.25, 3.25, 0, 0], "texture": "#2"},
				"down": {"uv": [4.25, 3.25, 0, 6.5], "texture": "#2"}
			}
		},
		{
			"from": [0, 22.3, 5.5],
			"to": [15.3, 31.9, 19.55],
			"rotation": {"angle": 0, "axis": "y", "origin": [8, 30.3, 13.5]},
			"faces": {
				"north": {"uv": [4.25, 11.25, 8, 13.75], "texture": "#2"},
				"east": {"uv": [11.5, 8.75, 15, 11.25], "texture": "#2"},
				"south": {"uv": [8, 11.25, 11.75, 13.75], "texture": "#2"},
				"west": {"uv": [0, 12.75, 3.5, 15.25], "texture": "#2"},
				"up": {"uv": [3.75, 10, 0, 6.5], "texture": "#2"},
				"down": {"uv": [11.5, 7.75, 7.75, 11.25], "texture": "#2"}
			}
		},
		{
			"from": [5.38837, 17.05406, -1.2],
			"to": [9.88837, 19.15406, 0.5],
			"rotation": {"angle": 0, "axis": "y", "origin": [-0.81163, 25.35406, 7.5]},
			"faces": {
				"north": {"uv": [5, 0, 10, 2], "texture": "#0"},
				"east": {"uv": [4, 9, 6, 11], "texture": "#0"},
				"south": {"uv": [5, 2, 10, 4], "texture": "#0"},
				"west": {"uv": [6, 9, 8, 11], "texture": "#0"},
				"up": {"uv": [5, 8, 0, 6], "texture": "#0"},
				"down": {"uv": [10, 7, 5, 9], "texture": "#0"}
			}
		},
		{
			"from": [5.38837, 15.05406, -0.2],
			"to": [9.88837, 17.15406, 1.5],
			"rotation": {"angle": 0, "axis": "y", "origin": [-0.81163, 23.35406, 8.5]},
			"faces": {
				"north": {"uv": [0, 0, 5, 2], "texture": "#0"},
				"east": {"uv": [0, 8, 2, 10], "texture": "#0"},
				"south": {"uv": [0, 2, 5, 4], "texture": "#0"},
				"west": {"uv": [2, 8, 4, 10], "texture": "#0"},
				"up": {"uv": [5, 6, 0, 4], "texture": "#0"},
				"down": {"uv": [10, 5, 5, 7], "texture": "#0"}
			}
		},
		{
			"from": [11, 7.61547, 8.00943],
			"to": [14, 9.21547, 11.20943],
			"rotation": {"angle": -22.5, "axis": "x", "origin": [11.7, 16.21547, 2.90943]},
			"faces": {
				"north": {"uv": [6, 0, 6.75, 0.5], "texture": "#1"},
				"east": {"uv": [6, 0.5, 6.75, 1], "texture": "#1"},
				"south": {"uv": [6, 1, 6.75, 1.5], "texture": "#1"},
				"west": {"uv": [6, 1.5, 6.75, 2], "texture": "#1"},
				"up": {"uv": [1.5, 3, 0.75, 2.25], "texture": "#1"},
				"down": {"uv": [2.25, 2.25, 1.5, 3], "texture": "#1"}
			}
		},
		{
			"from": [11, 2.9653, 7.4563],
			"to": [14, 4.5653, 10.6563],
			"rotation": {"angle": -45, "axis": "x", "origin": [11.7, 11.5653, 2.3563]},
			"faces": {
				"north": {"uv": [6, 2, 6.75, 2.5], "texture": "#1"},
				"east": {"uv": [6, 2.5, 6.75, 3], "texture": "#1"},
				"south": {"uv": [6, 3, 6.75, 3.5], "texture": "#1"},
				"west": {"uv": [6, 3.5, 6.75, 4], "texture": "#1"},
				"up": {"uv": [3, 3, 2.25, 2.25], "texture": "#1"},
				"down": {"uv": [3, 0, 2.25, 0.75], "texture": "#1"}
			}
		},
		{
			"from": [11.3, 12.15742, 10.62482],
			"to": [13.8, 15.35742, 14.02482],
			"rotation": {"angle": 22.5, "axis": "x", "origin": [11.7, 7.05742, 3.62482]},
			"faces": {
				"north": {"uv": [2.25, 0.75, 3, 1.5], "texture": "#1"},
				"east": {"uv": [2.25, 1.5, 3, 2.25], "texture": "#1"},
				"south": {"uv": [0, 3, 0.75, 3.75], "texture": "#1"},
				"west": {"uv": [0.75, 3, 1.5, 3.75], "texture": "#1"},
				"up": {"uv": [2.25, 3.75, 1.5, 3], "texture": "#1"},
				"down": {"uv": [3, 3, 2.25, 3.75], "texture": "#1"}
			}
		},
		{
			"from": [11.5, 8.0893, 15.18485],
			"to": [13.5, 10.3893, 17.38485],
			"rotation": {"angle": 0, "axis": "y", "origin": [11.7, 2.0893, 8.18485]},
			"faces": {
				"north": {"uv": [4.5, 8.25, 5, 8.75], "texture": "#1"},
				"east": {"uv": [5, 8.25, 5.5, 8.75], "texture": "#1"},
				"south": {"uv": [5.5, 8.25, 6, 8.75], "texture": "#1"},
				"west": {"uv": [6, 8.25, 6.5, 8.75], "texture": "#1"},
				"up": {"uv": [7, 8.75, 6.5, 8.25], "texture": "#1"},
				"down": {"uv": [7.5, 8.25, 7, 8.75], "texture": "#1"}
			}
		},
		{
			"from": [11.5, 4.70012, 14.74143],
			"to": [13.5, 7.00012, 17.94143],
			"rotation": {"angle": -22.5, "axis": "x", "origin": [11.7, 13.00012, 7.74143]},
			"faces": {
				"north": {"uv": [7.5, 8.25, 8, 8.75], "texture": "#1"},
				"east": {"uv": [6, 4, 6.75, 4.5], "texture": "#1"},
				"south": {"uv": [8, 8.25, 8.5, 8.75], "texture": "#1"},
				"west": {"uv": [6, 4.5, 6.75, 5], "texture": "#1"},
				"up": {"uv": [6.5, 5.75, 6, 5], "texture": "#1"},
				"down": {"uv": [0.5, 6.5, 0, 7.25], "texture": "#1"}
			}
		},
		{
			"from": [11.9, 2.13026, 16.9468],
			"to": [13.2, 3.83026, 20.1468],
			"rotation": {"angle": -45, "axis": "x", "origin": [11.8, 9.83026, 9.9468]},
			"faces": {
				"north": {"uv": [9, 7.25, 9.25, 7.75], "texture": "#1"},
				"east": {"uv": [0.5, 6.5, 1.25, 7], "texture": "#1"},
				"south": {"uv": [9, 7.75, 9.25, 8.25], "texture": "#1"},
				"west": {"uv": [1.25, 6.5, 2, 7], "texture": "#1"},
				"up": {"uv": [1.25, 9.75, 1, 9], "texture": "#1"},
				"down": {"uv": [1.5, 9, 1.25, 9.75], "texture": "#1"}
			}
		},
		{
			"from": [11.9, 15.07754, 18.81135],
			"to": [13.2, 17.47754, 20.51135],
			"rotation": {"angle": 22.5, "axis": "x", "origin": [11.8, 8.07754, 12.81135]},
			"faces": {
				"north": {"uv": [9, 8.25, 9.25, 8.75], "texture": "#1"},
				"east": {"uv": [0.5, 8.5, 1, 9], "texture": "#1"},
				"south": {"uv": [0, 9.25, 0.25, 9.75], "texture": "#1"},
				"west": {"uv": [1, 8.5, 1.5, 9], "texture": "#1"},
				"up": {"uv": [0.5, 9.75, 0.25, 9.25], "texture": "#1"},
				"down": {"uv": [1.75, 9.25, 1.5, 9.75], "texture": "#1"}
			}
		},
		{
			"from": [1.4, 7.61547, 8.00943],
			"to": [4.4, 9.21547, 11.20943],
			"rotation": {"angle": -22.5, "axis": "x", "origin": [2.1, 16.21547, 2.90943]},
			"faces": {
				"north": {"uv": [6, 0, 6.75, 0.5], "texture": "#1"},
				"east": {"uv": [6, 0.5, 6.75, 1], "texture": "#1"},
				"south": {"uv": [6, 1, 6.75, 1.5], "texture": "#1"},
				"west": {"uv": [6, 1.5, 6.75, 2], "texture": "#1"},
				"up": {"uv": [1.5, 3, 0.75, 2.25], "texture": "#1"},
				"down": {"uv": [2.25, 2.25, 1.5, 3], "texture": "#1"}
			}
		},
		{
			"from": [1.4, 2.9653, 7.4563],
			"to": [4.4, 4.5653, 10.6563],
			"rotation": {"angle": -45, "axis": "x", "origin": [2.1, 11.5653, 2.3563]},
			"faces": {
				"north": {"uv": [6, 2, 6.75, 2.5], "texture": "#1"},
				"east": {"uv": [6, 2.5, 6.75, 3], "texture": "#1"},
				"south": {"uv": [6, 3, 6.75, 3.5], "texture": "#1"},
				"west": {"uv": [6, 3.5, 6.75, 4], "texture": "#1"},
				"up": {"uv": [3, 3, 2.25, 2.25], "texture": "#1"},
				"down": {"uv": [3, 0, 2.25, 0.75], "texture": "#1"}
			}
		},
		{
			"from": [1.7, 12.15742, 10.62482],
			"to": [4.2, 15.35742, 14.02482],
			"rotation": {"angle": 22.5, "axis": "x", "origin": [2.1, 7.05742, 3.62482]},
			"faces": {
				"north": {"uv": [2.25, 0.75, 3, 1.5], "texture": "#1"},
				"east": {"uv": [2.25, 1.5, 3, 2.25], "texture": "#1"},
				"south": {"uv": [0, 3, 0.75, 3.75], "texture": "#1"},
				"west": {"uv": [0.75, 3, 1.5, 3.75], "texture": "#1"},
				"up": {"uv": [2.25, 3.75, 1.5, 3], "texture": "#1"},
				"down": {"uv": [3, 3, 2.25, 3.75], "texture": "#1"}
			}
		},
		{
			"from": [1.9, 8.0893, 15.18485],
			"to": [3.9, 10.3893, 17.38485],
			"rotation": {"angle": 0, "axis": "y", "origin": [2.1, 2.0893, 8.18485]},
			"faces": {
				"north": {"uv": [4.5, 8.25, 5, 8.75], "texture": "#1"},
				"east": {"uv": [5, 8.25, 5.5, 8.75], "texture": "#1"},
				"south": {"uv": [5.5, 8.25, 6, 8.75], "texture": "#1"},
				"west": {"uv": [6, 8.25, 6.5, 8.75], "texture": "#1"},
				"up": {"uv": [7, 8.75, 6.5, 8.25], "texture": "#1"},
				"down": {"uv": [7.5, 8.25, 7, 8.75], "texture": "#1"}
			}
		},
		{
			"from": [1.9, 4.70012, 14.74143],
			"to": [3.9, 7.00012, 17.94143],
			"rotation": {"angle": -22.5, "axis": "x", "origin": [2.1, 13.00012, 7.74143]},
			"faces": {
				"north": {"uv": [7.5, 8.25, 8, 8.75], "texture": "#1"},
				"east": {"uv": [6, 4, 6.75, 4.5], "texture": "#1"},
				"south": {"uv": [8, 8.25, 8.5, 8.75], "texture": "#1"},
				"west": {"uv": [6, 4.5, 6.75, 5], "texture": "#1"},
				"up": {"uv": [6.5, 5.75, 6, 5], "texture": "#1"},
				"down": {"uv": [0.5, 6.5, 0, 7.25], "texture": "#1"}
			}
		},
		{
			"from": [2.3, 2.13026, 16.9468],
			"to": [3.6, 3.83026, 20.1468],
			"rotation": {"angle": -45, "axis": "x", "origin": [2.2, 9.83026, 9.9468]},
			"faces": {
				"north": {"uv": [9, 7.25, 9.25, 7.75], "texture": "#1"},
				"east": {"uv": [0.5, 6.5, 1.25, 7], "texture": "#1"},
				"south": {"uv": [9, 7.75, 9.25, 8.25], "texture": "#1"},
				"west": {"uv": [1.25, 6.5, 2, 7], "texture": "#1"},
				"up": {"uv": [1.25, 9.75, 1, 9], "texture": "#1"},
				"down": {"uv": [1.5, 9, 1.25, 9.75], "texture": "#1"}
			}
		},
		{
			"from": [2.3, 15.07754, 18.81135],
			"to": [3.6, 17.47754, 20.51135],
			"rotation": {"angle": 22.5, "axis": "x", "origin": [2.2, 8.07754, 12.81135]},
			"faces": {
				"north": {"uv": [9, 8.25, 9.25, 8.75], "texture": "#1"},
				"east": {"uv": [0.5, 8.5, 1, 9], "texture": "#1"},
				"south": {"uv": [0, 9.25, 0.25, 9.75], "texture": "#1"},
				"west": {"uv": [1, 8.5, 1.5, 9], "texture": "#1"},
				"up": {"uv": [0.5, 9.75, 0.25, 9.25], "texture": "#1"},
				"down": {"uv": [1.75, 9.25, 1.5, 9.75], "texture": "#1"}
			}
		},
		{
			"from": [2.99057, 7.71547, 8.7],
			"to": [6.19057, 9.31547, 11.7],
			"rotation": {"angle": -22.5, "axis": "z", "origin": [11.29057, 16.31547, 9.4]},
			"faces": {
				"north": {"uv": [2, 6.5, 2.75, 7], "texture": "#1"},
				"east": {"uv": [4, 6.5, 4.75, 7], "texture": "#1"},
				"south": {"uv": [4.75, 6.5, 5.5, 7], "texture": "#1"},
				"west": {"uv": [6.5, 6.5, 7.25, 7], "texture": "#1"},
				"up": {"uv": [3.75, 3.75, 3, 3], "texture": "#1"},
				"down": {"uv": [3.75, 0, 3, 0.75], "texture": "#1"}
			}
		},
		{
			"from": [3.5437, 3.0653, 8.7],
			"to": [6.7437, 4.6653, 11.7],
			"rotation": {"angle": -45, "axis": "z", "origin": [11.8437, 11.6653, 9.4]},
			"faces": {
				"north": {"uv": [6.5, 5, 7.25, 5.5], "texture": "#1"},
				"east": {"uv": [6.5, 5.5, 7.25, 6], "texture": "#1"},
				"south": {"uv": [6.5, 6, 7.25, 6.5], "texture": "#1"},
				"west": {"uv": [2.75, 6.75, 3.5, 7.25], "texture": "#1"},
				"up": {"uv": [3.75, 1.5, 3, 0.75], "texture": "#1"},
				"down": {"uv": [3.75, 1.5, 3, 2.25], "texture": "#1"}
			}
		},
		{
			"from": [0.17518, 12.25742, 9],
			"to": [3.57518, 15.45742, 11.5],
			"rotation": {"angle": 22.5, "axis": "z", "origin": [10.57518, 7.15742, 9.4]},
			"faces": {
				"north": {"uv": [3, 2.25, 3.75, 3], "texture": "#1"},
				"east": {"uv": [0, 3.75, 0.75, 4.5], "texture": "#1"},
				"south": {"uv": [0.75, 3.75, 1.5, 4.5], "texture": "#1"},
				"west": {"uv": [1.5, 3.75, 2.25, 4.5], "texture": "#1"},
				"up": {"uv": [3, 4.5, 2.25, 3.75], "texture": "#1"},
				"down": {"uv": [3.75, 3.75, 3, 4.5], "texture": "#1"}
			}
		},
		{
			"from": [-3.18485, 8.1893, 9.2],
			"to": [-0.98485, 10.4893, 11.2],
			"rotation": {"angle": 0, "axis": "y", "origin": [6.01515, 2.1893, 9.4]},
			"faces": {
				"north": {"uv": [1.5, 8.5, 2, 9], "texture": "#1"},
				"east": {"uv": [2, 8.5, 2.5, 9], "texture": "#1"},
				"south": {"uv": [3, 8.5, 3.5, 9], "texture": "#1"},
				"west": {"uv": [8.5, 8.5, 9, 9], "texture": "#1"},
				"up": {"uv": [9, 0.5, 8.5, 0], "texture": "#1"},
				"down": {"uv": [9, 0.5, 8.5, 1], "texture": "#1"}
			}
		},
		{
			"from": [-3.74143, 4.80012, 9.2],
			"to": [-0.54143, 7.10012, 11.2],
			"rotation": {"angle": -22.5, "axis": "z", "origin": [6.45857, 13.10012, 9.4]},
			"faces": {
				"north": {"uv": [5.5, 6.75, 6.25, 7.25], "texture": "#1"},
				"east": {"uv": [8.5, 1, 9, 1.5], "texture": "#1"},
				"south": {"uv": [6.75, 0, 7.5, 0.5], "texture": "#1"},
				"west": {"uv": [8.5, 1.5, 9, 2], "texture": "#1"},
				"up": {"uv": [7.5, 1, 6.75, 0.5], "texture": "#1"},
				"down": {"uv": [7.5, 1, 6.75, 1.5], "texture": "#1"}
			}
		},
		{
			"from": [-5.9468, 2.23026, 9.6],
			"to": [-2.7468, 3.93026, 10.9],
			"rotation": {"angle": -45, "axis": "z", "origin": [4.2532, 9.93026, 9.5]},
			"faces": {
				"north": {"uv": [6.75, 1.5, 7.5, 2], "texture": "#1"},
				"east": {"uv": [1.75, 9.25, 2, 9.75], "texture": "#1"},
				"south": {"uv": [6.75, 2, 7.5, 2.5], "texture": "#1"},
				"west": {"uv": [2, 9.25, 2.25, 9.75], "texture": "#1"},
				"up": {"uv": [2.25, 9.25, 1.5, 9], "texture": "#1"},
				"down": {"uv": [9.25, 9, 8.5, 9.25], "texture": "#1"}
			}
		},
		{
			"from": [-6.31135, 15.17754, 9.6],
			"to": [-4.61135, 18.37754, 10.9],
			"rotation": {"angle": 22.5, "axis": "z", "origin": [1.38865, 8.17754, 9.5]},
			"faces": {
				"north": {"uv": [3.5, 6.75, 4, 7.5], "texture": "#1"},
				"east": {"uv": [2.25, 9, 2.5, 9.75], "texture": "#1"},
				"south": {"uv": [6.75, 2.5, 7.25, 3.25], "texture": "#1"},
				"west": {"uv": [3, 9, 3.25, 9.75], "texture": "#1"},
				"up": {"uv": [6.5, 6, 6, 5.75], "texture": "#1"},
				"down": {"uv": [7.25, 4.75, 6.75, 5], "texture": "#1"}
			}
		},
		{
			"from": [-2.80613, 14.18158, 2.1],
			"to": [-1.20613, 17.38158, 5.1],
			"rotation": {"angle": 22.5, "axis": "z", "origin": [5.79387, 22.48158, 2.8]},
			"faces": {
				"north": {"uv": [6.75, 3.25, 7.25, 4], "texture": "#1"},
				"east": {"uv": [3.75, 3.75, 4.5, 4.5], "texture": "#1"},
				"south": {"uv": [6.75, 4, 7.25, 4.75], "texture": "#1"},
				"west": {"uv": [3.75, 0, 4.5, 0.75], "texture": "#1"},
				"up": {"uv": [1, 7.75, 0.5, 7], "texture": "#1"},
				"down": {"uv": [1.5, 7, 1, 7.75], "texture": "#1"}
			}
		},
		{
			"from": [-7.4563, 14.7347, 2.1],
			"to": [-5.8563, 17.9347, 5.1],
			"rotation": {"angle": 45, "axis": "z", "origin": [1.1437, 23.0347, 2.8]},
			"faces": {
				"north": {"uv": [1.5, 7, 2, 7.75], "texture": "#1"},
				"east": {"uv": [3.75, 0.75, 4.5, 1.5], "texture": "#1"},
				"south": {"uv": [2, 7, 2.5, 7.75], "texture": "#1"},
				"west": {"uv": [3.75, 1.5, 4.5, 2.25], "texture": "#1"},
				"up": {"uv": [4.5, 7.75, 4, 7], "texture": "#1"},
				"down": {"uv": [5, 7, 4.5, 7.75], "texture": "#1"}
			}
		},
		{
			"from": [1.73582, 11.36618, 2.4],
			"to": [4.93582, 14.76618, 4.9],
			"rotation": {"angle": -22.5, "axis": "z", "origin": [-3.36418, 21.76618, 2.8]},
			"faces": {
				"north": {"uv": [3.75, 2.25, 4.5, 3], "texture": "#1"},
				"east": {"uv": [3.75, 3, 4.5, 3.75], "texture": "#1"},
				"south": {"uv": [0, 4.5, 0.75, 5.25], "texture": "#1"},
				"west": {"uv": [0.75, 4.5, 1.5, 5.25], "texture": "#1"},
				"up": {"uv": [2.25, 5.25, 1.5, 4.5], "texture": "#1"},
				"down": {"uv": [3, 4.5, 2.25, 5.25], "texture": "#1"}
			}
		},
		{
			"from": [-2.3323, 8.00615, 2.6],
			"to": [-0.0323, 10.20615, 4.6],
			"rotation": {"angle": 0, "axis": "y", "origin": [-8.3323, 17.20615, 2.8]},
			"faces": {
				"north": {"uv": [8.5, 2, 9, 2.5], "texture": "#1"},
				"east": {"uv": [8.5, 2.5, 9, 3], "texture": "#1"},
				"south": {"uv": [8.5, 3, 9, 3.5], "texture": "#1"},
				"west": {"uv": [8.5, 3.5, 9, 4], "texture": "#1"},
				"up": {"uv": [9, 4.5, 8.5, 4], "texture": "#1"},
				"down": {"uv": [9, 4.5, 8.5, 5], "texture": "#1"}
			}
		},
		{
			"from": [0.97829, 7.44958, 2.6],
			"to": [3.27829, 10.64958, 4.6],
			"rotation": {"angle": -22.5, "axis": "z", "origin": [-5.02171, 17.64958, 4.4]},
			"faces": {
				"north": {"uv": [5, 7, 5.5, 7.75], "texture": "#1"},
				"east": {"uv": [6.25, 7, 6.75, 7.75], "texture": "#1"},
				"south": {"uv": [6.75, 7, 7.25, 7.75], "texture": "#1"},
				"west": {"uv": [0, 7.25, 0.5, 8], "texture": "#1"},
				"up": {"uv": [9, 5.5, 8.5, 5], "texture": "#1"},
				"down": {"uv": [9, 5.5, 8.5, 6], "texture": "#1"}
			}
		},
		{
			"from": [4.14814, 5.24421, 2.9],
			"to": [5.84814, 8.44421, 4.2],
			"rotation": {"angle": -45, "axis": "z", "origin": [-1.85186, 15.44421, 4.3]},
			"faces": {
				"north": {"uv": [2.5, 7.25, 3, 8], "texture": "#1"},
				"east": {"uv": [3.25, 9, 3.5, 9.75], "texture": "#1"},
				"south": {"uv": [3, 7.25, 3.5, 8], "texture": "#1"},
				"west": {"uv": [9, 0, 9.25, 0.75], "texture": "#1"},
				"up": {"uv": [7.75, 7.25, 7.25, 7], "texture": "#1"},
				"down": {"uv": [8.5, 2, 8, 2.25], "texture": "#1"}
			}
		},
		{
			"from": [-10.29913, 4.87965, 2.9],
			"to": [-7.09913, 6.57965, 4.2],
			"rotation": {"angle": 22.5, "axis": "z", "origin": [-0.09913, 12.57965, 4.3]},
			"faces": {
				"north": {"uv": [5.5, 7.25, 6.25, 7.75], "texture": "#1"},
				"east": {"uv": [2.5, 9.25, 2.75, 9.75], "texture": "#1"},
				"south": {"uv": [7.25, 7.25, 8, 7.75], "texture": "#1"},
				"west": {"uv": [2.75, 9.25, 3, 9.75], "texture": "#1"},
				"up": {"uv": [9.75, 1, 9, 0.75], "texture": "#1"},
				"down": {"uv": [9.75, 1, 9, 1.25], "texture": "#1"}
			}
		},
		{
			"from": [16.80613, 14.18158, 2.1],
			"to": [18.40613, 17.38158, 5.1],
			"rotation": {"angle": -22.5, "axis": "z", "origin": [9.80613, 22.48158, 2.8]},
			"faces": {
				"north": {"uv": [7.25, 2.5, 7.75, 3.25], "texture": "#1"},
				"east": {"uv": [3, 4.5, 3.75, 5.25], "texture": "#1"},
				"south": {"uv": [7.25, 3.25, 7.75, 4], "texture": "#1"},
				"west": {"uv": [3.75, 4.5, 4.5, 5.25], "texture": "#1"},
				"up": {"uv": [7.75, 4.75, 7.25, 4], "texture": "#1"},
				"down": {"uv": [7.75, 4.75, 7.25, 5.5], "texture": "#1"}
			}
		},
		{
			"from": [21.4563, 14.7347, 2.1],
			"to": [23.0563, 17.9347, 5.1],
			"rotation": {"angle": -45, "axis": "z", "origin": [14.4563, 23.0347, 2.8]},
			"faces": {
				"north": {"uv": [7.25, 5.5, 7.75, 6.25], "texture": "#1"},
				"east": {"uv": [4.5, 4.5, 5.25, 5.25], "texture": "#1"},
				"south": {"uv": [7.25, 6.25, 7.75, 7], "texture": "#1"},
				"west": {"uv": [4.5, 0, 5.25, 0.75], "texture": "#1"},
				"up": {"uv": [4, 8.25, 3.5, 7.5], "texture": "#1"},
				"down": {"uv": [8, 0, 7.5, 0.75], "texture": "#1"}
			}
		},
		{
			"from": [10.66418, 11.36618, 2.4],
			"to": [13.86418, 14.76618, 4.9],
			"rotation": {"angle": 22.5, "axis": "z", "origin": [18.96418, 21.76618, 2.8]},
			"faces": {
				"north": {"uv": [4.5, 0.75, 5.25, 1.5], "texture": "#1"},
				"east": {"uv": [4.5, 1.5, 5.25, 2.25], "texture": "#1"},
				"south": {"uv": [4.5, 2.25, 5.25, 3], "texture": "#1"},
				"west": {"uv": [4.5, 3, 5.25, 3.75], "texture": "#1"},
				"up": {"uv": [5.25, 4.5, 4.5, 3.75], "texture": "#1"},
				"down": {"uv": [0.75, 5.25, 0, 6], "texture": "#1"}
			}
		},
		{
			"from": [15.6323, 8.00615, 2.6],
			"to": [17.9323, 10.20615, 4.6],
			"rotation": {"angle": 0, "axis": "y", "origin": [23.9323, 17.20615, 2.8]},
			"faces": {
				"north": {"uv": [8.5, 6, 9, 6.5], "texture": "#1"},
				"east": {"uv": [8.5, 6.5, 9, 7], "texture": "#1"},
				"south": {"uv": [8.5, 7, 9, 7.5], "texture": "#1"},
				"west": {"uv": [8.5, 7.5, 9, 8], "texture": "#1"},
				"up": {"uv": [9, 8.5, 8.5, 8], "texture": "#1"},
				"down": {"uv": [0.5, 8.75, 0, 9.25], "texture": "#1"}
			}
		},
		{
			"from": [12.32171, 7.44958, 2.6],
			"to": [14.62171, 10.64958, 4.6],
			"rotation": {"angle": 22.5, "axis": "z", "origin": [20.62171, 17.64958, 4.4]},
			"faces": {
				"north": {"uv": [7.5, 0.75, 8, 1.5], "texture": "#1"},
				"east": {"uv": [7.5, 1.5, 8, 2.25], "texture": "#1"},
				"south": {"uv": [0.5, 7.75, 1, 8.5], "texture": "#1"},
				"west": {"uv": [1, 7.75, 1.5, 8.5], "texture": "#1"},
				"up": {"uv": [3, 9.25, 2.5, 8.75], "texture": "#1"},
				"down": {"uv": [4, 8.75, 3.5, 9.25], "texture": "#1"}
			}
		},
		{
			"from": [9.75186, 5.24421, 2.9],
			"to": [11.45186, 8.44421, 4.2],
			"rotation": {"angle": 45, "axis": "z", "origin": [17.45186, 15.44421, 4.3]},
			"faces": {
				"north": {"uv": [1.5, 7.75, 2, 8.5], "texture": "#1"},
				"east": {"uv": [9, 1.25, 9.25, 2], "texture": "#1"},
				"south": {"uv": [2, 7.75, 2.5, 8.5], "texture": "#1"},
				"west": {"uv": [9, 2, 9.25, 2.75], "texture": "#1"},
				"up": {"uv": [9.5, 9, 9, 8.75], "texture": "#1"},
				"down": {"uv": [4, 9.25, 3.5, 9.5], "texture": "#1"}
			}
		},
		{
			"from": [22.69913, 4.87965, 2.9],
			"to": [25.89913, 6.57965, 4.2],
			"rotation": {"angle": -22.5, "axis": "z", "origin": [15.69913, 12.57965, 4.3]},
			"faces": {
				"north": {"uv": [4, 7.75, 4.75, 8.25], "texture": "#1"},
				"east": {"uv": [4, 9.25, 4.25, 9.75], "texture": "#1"},
				"south": {"uv": [4.75, 7.75, 5.5, 8.25], "texture": "#1"},
				"west": {"uv": [4.25, 9.25, 4.5, 9.75], "texture": "#1"},
				"up": {"uv": [9.75, 3, 9, 2.75], "texture": "#1"},
				"down": {"uv": [9.75, 3, 9, 3.25], "texture": "#1"}
			}
		},
		{
			"from": [9.20943, 7.71547, 8.1],
			"to": [12.40943, 9.31547, 11.1],
			"rotation": {"angle": 22.5, "axis": "z", "origin": [4.10943, 16.31547, 8.8]},
			"faces": {
				"north": {"uv": [2.75, 6.5, 2, 7], "texture": "#1"},
				"east": {"uv": [7.25, 6.5, 6.5, 7], "texture": "#1"},
				"south": {"uv": [5.5, 6.5, 4.75, 7], "texture": "#1"},
				"west": {"uv": [4.75, 6.5, 4, 7], "texture": "#1"},
				"up": {"uv": [3, 3.75, 3.75, 3], "texture": "#1"},
				"down": {"uv": [3, 0, 3.75, 0.75], "texture": "#1"}
			}
		},
		{
			"from": [8.6563, 3.0653, 8.1],
			"to": [11.8563, 4.6653, 11.1],
			"rotation": {"angle": 45, "axis": "z", "origin": [3.5563, 11.6653, 8.8]},
			"faces": {
				"north": {"uv": [7.25, 5, 6.5, 5.5], "texture": "#1"},
				"east": {"uv": [3.5, 6.75, 2.75, 7.25], "texture": "#1"},
				"south": {"uv": [7.25, 6, 6.5, 6.5], "texture": "#1"},
				"west": {"uv": [7.25, 5.5, 6.5, 6], "texture": "#1"},
				"up": {"uv": [3, 1.5, 3.75, 0.75], "texture": "#1"},
				"down": {"uv": [3, 1.5, 3.75, 2.25], "texture": "#1"}
			}
		},
		{
			"from": [11.82482, 12.25742, 8.4],
			"to": [15.22482, 15.45742, 10.9],
			"rotation": {"angle": -22.5, "axis": "z", "origin": [4.82482, 7.15742, 8.8]},
			"faces": {
				"north": {"uv": [3.75, 2.25, 3, 3], "texture": "#1"},
				"east": {"uv": [2.25, 3.75, 1.5, 4.5], "texture": "#1"},
				"south": {"uv": [1.5, 3.75, 0.75, 4.5], "texture": "#1"},
				"west": {"uv": [0.75, 3.75, 0, 4.5], "texture": "#1"},
				"up": {"uv": [2.25, 4.5, 3, 3.75], "texture": "#1"},
				"down": {"uv": [3, 3.75, 3.75, 4.5], "texture": "#1"}
			}
		},
		{
			"from": [16.38485, 8.1893, 8.6],
			"to": [18.58485, 10.4893, 10.6],
			"rotation": {"angle": 0, "axis": "y", "origin": [9.38485, 2.1893, 8.8]},
			"faces": {
				"north": {"uv": [2, 8.5, 1.5, 9], "texture": "#1"},
				"east": {"uv": [9, 8.5, 8.5, 9], "texture": "#1"},
				"south": {"uv": [3.5, 8.5, 3, 9], "texture": "#1"},
				"west": {"uv": [2.5, 8.5, 2, 9], "texture": "#1"},
				"up": {"uv": [8.5, 0.5, 9, 0], "texture": "#1"},
				"down": {"uv": [8.5, 0.5, 9, 1], "texture": "#1"}
			}
		},
		{
			"from": [15.94143, 4.80012, 8.6],
			"to": [19.14143, 7.10012, 10.6],
			"rotation": {"angle": 22.5, "axis": "z", "origin": [8.94143, 13.10012, 8.8]},
			"faces": {
				"north": {"uv": [6.25, 6.75, 5.5, 7.25], "texture": "#1"},
				"east": {"uv": [9, 1.5, 8.5, 2], "texture": "#1"},
				"south": {"uv": [7.5, 0, 6.75, 0.5], "texture": "#1"},
				"west": {"uv": [9, 1, 8.5, 1.5], "texture": "#1"},
				"up": {"uv": [6.75, 1, 7.5, 0.5], "texture": "#1"},
				"down": {"uv": [6.75, 1, 7.5, 1.5], "texture": "#1"}
			}
		},
		{
			"from": [18.1468, 2.23026, 9],
			"to": [21.3468, 3.93026, 10.3],
			"rotation": {"angle": 45, "axis": "z", "origin": [11.1468, 9.93026, 8.9]},
			"faces": {
				"north": {"uv": [7.5, 1.5, 6.75, 2], "texture": "#1"},
				"east": {"uv": [2.25, 9.25, 2, 9.75], "texture": "#1"},
				"south": {"uv": [7.5, 2, 6.75, 2.5], "texture": "#1"},
				"west": {"uv": [2, 9.25, 1.75, 9.75], "texture": "#1"},
				"up": {"uv": [1.5, 9.25, 2.25, 9], "texture": "#1"},
				"down": {"uv": [8.5, 9, 9.25, 9.25], "texture": "#1"}
			}
		},
		{
			"from": [20.01135, 15.17754, 9],
			"to": [21.71135, 18.37754, 10.3],
			"rotation": {"angle": -22.5, "axis": "z", "origin": [14.01135, 8.17754, 8.9]},
			"faces": {
				"north": {"uv": [4, 6.75, 3.5, 7.5], "texture": "#1"},
				"east": {"uv": [3.25, 9, 3, 9.75], "texture": "#1"},
				"south": {"uv": [7.25, 2.5, 6.75, 3.25], "texture": "#1"},
				"west": {"uv": [2.5, 9, 2.25, 9.75], "texture": "#1"},
				"up": {"uv": [6, 6, 6.5, 5.75], "texture": "#1"},
				"down": {"uv": [6.75, 4.75, 7.25, 5], "texture": "#1"}
			}
		}
	],
	"display": {
		"thirdperson_righthand": {
			"scale": [-0.39, -0.37, -0.37]
		},
		"thirdperson_lefthand": {
			"scale": [0.5, 0.5, 0.5]
		},
		"firstperson_righthand": {
			"scale": [0.5, 0.5, 0.5]
		},
		"firstperson_lefthand": {
			"scale": [0.5, 0.5, 0.5]
		},
		"ground": {
			"scale": [0.5, 0.5, 0.5]
		},
		"gui": {
			"rotation": [-177, 0, -180],
			"translation": [0.25, -6.25, 0],
			"scale": [0.5, 0.5, 0.5]
		},
		"head": {
			"translation": [0.25, 2, 1.25],
			"scale": [1, 0.91, 1]
		},
		"fixed": {
			"translation": [0, -5.25, -4],
			"scale": [0.5, 0.5, 0.5]
		}
	},
	"groups": [
		{
			"name": "head",
			"origin": [8, 8, 8],
			"children": [0, 1, 2]
		},
		{
			"name": "eye",
			"origin": [8, 8, 8],
			"children": [3, 4,
				{
					"name": "tentacle back2",
					"origin": [8, 8, 8],
					"children": [5, 6, 7, 8, 9, 10, 11]
				},
				{
					"name": "tentacle back1",
					"origin": [8, 8, 8],
					"children": [12, 13, 14, 15, 16, 17, 18]
				}
			]
		},
		{
			"name": "tentacle rside1",
			"origin": [8, 8, 8],
			"children": [19, 20, 21, 22, 23, 24, 25]
		},
		{
			"name": "tentacle rside2",
			"origin": [8, 8, 8],
			"children": [26, 27, 28, 29, 30, 31, 32]
		},
		{
			"name": "tentacle lside2",
			"origin": [8, 8, 8],
			"children": [33, 34, 35, 36, 37, 38, 39]
		},
		{
			"name": "tentacle lside1",
			"origin": [8, 8, 8],
			"children": [40, 41, 42, 43, 44, 45, 46]
		}
	]
}