{
	"credit": "Made with Blockbench",
	"texture_size": [64, 64],
	"textures": {
		"0": "hats/tridenthat",
		"particle": "hats/tridenthat"
	},
	"elements": [
		{
			"from": [1.6, 11, 0],
			"to": [13.9, 12, 1],
			"rotation": {"angle": 0, "axis": "y", "origin": [8, 19, 8]},
			"faces": {
				"north": {"uv": [5.25, 5, 8.25, 5.25], "texture": "#0"},
				"east": {"uv": [1.5, 4.25, 1.75, 4.5], "texture": "#0"},
				"south": {"uv": [0.5, 5.5, 3.5, 5.75], "texture": "#0"},
				"west": {"uv": [1.75, 4.25, 2, 4.5], "texture": "#0"},
				"up": {"uv": [8.5, 5.75, 5.5, 5.5], "texture": "#0"},
				"down": {"uv": [8.5, 5.25, 5.5, 5.5], "texture": "#0"}
			}
		},
		{
			"from": [1.6, 11, 14.1],
			"to": [13.9, 12, 15.1],
			"rotation": {"angle": 0, "axis": "y", "origin": [8, 19, 22.1]},
			"faces": {
				"north": {"uv": [0.5, 5.75, 3.5, 6], "texture": "#0"},
				"east": {"uv": [0.75, 7, 1, 7.25], "texture": "#0"},
				"south": {"uv": [5.5, 5.75, 8.5, 6], "texture": "#0"},
				"west": {"uv": [1, 7, 1.25, 7.25], "texture": "#0"},
				"up": {"uv": [3.5, 6.25, 0.5, 6], "texture": "#0"},
				"down": {"uv": [8.5, 6, 5.5, 6.25], "texture": "#0"}
			}
		},
		{
			"from": [2.6, 12, 13.1],
			"to": [12.9, 14.7, 14.1],
			"rotation": {"angle": 0, "axis": "y", "origin": [8, 19, 21.1]},
			"faces": {
				"north": {"uv": [4, 2.25, 6.5, 3], "texture": "#0"},
				"east": {"uv": [4.5, 5.5, 4.75, 6.25], "texture": "#0"},
				"south": {"uv": [4, 3, 6.5, 3.75], "texture": "#0"},
				"west": {"uv": [4.75, 5.5, 5, 6.25], "texture": "#0"},
				"up": {"uv": [3, 6.75, 0.5, 6.5], "texture": "#0"},
				"down": {"uv": [8, 6.5, 5.5, 6.75], "texture": "#0"}
			}
		},
		{
			"from": [4.6, 16, 11.1],
			"to": [10.9, 17.7, 12.1],
			"rotation": {"angle": 0, "axis": "y", "origin": [8, 23, 19.1]},
			"faces": {
				"north": {"uv": [4, 2.25, 6.5, 3], "texture": "#0"},
				"east": {"uv": [4.5, 5.5, 4.75, 6.25], "texture": "#0"},
				"south": {"uv": [4, 3, 6.5, 3.75], "texture": "#0"},
				"west": {"uv": [4.75, 5.5, 5, 6.25], "texture": "#0"},
				"up": {"uv": [3, 6.75, 0.5, 6.5], "texture": "#0"},
				"down": {"uv": [8, 6.5, 5.5, 6.75], "texture": "#0"}
			}
		},
		{
			"from": [4.6, 16, 2.9],
			"to": [10.9, 17.7, 3.9],
			"rotation": {"angle": 0, "axis": "y", "origin": [8, 23, -4.1]},
			"faces": {
				"north": {"uv": [6.5, 3, 4, 3.75], "texture": "#0"},
				"east": {"uv": [4.75, 5.5, 4.5, 6.25], "texture": "#0"},
				"south": {"uv": [6.5, 2.25, 4, 3], "texture": "#0"},
				"west": {"uv": [5, 5.5, 4.75, 6.25], "texture": "#0"},
				"up": {"uv": [3, 6.5, 0.5, 6.75], "texture": "#0"},
				"down": {"uv": [8, 6.75, 5.5, 6.5], "texture": "#0"}
			}
		},
		{
			"from": [2.6, 12, 0.9],
			"to": [12.9, 14.7, 1.9],
			"rotation": {"angle": 0, "axis": "y", "origin": [8, 19, 8.9]},
			"faces": {
				"north": {"uv": [0, 4.75, 2.5, 5.5], "texture": "#0"},
				"east": {"uv": [3.25, 6.25, 3.5, 7], "texture": "#0"},
				"south": {"uv": [2.5, 4.75, 5, 5.5], "texture": "#0"},
				"west": {"uv": [4.5, 6.25, 4.75, 7], "texture": "#0"},
				"up": {"uv": [9, 2.5, 6.5, 2.25], "texture": "#0"},
				"down": {"uv": [9, 2.5, 6.5, 2.75], "texture": "#0"}
			}
		},
		{
			"from": [11.9, 12, 1.9],
			"to": [12.9, 14.7, 13.1],
			"rotation": {"angle": 0, "axis": "y", "origin": [4.9, 19, 7.3]},
			"faces": {
				"north": {"uv": [4.75, 6.25, 5, 7], "texture": "#0"},
				"east": {"uv": [2, 0, 4.75, 0.75], "texture": "#0"},
				"south": {"uv": [3, 6.5, 3.25, 7.25], "texture": "#0"},
				"west": {"uv": [2, 0.75, 4.75, 1.5], "texture": "#0"},
				"up": {"uv": [3.75, 8.25, 3.5, 5.5], "texture": "#0"},
				"down": {"uv": [4, 5.5, 3.75, 8.25], "texture": "#0"}
			}
		},
		{
			"from": [3.6, 14.7, 1.9],
			"to": [11.9, 16.1, 13.1],
			"rotation": {"angle": 0, "axis": "y", "origin": [3.9, 19, 7.3]},
			"faces": {
				"north": {"uv": [2, 1.5, 4, 1.75], "texture": "#0"},
				"east": {"uv": [0.5, 6.25, 3.25, 6.5], "texture": "#0"},
				"south": {"uv": [2, 1.75, 4, 2], "texture": "#0"},
				"west": {"uv": [5.5, 6.25, 8.25, 6.5], "texture": "#0"},
				"up": {"uv": [2, 2.75, 0, 0], "texture": "#0"},
				"down": {"uv": [4, 2, 2, 4.75], "texture": "#0"}
			}
		},
		{
			"from": [2.6, 12, 1.9],
			"to": [3.6, 14.7, 13.1],
			"rotation": {"angle": 0, "axis": "y", "origin": [-4.4, 19, 7.3]},
			"faces": {
				"north": {"uv": [6.5, 2.75, 6.75, 3.5], "texture": "#0"},
				"east": {"uv": [4, 4, 6.75, 4.75], "texture": "#0"},
				"south": {"uv": [0.5, 6.75, 0.75, 7.5], "texture": "#0"},
				"west": {"uv": [4, 1.5, 6.75, 2.25], "texture": "#0"},
				"up": {"uv": [4.25, 8.25, 4, 5.5], "texture": "#0"},
				"down": {"uv": [4.5, 5.5, 4.25, 8.25], "texture": "#0"}
			}
		},
		{
			"from": [4.6, 16, 3.9],
			"to": [5.6, 17.7, 11.1],
			"rotation": {"angle": 0, "axis": "y", "origin": [-2.4, 23, 7.3]},
			"faces": {
				"north": {"uv": [6.5, 2.75, 6.75, 3.5], "texture": "#0"},
				"east": {"uv": [4, 4, 6.75, 4.75], "texture": "#0"},
				"south": {"uv": [0.5, 6.75, 0.75, 7.5], "texture": "#0"},
				"west": {"uv": [4, 1.5, 6.75, 2.25], "texture": "#0"},
				"up": {"uv": [4.25, 8.25, 4, 5.5], "texture": "#0"},
				"down": {"uv": [4.5, 5.5, 4.25, 8.25], "texture": "#0"}
			}
		},
		{
			"from": [4.9, 16, 3.9],
			"to": [10.9, 17.7, 11.1],
			"rotation": {"angle": 0, "axis": "y", "origin": [17.9, 23, 7.3]},
			"faces": {
				"north": {"uv": [6.75, 2.75, 6.5, 3.5], "texture": "#0"},
				"east": {"uv": [6.75, 1.5, 4, 2.25], "texture": "#0"},
				"south": {"uv": [0.75, 6.75, 0.5, 7.5], "texture": "#0"},
				"west": {"uv": [6.75, 4, 4, 4.75], "texture": "#0"},
				"up": {"uv": [4, 8.25, 4.25, 5.5], "texture": "#0"},
				"down": {"uv": [4.25, 5.5, 4.5, 8.25], "texture": "#0"}
			}
		},
		{
			"from": [12.9, 11, 1],
			"to": [13.9, 12, 14.2],
			"rotation": {"angle": 0, "axis": "y", "origin": [5.9, 19, 7.4]},
			"faces": {
				"north": {"uv": [1.25, 7, 1.5, 7.25], "texture": "#0"},
				"east": {"uv": [4.75, 0.75, 8, 1], "texture": "#0"},
				"south": {"uv": [1.5, 7, 1.75, 7.25], "texture": "#0"},
				"west": {"uv": [4.75, 1, 8, 1.25], "texture": "#0"},
				"up": {"uv": [5.25, 8.25, 5, 5], "texture": "#0"},
				"down": {"uv": [5.5, 5.25, 5.25, 8.5], "texture": "#0"}
			}
		},
		{
			"from": [1.6, 11, 1],
			"to": [2.6, 12, 14.2],
			"rotation": {"angle": 0, "axis": "y", "origin": [-5.4, 19, 7.4]},
			"faces": {
				"north": {"uv": [1.75, 7, 2, 7.25], "texture": "#0"},
				"east": {"uv": [4.75, 1.25, 8, 1.5], "texture": "#0"},
				"south": {"uv": [2, 7, 2.25, 7.25], "texture": "#0"},
				"west": {"uv": [5, 4.75, 8.25, 5], "texture": "#0"},
				"up": {"uv": [0.25, 8.75, 0, 5.5], "texture": "#0"},
				"down": {"uv": [0.5, 5.5, 0.25, 8.75], "texture": "#0"}
			}
		},
		{
			"from": [7.55959, 16.79012, 0.5],
			"to": [11.05959, 17.79012, 0.9],
			"rotation": {"angle": 22.5, "axis": "z", "origin": [10.75959, 24.79012, 8.5]},
			"faces": {
				"north": {"uv": [0, 2.75, 1, 3], "texture": "#0"},
				"east": {"uv": [1.5, 4.5, 1.75, 4.75], "texture": "#0"},
				"south": {"uv": [1, 2.75, 2, 3], "texture": "#0"},
				"west": {"uv": [1.75, 4.5, 2, 4.75], "texture": "#0"},
				"up": {"uv": [1, 3.25, 0, 3], "texture": "#0"},
				"down": {"uv": [2, 3, 1, 3.25], "texture": "#0"}
			}
		},
		{
			"from": [16.47868, 17.02902, 0.5],
			"to": [17.17868, 17.72902, 0.9],
			"rotation": {"angle": -22.5, "axis": "z", "origin": [16.87868, 25.02902, 8.5]},
			"faces": {
				"north": {"uv": [6.5, 3.5, 6.75, 3.75], "texture": "#0"},
				"east": {"uv": [0.75, 6.75, 1, 7], "texture": "#0"},
				"south": {"uv": [1, 6.75, 1.25, 7], "texture": "#0"},
				"west": {"uv": [1.25, 6.75, 1.5, 7], "texture": "#0"},
				"up": {"uv": [1.75, 7, 1.5, 6.75], "texture": "#0"},
				"down": {"uv": [2, 6.75, 1.75, 7], "texture": "#0"}
			}
		},
		{
			"from": [10.9, 16.3, 0.5],
			"to": [11.9, 19.8, 0.9],
			"rotation": {"angle": -22.5, "axis": "z", "origin": [3.9, 19.5, 8.5]},
			"faces": {
				"north": {"uv": [0, 3.25, 0.25, 4.25], "texture": "#0"},
				"east": {"uv": [0.25, 3.25, 0.5, 4.25], "texture": "#0"},
				"south": {"uv": [0.5, 3.25, 0.75, 4.25], "texture": "#0"},
				"west": {"uv": [0.75, 3.25, 1, 4.25], "texture": "#0"},
				"up": {"uv": [2.25, 7, 2, 6.75], "texture": "#0"},
				"down": {"uv": [2.5, 6.75, 2.25, 7], "texture": "#0"}
			}
		},
		{
			"from": [-2.6, 12.1, 0.5],
			"to": [13.4, 13.1, 0.9],
			"rotation": {"angle": 22.5, "axis": "z", "origin": [5.4, 20.1, 8.5]},
			"faces": {
				"north": {"uv": [4, 3.75, 8, 4], "texture": "#0"},
				"east": {"uv": [2.5, 6.75, 2.75, 7], "texture": "#0"},
				"south": {"uv": [4.75, 0, 8.75, 0.25], "texture": "#0"},
				"west": {"uv": [2.75, 6.75, 3, 7], "texture": "#0"},
				"up": {"uv": [8.75, 0.5, 4.75, 0.25], "texture": "#0"},
				"down": {"uv": [8.75, 0.5, 4.75, 0.75], "texture": "#0"}
			}
		},
		{
			"from": [18.23296, 15.28556, 0.5],
			"to": [18.93296, 15.98556, 0.9],
			"rotation": {"angle": -22.5, "axis": "z", "origin": [18.63296, 23.28556, 8.5]},
			"faces": {
				"north": {"uv": [5.5, 6.75, 5.75, 7], "texture": "#0"},
				"east": {"uv": [5.75, 6.75, 6, 7], "texture": "#0"},
				"south": {"uv": [6, 6.75, 6.25, 7], "texture": "#0"},
				"west": {"uv": [6.25, 6.75, 6.5, 7], "texture": "#0"},
				"up": {"uv": [6.75, 7, 6.5, 6.75], "texture": "#0"},
				"down": {"uv": [7, 6.75, 6.75, 7], "texture": "#0"}
			}
		},
		{
			"from": [8.91064, 12.60978, 0.5],
			"to": [12.41064, 13.60978, 0.9],
			"rotation": {"angle": 22.5, "axis": "z", "origin": [12.11064, 20.60978, 8.5]},
			"faces": {
				"north": {"uv": [1, 3.25, 2, 3.5], "texture": "#0"},
				"east": {"uv": [6.75, 1.5, 7, 1.75], "texture": "#0"},
				"south": {"uv": [1, 3.5, 2, 3.75], "texture": "#0"},
				"west": {"uv": [6.75, 1.75, 7, 2], "texture": "#0"},
				"up": {"uv": [2, 4, 1, 3.75], "texture": "#0"},
				"down": {"uv": [2, 4, 1, 4.25], "texture": "#0"}
			}
		},
		{
			"from": [17.82973, 12.84868, 0.5],
			"to": [18.52973, 13.54868, 0.9],
			"rotation": {"angle": -22.5, "axis": "z", "origin": [18.22973, 20.84868, 8.5]},
			"faces": {
				"north": {"uv": [6.75, 2, 7, 2.25], "texture": "#0"},
				"east": {"uv": [6.75, 2.75, 7, 3], "texture": "#0"},
				"south": {"uv": [6.75, 3, 7, 3.25], "texture": "#0"},
				"west": {"uv": [6.75, 3.25, 7, 3.5], "texture": "#0"},
				"up": {"uv": [7, 3.75, 6.75, 3.5], "texture": "#0"},
				"down": {"uv": [7, 4, 6.75, 4.25], "texture": "#0"}
			}
		},
		{
			"from": [11.8, 11.5, 0.5],
			"to": [15.3, 12.5, 0.9],
			"rotation": {"angle": -22.5, "axis": "z", "origin": [15, 19.5, 8.5]},
			"faces": {
				"north": {"uv": [0, 4.25, 0.75, 4.5], "texture": "#0"},
				"east": {"uv": [6.75, 4.25, 7, 4.5], "texture": "#0"},
				"south": {"uv": [0.75, 4.25, 1.5, 4.5], "texture": "#0"},
				"west": {"uv": [6.75, 4.5, 7, 4.75], "texture": "#0"},
				"up": {"uv": [0.75, 4.75, 0, 4.5], "texture": "#0"},
				"down": {"uv": [1.5, 4.5, 0.75, 4.75], "texture": "#0"}
			}
		}
	],
	"display": {
		"thirdperson_righthand": {
			"rotation": [67.5, 0, 0],
			"translation": [-5.75, -1.25, 14.75]
		},
		"thirdperson_lefthand": {
			"rotation": [67.5, 0, 0],
			"translation": [-6.25, -1.25, 14.75]
		},
		"firstperson_righthand": {
			"rotation": [-32.25, 0, 0],
			"translation": [0, -3.5, 0]
		},
		"firstperson_lefthand": {
			"rotation": [-36.5, 0, 0],
			"translation": [0, -4.75, 0]
		},
		"gui": {
			"translation": [0, -5.5, 0]
		},
		"head": {
			"translation": [0.5, -1.25, 0.5],
			"scale": [1.39, 1.28, 1.19]
		}
	},
	"groups": [0, 1, 2, 3, 4, 5, 6, 7, 8, 9, 10, 11, 12,
		{
			"name": "trident",
			"origin": [15, 18.4, 7.7],
			"color": 0,
			"children": []
		},
		{
			"name": "trident",
			"origin": [15, 18.4, 7.7],
			"color": 0,
			"children": [13, 14, 15, 16, 17, 18, 19, 20]
		}
	]
}