{
	"credit": "Made with Blockbench",
	"texture_size": [64, 64],
	"textures": {
		"0": "hats/crown",
		"particle": "hats/crown"
	},
	"elements": [
		{
			"from": [-6.27382, 0.5, 4.27382],
			"to": [-4.57382, 4.1, 15.67382],
			"rotation": {"angle": 0, "axis": "y", "origin": [1.72618, 8, 14.27382]},
			"faces": {
				"north": {"uv": [12, 12, 12.5, 13], "texture": "#0"},
				"east": {"uv": [0, 0, 2.75, 1], "texture": "#0"},
				"south": {"uv": [5, 12.25, 5.5, 13.25], "texture": "#0"},
				"west": {"uv": [0, 1, 2.75, 2], "texture": "#0"},
				"up": {"uv": [0.5, 12, 0, 9.25], "texture": "#0"},
				"down": {"uv": [1, 9.25, 0.5, 12], "texture": "#0"}
			}
		},
		{
			"from": [1.7872, 0.5, 22.03483],
			"to": [13.1872, 4.1, 23.73483],
			"rotation": {"angle": 0, "axis": "y", "origin": [3.1872, 8, 30.03483]},
			"faces": {
				"north": {"uv": [0, 5, 2.75, 6], "texture": "#0"},
				"east": {"uv": [13, 13, 13.5, 14], "texture": "#0"},
				"south": {"uv": [5.5, 5.5, 8.25, 6.5], "texture": "#0"},
				"west": {"uv": [13, 0, 13.5, 1], "texture": "#0"},
				"up": {"uv": [11.25, 5, 8.5, 4.5], "texture": "#0"},
				"down": {"uv": [11.25, 5, 8.5, 5.5], "texture": "#0"}
			}
		},
		{
			"from": [1.7872, 0.5, -3.7872],
			"to": [13.1872, 4.1, -2.0872],
			"rotation": {"angle": 0, "axis": "y", "origin": [3.1872, 8, 4.2128]},
			"faces": {
				"north": {"uv": [5.5, 2, 8.25, 3], "texture": "#0"},
				"east": {"uv": [13, 3, 13.5, 4], "texture": "#0"},
				"south": {"uv": [5.5, 3, 8.25, 4], "texture": "#0"},
				"west": {"uv": [13, 8.75, 13.5, 9.75], "texture": "#0"},
				"up": {"uv": [11.75, 7.75, 9, 7.25], "texture": "#0"},
				"down": {"uv": [11.75, 7.75, 9, 8.25], "texture": "#0"}
			}
		},
		{
			"from": [-11.13864, 0.5, 13.11854],
			"to": [0.26136, 4.1, 14.81854],
			"rotation": {"angle": -45, "axis": "y", "origin": [-9.73864, 8, 21.11854]},
			"faces": {
				"north": {"uv": [5.5, 0, 8.25, 1], "texture": "#0"},
				"east": {"uv": [13, 1, 13.5, 2], "texture": "#0"},
				"south": {"uv": [5.5, 1, 8.25, 2], "texture": "#0"},
				"west": {"uv": [13, 2, 13.5, 3], "texture": "#0"},
				"up": {"uv": [11.75, 6.75, 9, 6.25], "texture": "#0"},
				"down": {"uv": [11.75, 6.75, 9, 7.25], "texture": "#0"}
			}
		},
		{
			"from": [19.54822, 0.5, 4.27382],
			"to": [21.24822, 4.1, 15.67382],
			"rotation": {"angle": 0, "axis": "y", "origin": [13.24822, 8, 14.27382]},
			"faces": {
				"north": {"uv": [12.5, 3.5, 13, 4.5], "texture": "#0"},
				"east": {"uv": [0, 3, 2.75, 4], "texture": "#0"},
				"south": {"uv": [12.5, 9.25, 13, 10.25], "texture": "#0"},
				"west": {"uv": [2.75, 3.75, 5.5, 4.75], "texture": "#0"},
				"up": {"uv": [3.5, 12, 3, 9.25], "texture": "#0"},
				"down": {"uv": [4, 9.25, 3.5, 12], "texture": "#0"}
			}
		},
		{
			"from": [-7.62701, 0.5, -1.05928],
			"to": [-5.92701, 4.1, 10.34072],
			"rotation": {"angle": -45, "axis": "y", "origin": [0.37299, 8, 8.94072]},
			"faces": {
				"north": {"uv": [5.5, 12.25, 6, 13.25], "texture": "#0"},
				"east": {"uv": [0, 2, 2.75, 3], "texture": "#0"},
				"south": {"uv": [6, 12.25, 6.5, 13.25], "texture": "#0"},
				"west": {"uv": [2.75, 2.75, 5.5, 3.75], "texture": "#0"},
				"up": {"uv": [1.5, 12, 1, 9.25], "texture": "#0"},
				"down": {"uv": [2, 9.25, 1.5, 12], "texture": "#0"}
			}
		},
		{
			"from": [20.90141, 0.5, -1.05928],
			"to": [22.60141, 4.1, 10.34072],
			"rotation": {"angle": 45, "axis": "y", "origin": [14.60141, 8, 8.94072]},
			"faces": {
				"north": {"uv": [6.5, 12.25, 7, 13.25], "texture": "#0"},
				"east": {"uv": [2.75, 0, 5.5, 1], "texture": "#0"},
				"south": {"uv": [12.5, 12.5, 13, 13.5], "texture": "#0"},
				"west": {"uv": [2.75, 1, 5.5, 2], "texture": "#0"},
				"up": {"uv": [2.5, 12, 2, 9.25], "texture": "#0"},
				"down": {"uv": [3, 9.25, 2.5, 12], "texture": "#0"}
			}
		},
		{
			"from": [20.90141, 0.5, 9.60691],
			"to": [22.60141, 4.1, 21.00691],
			"rotation": {"angle": -45, "axis": "y", "origin": [14.60141, 8, 11.00691]},
			"faces": {
				"north": {"uv": [12.75, 7.75, 13.25, 8.75], "texture": "#0"},
				"east": {"uv": [0, 4, 2.75, 5], "texture": "#0"},
				"south": {"uv": [12, 13, 12.5, 14], "texture": "#0"},
				"west": {"uv": [2.75, 4.75, 5.5, 5.75], "texture": "#0"},
				"up": {"uv": [4.5, 12, 4, 9.25], "texture": "#0"},
				"down": {"uv": [5, 9.25, 4.5, 12], "texture": "#0"}
			}
		},
		{
			"from": [-7.27382, 2.3, 3.87382],
			"to": [-5.87382, 4.8, 16.17382],
			"rotation": {"angle": 0, "axis": "y", "origin": [0.72618, 9.7, 14.27382]},
			"faces": {
				"north": {"uv": [11.75, 7.75, 12, 8.25], "texture": "#0"},
				"east": {"uv": [5.5, 4, 8.5, 4.5], "texture": "#0"},
				"south": {"uv": [12, 7.75, 12.25, 8.25], "texture": "#0"},
				"west": {"uv": [5.5, 4.5, 8.5, 5], "texture": "#0"},
				"up": {"uv": [7.25, 14.75, 7, 11.75], "texture": "#0"},
				"down": {"uv": [7.5, 11.75, 7.25, 14.75], "texture": "#0"}
			}
		},
		{
			"from": [21.82618, 4.8, 4.47382],
			"to": [21.82618, 6.4, 15.07382],
			"rotation": {"angle": 0, "axis": "y", "origin": [29.42618, 12.2, 14.27382]},
			"faces": {
				"north": {"uv": [0, 0, 0, 0.5], "texture": "#0"},
				"east": {"uv": [5, 9.25, 7.75, 9.75], "texture": "#0"},
				"south": {"uv": [0, 0, 0, 0.5], "texture": "#0"},
				"west": {"uv": [7.75, 9.25, 10.5, 9.75], "texture": "#0"},
				"up": {"uv": [0, 2.75, 0, 0], "texture": "#0"},
				"down": {"uv": [0, 0, 0, 2.75], "texture": "#0"}
			}
		},
		{
			"from": [-6.57382, 4.8, 4.67382],
			"to": [-6.57382, 6.4, 15.27382],
			"rotation": {"angle": 0, "axis": "y", "origin": [1.02618, 12.2, 14.47382]},
			"faces": {
				"north": {"uv": [0, 0, 0, 0.5], "texture": "#0"},
				"east": {"uv": [10, 8.25, 12.75, 8.75], "texture": "#0"},
				"south": {"uv": [0, 0, 0, 0.5], "texture": "#0"},
				"west": {"uv": [10, 8.75, 12.75, 9.25], "texture": "#0"},
				"up": {"uv": [0, 2.75, 0, 0], "texture": "#0"},
				"down": {"uv": [0, 0, 0, 2.75], "texture": "#0"}
			}
		},
		{
			"from": [2.32618, 4.8, 24.17382],
			"to": [12.92618, 6.4, 24.17382],
			"rotation": {"angle": 0, "axis": "y", "origin": [12.12618, 12.2, 16.57382]},
			"faces": {
				"north": {"uv": [5, 10.25, 7.75, 10.75], "texture": "#0"},
				"east": {"uv": [0, 0, 0, 0.5], "texture": "#0"},
				"south": {"uv": [7.75, 10.25, 10.5, 10.75], "texture": "#0"},
				"west": {"uv": [0, 0, 0, 0.5], "texture": "#0"},
				"up": {"uv": [2.75, 0, 0, 0], "texture": "#0"},
				"down": {"uv": [2.75, 0, 0, 0], "texture": "#0"}
			}
		},
		{
			"from": [3.72618, 6.4, 24.17382],
			"to": [11.62618, 9, 24.17382],
			"rotation": {"angle": 0, "axis": "y", "origin": [12.12618, 13.8, 16.57382]},
			"faces": {
				"north": {"uv": [2.75, 2, 4.75, 2.75], "texture": "#0"},
				"east": {"uv": [0, 0, 0, 0.75], "texture": "#0"},
				"south": {"uv": [3, 5.75, 5, 6.5], "texture": "#0"},
				"west": {"uv": [0, 0, 0, 0.75], "texture": "#0"},
				"up": {"uv": [2, 0, 0, 0], "texture": "#0"},
				"down": {"uv": [2, 0, 0, 0], "texture": "#0"}
			}
		},
		{
			"from": [3.72618, 6.4, -4.12618],
			"to": [11.62618, 9, -4.12618],
			"rotation": {"angle": 0, "axis": "y", "origin": [12.12618, 13.8, -11.72618]},
			"faces": {
				"north": {"uv": [8.25, 0, 10.25, 0.75], "texture": "#0"},
				"east": {"uv": [0, 0, 0, 0.75], "texture": "#0"},
				"south": {"uv": [8.25, 0.75, 10.25, 1.5], "texture": "#0"},
				"west": {"uv": [0, 0, 0, 0.75], "texture": "#0"},
				"up": {"uv": [2, 0, 0, 0], "texture": "#0"},
				"down": {"uv": [2, 0, 0, 0], "texture": "#0"}
			}
		},
		{
			"from": [21.72618, 6.4, 6.07382],
			"to": [21.72618, 9, 13.97382],
			"rotation": {"angle": 0, "axis": "y", "origin": [14.12618, 13.8, 5.57382]},
			"faces": {
				"north": {"uv": [0, 0, 0, 0.75], "texture": "#0"},
				"east": {"uv": [8.25, 3, 10.25, 3.75], "texture": "#0"},
				"south": {"uv": [0, 0, 0, 0.75], "texture": "#0"},
				"west": {"uv": [8.25, 5.5, 10.25, 6.25], "texture": "#0"},
				"up": {"uv": [0, 2, 0, 0], "texture": "#0"},
				"down": {"uv": [0, 0, 0, 2], "texture": "#0"}
			}
		},
		{
			"from": [-6.57382, 6.4, 6.07382],
			"to": [-6.57382, 9, 13.97382],
			"rotation": {"angle": 0, "axis": "y", "origin": [-14.17382, 13.8, 5.57382]},
			"faces": {
				"north": {"uv": [0, 0, 0, 0.75], "texture": "#0"},
				"east": {"uv": [4, 8.5, 6, 9.25], "texture": "#0"},
				"south": {"uv": [0, 0, 0, 0.75], "texture": "#0"},
				"west": {"uv": [6, 8.5, 8, 9.25], "texture": "#0"},
				"up": {"uv": [0, 2, 0, 0], "texture": "#0"},
				"down": {"uv": [0, 0, 0, 2], "texture": "#0"}
			}
		},
		{
			"from": [23.02618, 6.4, 11.97382],
			"to": [23.02618, 9, 19.87382],
			"rotation": {"angle": -45, "axis": "y", "origin": [15.42618, 13.8, 11.47382]},
			"faces": {
				"north": {"uv": [0, 0, 0, 0.75], "texture": "#0"},
				"east": {"uv": [0, 8.5, 2, 9.25], "texture": "#0"},
				"south": {"uv": [0, 0, 0, 0.75], "texture": "#0"},
				"west": {"uv": [2, 8.5, 4, 9.25], "texture": "#0"},
				"up": {"uv": [0, 2, 0, 0], "texture": "#0"},
				"down": {"uv": [0, 0, 0, 2], "texture": "#0"}
			}
		},
		{
			"from": [17.72618, 6.4, 5.17382],
			"to": [25.62618, 9, 5.17382],
			"rotation": {"angle": -45, "axis": "y", "origin": [26.12618, 13.8, -2.42618]},
			"faces": {
				"north": {"uv": [8.25, 1.5, 10.25, 2.25], "texture": "#0"},
				"east": {"uv": [0, 0, 0, 0.75], "texture": "#0"},
				"south": {"uv": [8.25, 2.25, 10.25, 3], "texture": "#0"},
				"west": {"uv": [0, 0, 0, 0.75], "texture": "#0"},
				"up": {"uv": [2, 0, 0, 0], "texture": "#0"},
				"down": {"uv": [2, 0, 0, 0], "texture": "#0"}
			}
		},
		{
			"from": [-2.37382, 6.4, 25.37382],
			"to": [5.52618, 9, 25.37382],
			"rotation": {"angle": -45, "axis": "y", "origin": [6.02618, 13.8, 17.77382]},
			"faces": {
				"north": {"uv": [8, 8.5, 10, 9.25], "texture": "#0"},
				"east": {"uv": [0, 0, 0, 0.75], "texture": "#0"},
				"south": {"uv": [8.5, 3.75, 10.5, 4.5], "texture": "#0"},
				"west": {"uv": [0, 0, 0, 0.75], "texture": "#0"},
				"up": {"uv": [2, 0, 0, 0], "texture": "#0"},
				"down": {"uv": [2, 0, 0, 0], "texture": "#0"}
			}
		},
		{
			"from": [3.72618, 4.8, 23.47382],
			"to": [11.62618, 6.4, 24.87382],
			"rotation": {"angle": 0, "axis": "y", "origin": [12.12618, 12.2, 16.57382]},
			"faces": {
				"north": {"uv": [10.5, 10.5, 12.5, 11], "texture": "#0"},
				"east": {"uv": [14, 13, 14.25, 13.5], "texture": "#0"},
				"south": {"uv": [10.5, 3.5, 12.5, 4], "texture": "#0"},
				"west": {"uv": [14, 13.5, 14.25, 14], "texture": "#0"},
				"up": {"uv": [14.5, 10.75, 12.5, 10.5], "texture": "#0"},
				"down": {"uv": [14.5, 10.75, 12.5, 11], "texture": "#0"}
			}
		},
		{
			"from": [-7.27382, 4.8, 6.07382],
			"to": [-5.87382, 6.4, 13.97382],
			"rotation": {"angle": 0, "axis": "y", "origin": [1.02618, 12.2, 14.47382]},
			"faces": {
				"north": {"uv": [2, 14.25, 2.25, 14.75], "texture": "#0"},
				"east": {"uv": [11, 11, 13, 11.5], "texture": "#0"},
				"south": {"uv": [2.25, 14.25, 2.5, 14.75], "texture": "#0"},
				"west": {"uv": [5, 11.25, 7, 11.75], "texture": "#0"},
				"up": {"uv": [4.25, 15.25, 4, 13.25], "texture": "#0"},
				"down": {"uv": [4.5, 13.25, 4.25, 15.25], "texture": "#0"}
			}
		},
		{
			"from": [21.02618, 4.8, 6.07382],
			"to": [22.42618, 6.4, 13.97382],
			"rotation": {"angle": 0, "axis": "y", "origin": [29.32618, 12.2, 14.47382]},
			"faces": {
				"north": {"uv": [3, 14.25, 3.25, 14.75], "texture": "#0"},
				"east": {"uv": [7, 11.25, 9, 11.75], "texture": "#0"},
				"south": {"uv": [3.25, 14.25, 3.5, 14.75], "texture": "#0"},
				"west": {"uv": [11.25, 4.5, 13.25, 5], "texture": "#0"},
				"up": {"uv": [5.75, 15.25, 5.5, 13.25], "texture": "#0"},
				"down": {"uv": [6, 13.25, 5.75, 15.25], "texture": "#0"}
			}
		},
		{
			"from": [11.62618, 4.8, 20.07382],
			"to": [13.02618, 6.4, 27.97382],
			"rotation": {"angle": -45, "axis": "y", "origin": [19.92618, 12.2, 28.47382]},
			"faces": {
				"north": {"uv": [4.5, 14.25, 4.75, 14.75], "texture": "#0"},
				"east": {"uv": [11.25, 5, 13.25, 5.5], "texture": "#0"},
				"south": {"uv": [4.75, 14.25, 5, 14.75], "texture": "#0"},
				"west": {"uv": [9, 11.5, 11, 12], "texture": "#0"},
				"up": {"uv": [9.25, 15.25, 9, 13.25], "texture": "#0"},
				"down": {"uv": [9.5, 13.25, 9.25, 15.25], "texture": "#0"}
			}
		},
		{
			"from": [11.42618, 4.8, -8.07382],
			"to": [12.82618, 6.4, -0.17382],
			"rotation": {"angle": 45, "axis": "y", "origin": [19.72618, 12.2, -8.57382]},
			"faces": {
				"north": {"uv": [6, 14.25, 6.25, 14.75], "texture": "#0"},
				"east": {"uv": [11, 11.5, 13, 12], "texture": "#0"},
				"south": {"uv": [6.25, 14.25, 6.5, 14.75], "texture": "#0"},
				"west": {"uv": [5, 11.75, 7, 12.25], "texture": "#0"},
				"up": {"uv": [10.75, 15.25, 10.5, 13.25], "texture": "#0"},
				"down": {"uv": [11, 13.25, 10.75, 15.25], "texture": "#0"}
			}
		},
		{
			"from": [3.72618, 4.8, -4.77382],
			"to": [11.62618, 6.4, -3.37382],
			"rotation": {"angle": 0, "axis": "y", "origin": [12.12618, 12.2, 3.52618]},
			"faces": {
				"north": {"uv": [7, 10.75, 9, 11.25], "texture": "#0"},
				"east": {"uv": [1, 14.25, 1.25, 14.75], "texture": "#0"},
				"south": {"uv": [9, 11, 11, 11.5], "texture": "#0"},
				"west": {"uv": [1.25, 14.25, 1.5, 14.75], "texture": "#0"},
				"up": {"uv": [15, 10, 13, 9.75], "texture": "#0"},
				"down": {"uv": [15, 10, 13, 10.25], "texture": "#0"}
			}
		},
		{
			"from": [-2.37382, 4.8, 24.67382],
			"to": [5.52618, 6.4, 26.07382],
			"rotation": {"angle": -45, "axis": "y", "origin": [6.02618, 12.2, 17.77382]},
			"faces": {
				"north": {"uv": [10.5, 4, 12.5, 4.5], "texture": "#0"},
				"east": {"uv": [0, 14.25, 0.25, 14.75], "texture": "#0"},
				"south": {"uv": [10.5, 9.25, 12.5, 9.75], "texture": "#0"},
				"west": {"uv": [0.25, 14.25, 0.5, 14.75], "texture": "#0"},
				"up": {"uv": [14.75, 5.75, 12.75, 5.5], "texture": "#0"},
				"down": {"uv": [14.75, 5.75, 12.75, 6], "texture": "#0"}
			}
		},
		{
			"from": [-2.37382, 4.8, -5.97382],
			"to": [5.52618, 6.4, -4.57382],
			"rotation": {"angle": 45, "axis": "y", "origin": [6.02618, 12.2, 2.32618]},
			"faces": {
				"north": {"uv": [10.5, 9.75, 12.5, 10.25], "texture": "#0"},
				"east": {"uv": [0.5, 14.25, 0.75, 14.75], "texture": "#0"},
				"south": {"uv": [5, 10.75, 7, 11.25], "texture": "#0"},
				"west": {"uv": [0.75, 14.25, 1, 14.75], "texture": "#0"},
				"up": {"uv": [15, 4.25, 13, 4], "texture": "#0"},
				"down": {"uv": [15, 4.25, 13, 4.5], "texture": "#0"}
			}
		},
		{
			"from": [6.72618, 5.9, 23.47382],
			"to": [8.62618, 10, 24.87382],
			"rotation": {"angle": 0, "axis": "y", "origin": [12.12618, 12.2, 16.57382]},
			"faces": {
				"north": {"uv": [13, 11, 13.5, 12], "texture": "#0"},
				"east": {"uv": [11, 13.25, 11.25, 14.25], "texture": "#0"},
				"south": {"uv": [13, 12, 13.5, 13], "texture": "#0"},
				"west": {"uv": [11.25, 13.25, 11.5, 14.25], "texture": "#0"},
				"up": {"uv": [8.75, 6.5, 8.25, 6.25], "texture": "#0"},
				"down": {"uv": [9.5, 8.25, 9, 8.5], "texture": "#0"}
			}
		},
		{
			"from": [7.72618, 5.9, 24.17382],
			"to": [7.72618, 11, 25.87382],
			"rotation": {"angle": 0, "axis": "y", "origin": [12.12618, 12.2, 16.57382]},
			"faces": {
				"north": {"uv": [0, 0, 0, 1.25], "texture": "#0"},
				"east": {"uv": [10, 12, 10.5, 13.25], "texture": "#0"},
				"south": {"uv": [0, 0, 0, 1.25], "texture": "#0"},
				"west": {"uv": [10.5, 12, 11, 13.25], "texture": "#0"},
				"up": {"uv": [0, 0.5, 0, 0], "texture": "#0"},
				"down": {"uv": [0, 0, 0, 0.5], "texture": "#0"}
			}
		},
		{
			"from": [-7.27382, 5.9, 9.07382],
			"to": [-5.87382, 10, 10.97382],
			"rotation": {"angle": 0, "axis": "y", "origin": [1.02618, 12.2, 14.47382]},
			"faces": {
				"north": {"uv": [13.5, 13.5, 13.75, 14.5], "texture": "#0"},
				"east": {"uv": [3, 13.25, 3.5, 14.25], "texture": "#0"},
				"south": {"uv": [13.5, 0, 13.75, 1], "texture": "#0"},
				"west": {"uv": [3.5, 13.25, 4, 14.25], "texture": "#0"},
				"up": {"uv": [1.75, 14.75, 1.5, 14.25], "texture": "#0"},
				"down": {"uv": [2, 14.25, 1.75, 14.75], "texture": "#0"}
			}
		},
		{
			"from": [-8.27382, 5.9, 9.97382],
			"to": [-6.57382, 11, 9.97382],
			"rotation": {"angle": 0, "axis": "y", "origin": [1.02618, 12.2, 14.47382]},
			"faces": {
				"north": {"uv": [0, 12, 0.5, 13.25], "texture": "#0"},
				"east": {"uv": [0, 0, 0, 1.25], "texture": "#0"},
				"south": {"uv": [0.5, 12, 1, 13.25], "texture": "#0"},
				"west": {"uv": [0, 0, 0, 1.25], "texture": "#0"},
				"up": {"uv": [0.5, 0, 0, 0], "texture": "#0"},
				"down": {"uv": [0.5, 0, 0, 0], "texture": "#0"}
			}
		},
		{
			"from": [21.02618, 5.9, 9.07382],
			"to": [22.42618, 10, 10.97382],
			"rotation": {"angle": 0, "axis": "y", "origin": [29.32618, 12.2, 14.47382]},
			"faces": {
				"north": {"uv": [13.5, 1, 13.75, 2], "texture": "#0"},
				"east": {"uv": [4.5, 13.25, 5, 14.25], "texture": "#0"},
				"south": {"uv": [13.5, 2, 13.75, 3], "texture": "#0"},
				"west": {"uv": [5, 13.25, 5.5, 14.25], "texture": "#0"},
				"up": {"uv": [2.75, 14.75, 2.5, 14.25], "texture": "#0"},
				"down": {"uv": [3, 14.25, 2.75, 14.75], "texture": "#0"}
			}
		},
		{
			"from": [21.72618, 5.9, 9.97382],
			"to": [23.42618, 11, 9.97382],
			"rotation": {"angle": 0, "axis": "y", "origin": [29.32618, 12.2, 14.47382]},
			"faces": {
				"north": {"uv": [4, 12, 4.5, 13.25], "texture": "#0"},
				"east": {"uv": [0, 0, 0, 1.25], "texture": "#0"},
				"south": {"uv": [4.5, 12, 5, 13.25], "texture": "#0"},
				"west": {"uv": [0, 0, 0, 1.25], "texture": "#0"},
				"up": {"uv": [0.5, 0, 0, 0], "texture": "#0"},
				"down": {"uv": [0.5, 0, 0, 0], "texture": "#0"}
			}
		},
		{
			"from": [11.62618, 5.9, 23.07382],
			"to": [13.02618, 10, 24.97382],
			"rotation": {"angle": -45, "axis": "y", "origin": [19.92618, 12.2, 28.47382]},
			"faces": {
				"north": {"uv": [13.5, 3, 13.75, 4], "texture": "#0"},
				"east": {"uv": [6, 13.25, 6.5, 14.25], "texture": "#0"},
				"south": {"uv": [13.5, 4.5, 13.75, 5.5], "texture": "#0"},
				"west": {"uv": [6.5, 13.25, 7, 14.25], "texture": "#0"},
				"up": {"uv": [3.75, 14.75, 3.5, 14.25], "texture": "#0"},
				"down": {"uv": [4, 14.25, 3.75, 14.75], "texture": "#0"}
			}
		},
		{
			"from": [12.32618, 5.9, 23.97382],
			"to": [14.02618, 11, 23.97382],
			"rotation": {"angle": -45, "axis": "y", "origin": [19.92618, 12.2, 28.47382]},
			"faces": {
				"north": {"uv": [9, 12, 9.5, 13.25], "texture": "#0"},
				"east": {"uv": [0, 0, 0, 1.25], "texture": "#0"},
				"south": {"uv": [9.5, 12, 10, 13.25], "texture": "#0"},
				"west": {"uv": [0, 0, 0, 1.25], "texture": "#0"},
				"up": {"uv": [0.5, 0, 0, 0], "texture": "#0"},
				"down": {"uv": [0.5, 0, 0, 0], "texture": "#0"}
			}
		},
		{
			"from": [11.42618, 5.9, -5.07382],
			"to": [12.82618, 10, -3.17382],
			"rotation": {"angle": 45, "axis": "y", "origin": [19.72618, 12.2, -8.57382]},
			"faces": {
				"north": {"uv": [13.5, 7.75, 13.75, 8.75], "texture": "#0"},
				"east": {"uv": [9.5, 13.25, 10, 14.25], "texture": "#0"},
				"south": {"uv": [13.5, 8.75, 13.75, 9.75], "texture": "#0"},
				"west": {"uv": [10, 13.25, 10.5, 14.25], "texture": "#0"},
				"up": {"uv": [5.25, 14.75, 5, 14.25], "texture": "#0"},
				"down": {"uv": [5.5, 14.25, 5.25, 14.75], "texture": "#0"}
			}
		},
		{
			"from": [12.12618, 5.9, -4.17382],
			"to": [13.82618, 11, -4.17382],
			"rotation": {"angle": 45, "axis": "y", "origin": [19.72618, 12.2, -8.57382]},
			"faces": {
				"north": {"uv": [3, 12, 3.5, 13.25], "texture": "#0"},
				"east": {"uv": [0, 0, 0, 1.25], "texture": "#0"},
				"south": {"uv": [3.5, 12, 4, 13.25], "texture": "#0"},
				"west": {"uv": [0, 0, 0, 1.25], "texture": "#0"},
				"up": {"uv": [0.5, 0, 0, 0], "texture": "#0"},
				"down": {"uv": [0.5, 0, 0, 0], "texture": "#0"}
			}
		},
		{
			"from": [6.72618, 5.9, -4.77382],
			"to": [8.62618, 10, -3.37382],
			"rotation": {"angle": 0, "axis": "y", "origin": [12.12618, 12.2, 3.52618]},
			"faces": {
				"north": {"uv": [2, 13.25, 2.5, 14.25], "texture": "#0"},
				"east": {"uv": [12.5, 13.5, 12.75, 14.5], "texture": "#0"},
				"south": {"uv": [2.5, 13.25, 3, 14.25], "texture": "#0"},
				"west": {"uv": [12.75, 13.5, 13, 14.5], "texture": "#0"},
				"up": {"uv": [13.75, 6.25, 13.25, 6], "texture": "#0"},
				"down": {"uv": [14, 10.25, 13.5, 10.5], "texture": "#0"}
			}
		},
		{
			"from": [7.62618, 5.9, -5.77382],
			"to": [7.62618, 11, -4.07382],
			"rotation": {"angle": 0, "axis": "y", "origin": [12.12618, 12.2, 3.52618]},
			"faces": {
				"north": {"uv": [0, 0, 0, 1.25], "texture": "#0"},
				"east": {"uv": [2, 12, 2.5, 13.25], "texture": "#0"},
				"south": {"uv": [0, 0, 0, 1.25], "texture": "#0"},
				"west": {"uv": [2.5, 12, 3, 13.25], "texture": "#0"},
				"up": {"uv": [0, 0.5, 0, 0], "texture": "#0"},
				"down": {"uv": [0, 0, 0, 0.5], "texture": "#0"}
			}
		},
		{
			"from": [0.62618, 5.9, 24.67382],
			"to": [2.52618, 10, 26.07382],
			"rotation": {"angle": -45, "axis": "y", "origin": [6.02618, 12.2, 17.77382]},
			"faces": {
				"north": {"uv": [0, 13.25, 0.5, 14.25], "texture": "#0"},
				"east": {"uv": [11.5, 13.25, 11.75, 14.25], "texture": "#0"},
				"south": {"uv": [0.5, 13.25, 1, 14.25], "texture": "#0"},
				"west": {"uv": [11.75, 13.25, 12, 14.25], "texture": "#0"},
				"up": {"uv": [10, 8.5, 9.5, 8.25], "texture": "#0"},
				"down": {"uv": [9.5, 10.75, 9, 11], "texture": "#0"}
			}
		},
		{
			"from": [1.62618, 5.9, 25.37382],
			"to": [1.62618, 11, 27.07382],
			"rotation": {"angle": -45, "axis": "y", "origin": [6.02618, 12.2, 17.77382]},
			"faces": {
				"north": {"uv": [0, 0, 0, 1.25], "texture": "#0"},
				"east": {"uv": [11, 12, 11.5, 13.25], "texture": "#0"},
				"south": {"uv": [0, 0, 0, 1.25], "texture": "#0"},
				"west": {"uv": [11.5, 12, 12, 13.25], "texture": "#0"},
				"up": {"uv": [0, 0.5, 0, 0], "texture": "#0"},
				"down": {"uv": [0, 0, 0, 0.5], "texture": "#0"}
			}
		},
		{
			"from": [0.62618, 5.9, -5.97382],
			"to": [2.52618, 10, -4.57382],
			"rotation": {"angle": 45, "axis": "y", "origin": [6.02618, 12.2, 2.32618]},
			"faces": {
				"north": {"uv": [1, 13.25, 1.5, 14.25], "texture": "#0"},
				"east": {"uv": [13.25, 4.5, 13.5, 5.5], "texture": "#0"},
				"south": {"uv": [1.5, 13.25, 2, 14.25], "texture": "#0"},
				"west": {"uv": [13.25, 7.75, 13.5, 8.75], "texture": "#0"},
				"up": {"uv": [10, 11, 9.5, 10.75], "texture": "#0"},
				"down": {"uv": [10.5, 10.75, 10, 11], "texture": "#0"}
			}
		},
		{
			"from": [1.52618, 5.9, -6.97382],
			"to": [1.52618, 11, -5.17382],
			"rotation": {"angle": 45, "axis": "y", "origin": [6.02618, 12.2, 2.32618]},
			"faces": {
				"north": {"uv": [0, 0, 0, 1.25], "texture": "#0"},
				"east": {"uv": [1, 12, 1.5, 13.25], "texture": "#0"},
				"south": {"uv": [0, 0, 0, 1.25], "texture": "#0"},
				"west": {"uv": [1.5, 12, 2, 13.25], "texture": "#0"},
				"up": {"uv": [0, 0.5, 0, 0], "texture": "#0"},
				"down": {"uv": [0, 0, 0, 0.5], "texture": "#0"}
			}
		},
		{
			"from": [-3.66916, 4.8, 25.42945],
			"to": [6.93084, 6.4, 25.42945],
			"rotation": {"angle": -45, "axis": "y", "origin": [6.13084, 12.2, 17.82945]},
			"faces": {
				"north": {"uv": [10.25, 1, 13, 1.5], "texture": "#0"},
				"east": {"uv": [0, 0, 0, 0.5], "texture": "#0"},
				"south": {"uv": [10.25, 1.5, 13, 2], "texture": "#0"},
				"west": {"uv": [0, 0, 0, 0.5], "texture": "#0"},
				"up": {"uv": [2.75, 0, 0, 0], "texture": "#0"},
				"down": {"uv": [2.75, 0, 0, 0], "texture": "#0"}
			}
		},
		{
			"from": [16.43084, 4.8, 5.32945],
			"to": [27.03084, 6.4, 5.32945],
			"rotation": {"angle": -45, "axis": "y", "origin": [26.23084, 12.2, -2.27055]},
			"faces": {
				"north": {"uv": [10.25, 2, 13, 2.5], "texture": "#0"},
				"east": {"uv": [0, 0, 0, 0.5], "texture": "#0"},
				"south": {"uv": [10.25, 2.5, 13, 3], "texture": "#0"},
				"west": {"uv": [0, 0, 0, 0.5], "texture": "#0"},
				"up": {"uv": [2.75, 0, 0, 0], "texture": "#0"},
				"down": {"uv": [2.75, 0, 0, 0], "texture": "#0"}
			}
		},
		{
			"from": [2.32618, 4.8, -4.12618],
			"to": [12.92618, 6.4, -4.12618],
			"rotation": {"angle": 0, "axis": "y", "origin": [12.12618, 12.2, -11.72618]},
			"faces": {
				"north": {"uv": [10.25, 0, 13, 0.5], "texture": "#0"},
				"east": {"uv": [0, 0, 0, 0.5], "texture": "#0"},
				"south": {"uv": [10.25, 0.5, 13, 1], "texture": "#0"},
				"west": {"uv": [0, 0, 0, 0.5], "texture": "#0"},
				"up": {"uv": [2.75, 0, 0, 0], "texture": "#0"},
				"down": {"uv": [2.75, 0, 0, 0], "texture": "#0"}
			}
		},
		{
			"from": [12.22618, 4.8, 18.77382],
			"to": [12.22618, 6.4, 29.37382],
			"rotation": {"angle": -45, "axis": "y", "origin": [19.82618, 12.2, 28.57382]},
			"faces": {
				"north": {"uv": [0, 0, 0, 0.5], "texture": "#0"},
				"east": {"uv": [5, 9.75, 7.75, 10.25], "texture": "#0"},
				"south": {"uv": [0, 0, 0, 0.5], "texture": "#0"},
				"west": {"uv": [7.75, 9.75, 10.5, 10.25], "texture": "#0"},
				"up": {"uv": [0, 2.75, 0, 0], "texture": "#0"},
				"down": {"uv": [0, 0, 0, 2.75], "texture": "#0"}
			}
		},
		{
			"from": [-7.87382, 4.8, -1.02618],
			"to": [-7.87382, 6.4, 9.27382],
			"rotation": {"angle": -45, "axis": "y", "origin": [-0.27382, 12.2, 8.47382]},
			"faces": {
				"north": {"uv": [0, 0, 0, 0.5], "texture": "#0"},
				"east": {"uv": [10.25, 3, 12.75, 3.5], "texture": "#0"},
				"south": {"uv": [0, 0, 0, 0.5], "texture": "#0"},
				"west": {"uv": [10.25, 5.5, 12.75, 6], "texture": "#0"},
				"up": {"uv": [0, 2.5, 0, 0], "texture": "#0"},
				"down": {"uv": [0, 0, 0, 2.5], "texture": "#0"}
			}
		},
		{
			"from": [21.82618, 4.8, 15.07382],
			"to": [21.82618, 7.6, 16.17382],
			"rotation": {"angle": 0, "axis": "y", "origin": [29.42618, 12.2, 14.27382]},
			"faces": {
				"north": {"uv": [0, 0, 0, 0.75], "texture": "#0"},
				"east": {"uv": [4.75, 2, 5, 2.75], "texture": "#0"},
				"south": {"uv": [0, 0, 0, 0.75], "texture": "#0"},
				"west": {"uv": [5, 2, 5.25, 2.75], "texture": "#0"},
				"up": {"uv": [0, 0.25, 0, 0], "texture": "#0"},
				"down": {"uv": [0, 0, 0, 0.25], "texture": "#0"}
			}
		},
		{
			"from": [-6.57382, 4.8, 15.27382],
			"to": [-6.57382, 7.6, 16.37382],
			"rotation": {"angle": 0, "axis": "y", "origin": [1.02618, 12.2, 14.47382]},
			"faces": {
				"north": {"uv": [0, 0, 0, 0.75], "texture": "#0"},
				"east": {"uv": [13.75, 2.25, 14, 3], "texture": "#0"},
				"south": {"uv": [0, 0, 0, 0.75], "texture": "#0"},
				"west": {"uv": [13.75, 3, 14, 3.75], "texture": "#0"},
				"up": {"uv": [0, 0.25, 0, 0], "texture": "#0"},
				"down": {"uv": [0, 0, 0, 0.25], "texture": "#0"}
			}
		},
		{
			"from": [-9.74302, 4.8, 10.35701],
			"to": [-9.74302, 7.6, 11.45701],
			"rotation": {"angle": 45, "axis": "y", "origin": [-2.14302, 12.2, 9.55701]},
			"faces": {
				"north": {"uv": [0, 0, 0, 0.75], "texture": "#0"},
				"east": {"uv": [14, 14, 14.25, 14.75], "texture": "#0"},
				"south": {"uv": [0, 0, 0, 0.75], "texture": "#0"},
				"west": {"uv": [14, 0, 14.25, 0.75], "texture": "#0"},
				"up": {"uv": [0, 0.25, 0, 0], "texture": "#0"},
				"down": {"uv": [0, 0, 0, 0.25], "texture": "#0"}
			}
		},
		{
			"from": [10.35698, 4.8, -9.74299],
			"to": [10.35698, 7.6, -8.64299],
			"rotation": {"angle": 45, "axis": "y", "origin": [17.95698, 12.2, -10.54299]},
			"faces": {
				"north": {"uv": [0, 0, 0, 0.75], "texture": "#0"},
				"east": {"uv": [14, 2.25, 14.25, 3], "texture": "#0"},
				"south": {"uv": [0, 0, 0, 0.75], "texture": "#0"},
				"west": {"uv": [14, 3, 14.25, 3.75], "texture": "#0"},
				"up": {"uv": [0, 0.25, 0, 0], "texture": "#0"},
				"down": {"uv": [0, 0, 0, 0.25], "texture": "#0"}
			}
		},
		{
			"from": [-1.47057, 4.8, 18.63087],
			"to": [-1.47057, 7.6, 19.73087],
			"rotation": {"angle": 45, "axis": "y", "origin": [6.12943, 12.2, 17.83087]},
			"faces": {
				"north": {"uv": [0, 0, 0, 0.75], "texture": "#0"},
				"east": {"uv": [14, 0.75, 14.25, 1.5], "texture": "#0"},
				"south": {"uv": [0, 0, 0, 0.75], "texture": "#0"},
				"west": {"uv": [14, 1.5, 14.25, 2.25], "texture": "#0"},
				"up": {"uv": [0, 0.25, 0, 0], "texture": "#0"},
				"down": {"uv": [0, 0, 0, 0.25], "texture": "#0"}
			}
		},
		{
			"from": [18.62943, 4.8, -1.46913],
			"to": [18.62943, 7.6, -0.36913],
			"rotation": {"angle": 45, "axis": "y", "origin": [26.22943, 12.2, -2.26913]},
			"faces": {
				"north": {"uv": [0, 0, 0, 0.75], "texture": "#0"},
				"east": {"uv": [14, 4.5, 14.25, 5.25], "texture": "#0"},
				"south": {"uv": [0, 0, 0, 0.75], "texture": "#0"},
				"west": {"uv": [14, 7.75, 14.25, 8.5], "texture": "#0"},
				"up": {"uv": [0, 0.25, 0, 0], "texture": "#0"},
				"down": {"uv": [0, 0, 0, 0.25], "texture": "#0"}
			}
		},
		{
			"from": [12.92618, 4.8, 24.17382],
			"to": [14.02618, 7.6, 24.17382],
			"rotation": {"angle": 0, "axis": "y", "origin": [12.12618, 12.2, 16.57382]},
			"faces": {
				"north": {"uv": [13.75, 8.5, 14, 9.25], "texture": "#0"},
				"east": {"uv": [0, 0, 0, 0.75], "texture": "#0"},
				"south": {"uv": [13.75, 11, 14, 11.75], "texture": "#0"},
				"west": {"uv": [0, 0, 0, 0.75], "texture": "#0"},
				"up": {"uv": [0.25, 0, 0, 0], "texture": "#0"},
				"down": {"uv": [0.25, 0, 0, 0], "texture": "#0"}
			}
		},
		{
			"from": [12.92618, 4.8, -4.12618],
			"to": [14.02618, 7.6, -4.12618],
			"rotation": {"angle": 0, "axis": "y", "origin": [12.12618, 12.2, -11.72618]},
			"faces": {
				"north": {"uv": [13, 14, 13.25, 14.75], "texture": "#0"},
				"east": {"uv": [0, 0, 0, 0.75], "texture": "#0"},
				"south": {"uv": [13.25, 14, 13.5, 14.75], "texture": "#0"},
				"west": {"uv": [0, 0, 0, 0.75], "texture": "#0"},
				"up": {"uv": [0.25, 0, 0, 0], "texture": "#0"},
				"down": {"uv": [0.25, 0, 0, 0], "texture": "#0"}
			}
		},
		{
			"from": [12.22618, 4.8, 29.37382],
			"to": [12.22618, 7.6, 30.47382],
			"rotation": {"angle": -45, "axis": "y", "origin": [19.82618, 12.2, 28.57382]},
			"faces": {
				"north": {"uv": [0, 0, 0, 0.75], "texture": "#0"},
				"east": {"uv": [13.5, 11.75, 13.75, 12.5], "texture": "#0"},
				"south": {"uv": [0, 0, 0, 0.75], "texture": "#0"},
				"west": {"uv": [13.5, 12.5, 13.75, 13.25], "texture": "#0"},
				"up": {"uv": [0, 0.25, 0, 0], "texture": "#0"},
				"down": {"uv": [0, 0, 0, 0.25], "texture": "#0"}
			}
		},
		{
			"from": [-7.87382, 4.8, 9.27382],
			"to": [-7.87382, 7.6, 10.37382],
			"rotation": {"angle": -45, "axis": "y", "origin": [-0.27382, 12.2, 8.47382]},
			"faces": {
				"north": {"uv": [0, 0, 0, 0.75], "texture": "#0"},
				"east": {"uv": [13.75, 13.75, 14, 14.5], "texture": "#0"},
				"south": {"uv": [0, 0, 0, 0.75], "texture": "#0"},
				"west": {"uv": [13.75, 0, 14, 0.75], "texture": "#0"},
				"up": {"uv": [0, 0.25, 0, 0], "texture": "#0"},
				"down": {"uv": [0, 0, 0, 0.25], "texture": "#0"}
			}
		},
		{
			"from": [21.82618, 4.8, 3.37382],
			"to": [21.82618, 7.6, 4.47382],
			"rotation": {"angle": 0, "axis": "y", "origin": [29.42618, 12.2, 2.57382]},
			"faces": {
				"north": {"uv": [0, 0, 0, 0.75], "texture": "#0"},
				"east": {"uv": [5.25, 2, 5.5, 2.75], "texture": "#0"},
				"south": {"uv": [0, 0, 0, 0.75], "texture": "#0"},
				"west": {"uv": [5, 5.75, 5.25, 6.5], "texture": "#0"},
				"up": {"uv": [0, 0.25, 0, 0], "texture": "#0"},
				"down": {"uv": [0, 0, 0, 0.25], "texture": "#0"}
			}
		},
		{
			"from": [-6.57382, 4.8, 3.57382],
			"to": [-6.57382, 7.6, 4.67382],
			"rotation": {"angle": 0, "axis": "y", "origin": [1.02618, 12.2, 2.77382]},
			"faces": {
				"north": {"uv": [0, 0, 0, 0.75], "texture": "#0"},
				"east": {"uv": [13.75, 4.5, 14, 5.25], "texture": "#0"},
				"south": {"uv": [0, 0, 0, 0.75], "texture": "#0"},
				"west": {"uv": [13.75, 7.75, 14, 8.5], "texture": "#0"},
				"up": {"uv": [0, 0.25, 0, 0], "texture": "#0"},
				"down": {"uv": [0, 0, 0, 0.25], "texture": "#0"}
			}
		},
		{
			"from": [1.22618, 4.8, 24.17382],
			"to": [2.32618, 7.6, 24.17382],
			"rotation": {"angle": 0, "axis": "y", "origin": [0.42618, 12.2, 16.57382]},
			"faces": {
				"north": {"uv": [13.75, 11.75, 14, 12.5], "texture": "#0"},
				"east": {"uv": [0, 0, 0, 0.75], "texture": "#0"},
				"south": {"uv": [13.75, 12.5, 14, 13.25], "texture": "#0"},
				"west": {"uv": [0, 0, 0, 0.75], "texture": "#0"},
				"up": {"uv": [0.25, 0, 0, 0], "texture": "#0"},
				"down": {"uv": [0.25, 0, 0, 0], "texture": "#0"}
			}
		},
		{
			"from": [1.22618, 4.8, -4.12618],
			"to": [2.32618, 7.6, -4.12618],
			"rotation": {"angle": 0, "axis": "y", "origin": [0.42618, 12.2, -11.72618]},
			"faces": {
				"north": {"uv": [12, 14, 12.25, 14.75], "texture": "#0"},
				"east": {"uv": [0, 0, 0, 0.75], "texture": "#0"},
				"south": {"uv": [12.25, 14, 12.5, 14.75], "texture": "#0"},
				"west": {"uv": [0, 0, 0, 0.75], "texture": "#0"},
				"up": {"uv": [0.25, 0, 0, 0], "texture": "#0"},
				"down": {"uv": [0.25, 0, 0, 0], "texture": "#0"}
			}
		},
		{
			"from": [20.49933, 4.8, 21.10067],
			"to": [20.49933, 7.6, 22.20067],
			"rotation": {"angle": -45, "axis": "y", "origin": [28.09933, 12.2, 20.30067]},
			"faces": {
				"north": {"uv": [0, 0, 0, 0.75], "texture": "#0"},
				"east": {"uv": [5.25, 5.75, 5.5, 6.5], "texture": "#0"},
				"south": {"uv": [0, 0, 0, 0.75], "texture": "#0"},
				"west": {"uv": [13.5, 11, 13.75, 11.75], "texture": "#0"},
				"up": {"uv": [0, 0.25, 0, 0], "texture": "#0"},
				"down": {"uv": [0, 0, 0, 0.25], "texture": "#0"}
			}
		},
		{
			"from": [0.1872, 4.8, 1.2128],
			"to": [0.1872, 7.6, 2.3128],
			"rotation": {"angle": -45, "axis": "y", "origin": [7.7872, 12.2, 0.4128]},
			"faces": {
				"north": {"uv": [0, 0, 0, 0.75], "texture": "#0"},
				"east": {"uv": [13.75, 0.75, 14, 1.5], "texture": "#0"},
				"south": {"uv": [0, 0, 0, 0.75], "texture": "#0"},
				"west": {"uv": [13.75, 1.5, 14, 2.25], "texture": "#0"},
				"up": {"uv": [0, 0.25, 0, 0], "texture": "#0"},
				"down": {"uv": [0, 0, 0, 0.25], "texture": "#0"}
			}
		},
		{
			"from": [-8.27346, 2.3, -2.21283],
			"to": [-6.87346, 4.8, 10.08717],
			"rotation": {"angle": -45, "axis": "y", "origin": [-0.27346, 9.7, 8.18717]},
			"faces": {
				"north": {"uv": [12.25, 7.75, 12.5, 8.25], "texture": "#0"},
				"east": {"uv": [5.5, 5, 8.5, 5.5], "texture": "#0"},
				"south": {"uv": [12.5, 7.75, 12.75, 8.25], "texture": "#0"},
				"west": {"uv": [0, 6, 3, 6.5], "texture": "#0"},
				"up": {"uv": [7.75, 14.75, 7.5, 11.75], "texture": "#0"},
				"down": {"uv": [8, 11.75, 7.75, 14.75], "texture": "#0"}
			}
		},
		{
			"from": [1.4236, 2.3, -4.8236],
			"to": [13.7236, 4.8, -3.4236],
			"rotation": {"angle": 0, "axis": "y", "origin": [3.3236, 9.7, 3.1764]},
			"faces": {
				"north": {"uv": [0, 6.5, 3, 7], "texture": "#0"},
				"east": {"uv": [12.5, 12, 12.75, 12.5], "texture": "#0"},
				"south": {"uv": [3, 6.5, 6, 7], "texture": "#0"},
				"west": {"uv": [12.75, 3, 13, 3.5], "texture": "#0"},
				"up": {"uv": [13.25, 6.25, 10.25, 6], "texture": "#0"},
				"down": {"uv": [13.5, 10.25, 10.5, 10.5], "texture": "#0"}
			}
		},
		{
			"from": [7.51025, 2.3, -5.82324],
			"to": [19.81025, 4.8, -4.42324],
			"rotation": {"angle": -45, "axis": "y", "origin": [9.41025, 9.7, 2.17676]},
			"faces": {
				"north": {"uv": [6, 6.5, 9, 7], "texture": "#0"},
				"east": {"uv": [12.75, 8.75, 13, 9.25], "texture": "#0"},
				"south": {"uv": [0, 7, 3, 7.5], "texture": "#0"},
				"west": {"uv": [12.75, 12, 13, 12.5], "texture": "#0"},
				"up": {"uv": [14.75, 6.5, 11.75, 6.25], "texture": "#0"},
				"down": {"uv": [14.75, 6.5, 11.75, 6.75], "texture": "#0"}
			}
		},
		{
			"from": [21.02101, 2.3, 3.87382],
			"to": [22.42101, 4.8, 16.17382],
			"rotation": {"angle": 0, "axis": "y", "origin": [14.42101, 9.7, 5.77382]},
			"faces": {
				"north": {"uv": [13.75, 9.25, 14, 9.75], "texture": "#0"},
				"east": {"uv": [3, 7, 6, 7.5], "texture": "#0"},
				"south": {"uv": [13.75, 13.25, 14, 13.75], "texture": "#0"},
				"west": {"uv": [6, 7, 9, 7.5], "texture": "#0"},
				"up": {"uv": [8.25, 14.75, 8, 11.75], "texture": "#0"},
				"down": {"uv": [8.5, 11.75, 8.25, 14.75], "texture": "#0"}
			}
		},
		{
			"from": [22.02065, 2.3, 9.96047],
			"to": [23.42065, 4.8, 22.26047],
			"rotation": {"angle": -45, "axis": "y", "origin": [15.42065, 9.7, 11.86047]},
			"faces": {
				"north": {"uv": [14, 8.5, 14.25, 9], "texture": "#0"},
				"east": {"uv": [0, 7.5, 3, 8], "texture": "#0"},
				"south": {"uv": [14, 9, 14.25, 9.5], "texture": "#0"},
				"west": {"uv": [3, 7.5, 6, 8], "texture": "#0"},
				"up": {"uv": [8.75, 14.75, 8.5, 11.75], "texture": "#0"},
				"down": {"uv": [9, 11.75, 8.75, 14.75], "texture": "#0"}
			}
		},
		{
			"from": [1.4236, 2.3, 23.47123],
			"to": [13.7236, 4.8, 24.87123],
			"rotation": {"angle": 0, "axis": "y", "origin": [11.8236, 9.7, 16.87123]},
			"faces": {
				"north": {"uv": [6, 7.5, 9, 8], "texture": "#0"},
				"east": {"uv": [14, 11, 14.25, 11.5], "texture": "#0"},
				"south": {"uv": [0, 8, 3, 8.5], "texture": "#0"},
				"west": {"uv": [14, 11.5, 14.25, 12], "texture": "#0"},
				"up": {"uv": [14.75, 7, 11.75, 6.75], "texture": "#0"},
				"down": {"uv": [14.75, 7, 11.75, 7.25], "texture": "#0"}
			}
		},
		{
			"from": [-4.66305, 2.3, 24.47087],
			"to": [7.63695, 4.8, 25.87087],
			"rotation": {"angle": -45, "axis": "y", "origin": [5.73695, 9.7, 17.87087]},
			"faces": {
				"north": {"uv": [3, 8, 6, 8.5], "texture": "#0"},
				"east": {"uv": [14, 12, 14.25, 12.5], "texture": "#0"},
				"south": {"uv": [6, 8, 9, 8.5], "texture": "#0"},
				"west": {"uv": [14, 12.5, 14.25, 13], "texture": "#0"},
				"up": {"uv": [14.75, 7.5, 11.75, 7.25], "texture": "#0"},
				"down": {"uv": [14.75, 7.5, 11.75, 7.75], "texture": "#0"}
			}
		}
	],
	"display": {
		"head": {
			"translation": [0.25, 11.25, -1],
			"scale": [0.46, 0.69, 0.45]
		}
	},
	"groups": [
		{
			"name": "group",
			"origin": [-2.87382, 8, 18.87382],
			"color": 0,
			"children": [0, 1, 2, 3, 4, 5, 6, 7]
		},
		{
			"name": "group",
			"origin": [5.73695, 9.7, 17.87087],
			"color": 0,
			"children": [8, 9, 10, 11, 12, 13, 14, 15, 16, 17, 18, 19, 20, 21, 22, 23, 24, 25, 26, 27, 28, 29, 30, 31, 32, 33, 34, 35, 36, 37, 38, 39, 40, 41, 42, 43, 44, 45, 46, 47, 48, 49, 50, 51, 52, 53, 54, 55, 56, 57, 58, 59, 60, 61, 62, 63, 64, 65, 66, 67, 68, 69, 70]
		}
	]
}