{
	"credit": "Made with Blockbench",
	"textures": {
		"0": "rides/br/basebarrel",
		"1": "rides/br/barrelbarrel",
		"particle": "rides/br/basebarrel"
	},
	"elements": [
		{
			"from": [4, 2, 4],
			"to": [12, 3, 12],
			"faces": {
				"north": {"uv": [3, 8, 7, 8.5], "texture": "#0"},
				"east": {"uv": [8, 3, 12, 3.5], "texture": "#0"},
				"south": {"uv": [8, 3.5, 12, 4], "texture": "#0"},
				"west": {"uv": [8, 4, 12, 4.5], "texture": "#0"},
				"up": {"uv": [4, 4, 0, 0], "texture": "#0"},
				"down": {"uv": [4, 4, 0, 8], "texture": "#0"}
			}
		},
		{
			"from": [4, 1, 4],
			"to": [12, 2, 12],
			"faces": {
				"north": {"uv": [8, 4.5, 12, 5], "texture": "#0"},
				"east": {"uv": [8, 5, 12, 5.5], "texture": "#0"},
				"south": {"uv": [8, 5.5, 12, 6], "texture": "#0"},
				"west": {"uv": [8, 6, 12, 6.5], "texture": "#0"},
				"up": {"uv": [8, 4, 4, 0], "texture": "#0"},
				"down": {"uv": [8, 4, 4, 8], "texture": "#0"}
			}
		},
		{
			"from": [5, 0, 5],
			"to": [11, 1, 11],
			"faces": {
				"north": {"uv": [3, 8.5, 6, 9], "texture": "#0"},
				"east": {"uv": [6, 8.5, 9, 9], "texture": "#0"},
				"south": {"uv": [3, 9, 6, 9.5], "texture": "#0"},
				"west": {"uv": [6, 9, 9, 9.5], "texture": "#0"},
				"up": {"uv": [3, 11, 0, 8], "texture": "#0"},
				"down": {"uv": [11, 0, 8, 3], "texture": "#0"}
			}
		},
		{
			"from": [12, 2, 5],
			"to": [13, 3, 11],
			"faces": {
				"north": {"uv": [12, 11.5, 12.5, 12], "texture": "#0"},
				"east": {"uv": [9, 8.5, 12, 9], "texture": "#0"},
				"south": {"uv": [1, 12.5, 1.5, 13], "texture": "#0"},
				"west": {"uv": [9, 9, 12, 9.5], "texture": "#0"},
				"up": {"uv": [3.5, 12.5, 3, 9.5], "texture": "#0"},
				"down": {"uv": [4, 9.5, 3.5, 12.5], "texture": "#0"}
			}
		},
		{
			"from": [12, 3, 5],
			"to": [13, 4, 11],
			"faces": {
				"north": {"uv": [1.5, 12.5, 2, 13], "texture": "#0"},
				"east": {"uv": [4, 9.5, 7, 10], "texture": "#0"},
				"south": {"uv": [2, 12.5, 2.5, 13], "texture": "#0"},
				"west": {"uv": [7, 9.5, 10, 10], "texture": "#0"},
				"up": {"uv": [4.5, 13, 4, 10], "texture": "#0"},
				"down": {"uv": [5, 10, 4.5, 13], "texture": "#0"}
			}
		},
		{
			"from": [12, 1, 5],
			"to": [13, 2, 11],
			"faces": {
				"north": {"uv": [2.5, 12.5, 3, 13], "texture": "#0"},
				"east": {"uv": [5, 10, 8, 10.5], "texture": "#0"},
				"south": {"uv": [3, 12.5, 3.5, 13], "texture": "#0"},
				"west": {"uv": [8, 10, 11, 10.5], "texture": "#0"},
				"up": {"uv": [5.5, 13.5, 5, 10.5], "texture": "#0"},
				"down": {"uv": [6, 10.5, 5.5, 13.5], "texture": "#0"}
			}
		},
		{
			"from": [5, 2, 3],
			"to": [11, 3, 4],
			"faces": {
				"north": {"uv": [10, 8, 13, 8.5], "texture": "#0"},
				"east": {"uv": [3.5, 12.5, 4, 13], "texture": "#0"},
				"south": {"uv": [10, 9.5, 13, 10], "texture": "#0"},
				"west": {"uv": [12.5, 3.5, 13, 4], "texture": "#0"},
				"up": {"uv": [9, 11, 6, 10.5], "texture": "#0"},
				"down": {"uv": [12, 10.5, 9, 11], "texture": "#0"}
			}
		},
		{
			"from": [5, 3, 3],
			"to": [11, 4, 4],
			"faces": {
				"north": {"uv": [8, 6.5, 11, 7], "texture": "#0"},
				"east": {"uv": [12, 10.5, 12.5, 11], "texture": "#0"},
				"south": {"uv": [7, 8, 10, 8.5], "texture": "#0"},
				"west": {"uv": [12, 11, 12.5, 11.5], "texture": "#0"},
				"up": {"uv": [11, 7.5, 8, 7], "texture": "#0"},
				"down": {"uv": [11, 7.5, 8, 8], "texture": "#0"}
			}
		},
		{
			"from": [5, 1, 3],
			"to": [11, 2, 4],
			"faces": {
				"north": {"uv": [0, 11, 3, 11.5], "texture": "#0"},
				"east": {"uv": [12.5, 4, 13, 4.5], "texture": "#0"},
				"south": {"uv": [11, 0, 14, 0.5], "texture": "#0"},
				"west": {"uv": [12.5, 4.5, 13, 5], "texture": "#0"},
				"up": {"uv": [14, 1, 11, 0.5], "texture": "#0"},
				"down": {"uv": [14, 1, 11, 1.5], "texture": "#0"}
			}
		},
		{
			"from": [5, 2, 12],
			"to": [11, 3, 13],
			"faces": {
				"north": {"uv": [11, 1.5, 14, 2], "texture": "#0"},
				"east": {"uv": [12.5, 5, 13, 5.5], "texture": "#0"},
				"south": {"uv": [11, 2, 14, 2.5], "texture": "#0"},
				"west": {"uv": [12.5, 5.5, 13, 6], "texture": "#0"},
				"up": {"uv": [14, 3, 11, 2.5], "texture": "#0"},
				"down": {"uv": [9, 11, 6, 11.5], "texture": "#0"}
			}
		},
		{
			"from": [5, 3, 12],
			"to": [11, 4, 13],
			"faces": {
				"north": {"uv": [11, 6.5, 14, 7], "texture": "#0"},
				"east": {"uv": [12.5, 6, 13, 6.5], "texture": "#0"},
				"south": {"uv": [11, 7, 14, 7.5], "texture": "#0"},
				"west": {"uv": [6.5, 12.5, 7, 13], "texture": "#0"},
				"up": {"uv": [14, 8, 11, 7.5], "texture": "#0"},
				"down": {"uv": [12, 11, 9, 11.5], "texture": "#0"}
			}
		},
		{
			"from": [5, 1, 12],
			"to": [11, 2, 13],
			"faces": {
				"north": {"uv": [11, 10, 14, 10.5], "texture": "#0"},
				"east": {"uv": [7, 12.5, 7.5, 13], "texture": "#0"},
				"south": {"uv": [0, 11.5, 3, 12], "texture": "#0"},
				"west": {"uv": [7.5, 12.5, 8, 13], "texture": "#0"},
				"up": {"uv": [9, 12, 6, 11.5], "texture": "#0"},
				"down": {"uv": [12, 11.5, 9, 12], "texture": "#0"}
			}
		},
		{
			"from": [3, 2, 5],
			"to": [4, 3, 11],
			"faces": {
				"north": {"uv": [8, 12.5, 8.5, 13], "texture": "#0"},
				"east": {"uv": [0, 12, 3, 12.5], "texture": "#0"},
				"south": {"uv": [8.5, 12.5, 9, 13], "texture": "#0"},
				"west": {"uv": [12, 3, 15, 3.5], "texture": "#0"},
				"up": {"uv": [12.5, 6.5, 12, 3.5], "texture": "#0"},
				"down": {"uv": [6.5, 12, 6, 15], "texture": "#0"}
			}
		},
		{
			"from": [3, 3, 5],
			"to": [4, 4, 11],
			"faces": {
				"north": {"uv": [9, 12.5, 9.5, 13], "texture": "#0"},
				"east": {"uv": [6.5, 12, 9.5, 12.5], "texture": "#0"},
				"south": {"uv": [10.5, 12.5, 11, 13], "texture": "#0"},
				"west": {"uv": [12, 8.5, 15, 9], "texture": "#0"},
				"up": {"uv": [10, 15, 9.5, 12], "texture": "#0"},
				"down": {"uv": [10.5, 12, 10, 15], "texture": "#0"}
			}
		},
		{
			"from": [3, 1, 5],
			"to": [4, 2, 11],
			"faces": {
				"north": {"uv": [12.5, 10.5, 13, 11], "texture": "#0"},
				"east": {"uv": [12, 9, 15, 9.5], "texture": "#0"},
				"south": {"uv": [11, 12.5, 11.5, 13], "texture": "#0"},
				"west": {"uv": [10.5, 12, 13.5, 12.5], "texture": "#0"},
				"up": {"uv": [0.5, 15.5, 0, 12.5], "texture": "#0"},
				"down": {"uv": [1, 12.5, 0.5, 15.5], "texture": "#0"}
			}
		},
		{
			"from": [4, 2, 3],
			"to": [5, 10, 4],
			"faces": {
				"north": {"uv": [3.5, 0, 3.75, 2], "texture": "#1"},
				"east": {"uv": [3.5, 2, 3.75, 4], "texture": "#1"},
				"south": {"uv": [3.75, 0, 4, 2], "texture": "#1"},
				"west": {"uv": [3.75, 2, 4, 4], "texture": "#1"},
				"up": {"uv": [7.25, 3.25, 7, 3], "texture": "#1"},
				"down": {"uv": [7.25, 3.25, 7, 3.5], "texture": "#1"}
			}
		},
		{
			"from": [11, 2, 3],
			"to": [12, 9, 4],
			"faces": {
				"north": {"uv": [5, 0, 5.25, 1.75], "texture": "#1"},
				"east": {"uv": [5, 1.75, 5.25, 3.5], "texture": "#1"},
				"south": {"uv": [5, 3.5, 5.25, 5.25], "texture": "#1"},
				"west": {"uv": [5.25, 0, 5.5, 1.75], "texture": "#1"},
				"up": {"uv": [7.25, 3.75, 7, 3.5], "texture": "#1"},
				"down": {"uv": [7.25, 3.75, 7, 4], "texture": "#1"}
			}
		},
		{
			"from": [10, 1, 2],
			"to": [11, 10, 3],
			"faces": {
				"north": {"uv": [2, 0, 2.25, 2.25], "texture": "#1"},
				"east": {"uv": [2.25, 0, 2.5, 2.25], "texture": "#1"},
				"south": {"uv": [2, 2.25, 2.25, 4.5], "texture": "#1"},
				"west": {"uv": [2.25, 2.25, 2.5, 4.5], "texture": "#1"},
				"up": {"uv": [7.25, 4.25, 7, 4], "texture": "#1"},
				"down": {"uv": [7.25, 4.25, 7, 4.5], "texture": "#1"}
			}
		},
		{
			"from": [10, 1, 13],
			"to": [11, 10, 14],
			"faces": {
				"north": {"uv": [0, 2.5, 0.25, 4.75], "texture": "#1"},
				"east": {"uv": [2.5, 0, 2.75, 2.25], "texture": "#1"},
				"south": {"uv": [0.25, 2.5, 0.5, 4.75], "texture": "#1"},
				"west": {"uv": [0.5, 2.5, 0.75, 4.75], "texture": "#1"},
				"up": {"uv": [7.25, 4.75, 7, 4.5], "texture": "#1"},
				"down": {"uv": [7.25, 4.75, 7, 5], "texture": "#1"}
			}
		},
		{
			"from": [9, 2, 2],
			"to": [10, 4, 3],
			"faces": {
				"north": {"uv": [6.75, 4, 7, 4.5], "texture": "#1"},
				"east": {"uv": [6.75, 4.5, 7, 5], "texture": "#1"},
				"south": {"uv": [6.75, 5, 7, 5.5], "texture": "#1"},
				"west": {"uv": [6.75, 5.5, 7, 6], "texture": "#1"},
				"up": {"uv": [5.25, 7.25, 5, 7], "texture": "#1"},
				"down": {"uv": [7.25, 5, 7, 5.25], "texture": "#1"}
			}
		},
		{
			"from": [9, 2, 13],
			"to": [10, 9, 14],
			"faces": {
				"north": {"uv": [5.25, 1.75, 5.5, 3.5], "texture": "#1"},
				"east": {"uv": [5.25, 3.5, 5.5, 5.25], "texture": "#1"},
				"south": {"uv": [5, 5.25, 5.25, 7], "texture": "#1"},
				"west": {"uv": [5.25, 5.25, 5.5, 7], "texture": "#1"},
				"up": {"uv": [5.5, 7.25, 5.25, 7], "texture": "#1"},
				"down": {"uv": [7.25, 5.25, 7, 5.5], "texture": "#1"}
			}
		},
		{
			"from": [8, 2, 2],
			"to": [9, 4, 3],
			"faces": {
				"north": {"uv": [6.75, 6, 7, 6.5], "texture": "#1"},
				"east": {"uv": [6.75, 6.5, 7, 7], "texture": "#1"},
				"south": {"uv": [7, 0, 7.25, 0.5], "texture": "#1"},
				"west": {"uv": [7, 0.5, 7.25, 1], "texture": "#1"},
				"up": {"uv": [5.75, 7.25, 5.5, 7], "texture": "#1"},
				"down": {"uv": [7.25, 5.5, 7, 5.75], "texture": "#1"}
			}
		},
		{
			"from": [8, 3, 13],
			"to": [9, 11, 14],
			"faces": {
				"north": {"uv": [4, 0, 4.25, 2], "texture": "#1"},
				"east": {"uv": [4, 2, 4.25, 4], "texture": "#1"},
				"south": {"uv": [3.5, 4, 3.75, 6], "texture": "#1"},
				"west": {"uv": [3.75, 4, 4, 6], "texture": "#1"},
				"up": {"uv": [6, 7.25, 5.75, 7], "texture": "#1"},
				"down": {"uv": [7.25, 5.75, 7, 6], "texture": "#1"}
			}
		},
		{
			"from": [7, 3, 2],
			"to": [8, 4, 3],
			"faces": {
				"north": {"uv": [6, 7, 6.25, 7.25], "texture": "#1"},
				"east": {"uv": [7, 6, 7.25, 6.25], "texture": "#1"},
				"south": {"uv": [6.25, 7, 6.5, 7.25], "texture": "#1"},
				"west": {"uv": [7, 6.25, 7.25, 6.5], "texture": "#1"},
				"up": {"uv": [7.25, 6.75, 7, 6.5], "texture": "#1"},
				"down": {"uv": [7, 7, 6.75, 7.25], "texture": "#1"}
			}
		},
		{
			"from": [7, 2, 13],
			"to": [8, 8, 14],
			"faces": {
				"north": {"uv": [2, 6.5, 2.25, 8], "texture": "#1"},
				"east": {"uv": [2.25, 6.5, 2.5, 8], "texture": "#1"},
				"south": {"uv": [2.5, 6.5, 2.75, 8], "texture": "#1"},
				"west": {"uv": [2.75, 6.5, 3, 8], "texture": "#1"},
				"up": {"uv": [7.25, 7, 7, 6.75], "texture": "#1"},
				"down": {"uv": [7.25, 7, 7, 7.25], "texture": "#1"}
			}
		},
		{
			"from": [6, 2, 2],
			"to": [7, 4, 3],
			"faces": {
				"north": {"uv": [7, 1, 7.25, 1.5], "texture": "#1"},
				"east": {"uv": [7, 1.5, 7.25, 2], "texture": "#1"},
				"south": {"uv": [7, 2, 7.25, 2.5], "texture": "#1"},
				"west": {"uv": [7, 2.5, 7.25, 3], "texture": "#1"},
				"up": {"uv": [7.5, 0.25, 7.25, 0], "texture": "#1"},
				"down": {"uv": [7.5, 0.25, 7.25, 0.5], "texture": "#1"}
			}
		},
		{
			"from": [6, 2, 13],
			"to": [7, 9, 14],
			"faces": {
				"north": {"uv": [5.5, 0, 5.75, 1.75], "texture": "#1"},
				"east": {"uv": [5.5, 1.75, 5.75, 3.5], "texture": "#1"},
				"south": {"uv": [5.5, 3.5, 5.75, 5.25], "texture": "#1"},
				"west": {"uv": [5.5, 5.25, 5.75, 7], "texture": "#1"},
				"up": {"uv": [7.5, 0.75, 7.25, 0.5], "texture": "#1"},
				"down": {"uv": [7.5, 0.75, 7.25, 1], "texture": "#1"}
			}
		},
		{
			"from": [5, 1, 2],
			"to": [6, 8, 3],
			"faces": {
				"north": {"uv": [5.75, 0, 6, 1.75], "texture": "#1"},
				"east": {"uv": [5.75, 1.75, 6, 3.5], "texture": "#1"},
				"south": {"uv": [5.75, 3.5, 6, 5.25], "texture": "#1"},
				"west": {"uv": [5.75, 5.25, 6, 7], "texture": "#1"},
				"up": {"uv": [7.5, 1.25, 7.25, 1], "texture": "#1"},
				"down": {"uv": [7.5, 1.25, 7.25, 1.5], "texture": "#1"}
			}
		},
		{
			"from": [5, 1, 13],
			"to": [6, 10, 14],
			"faces": {
				"north": {"uv": [0.75, 2.5, 1, 4.75], "texture": "#1"},
				"east": {"uv": [1, 2.5, 1.25, 4.75], "texture": "#1"},
				"south": {"uv": [1.25, 2.5, 1.5, 4.75], "texture": "#1"},
				"west": {"uv": [1.5, 2.5, 1.75, 4.75], "texture": "#1"},
				"up": {"uv": [7.5, 1.75, 7.25, 1.5], "texture": "#1"},
				"down": {"uv": [7.5, 1.75, 7.25, 2], "texture": "#1"}
			}
		},
		{
			"from": [3, 1, 4],
			"to": [4, 9, 5],
			"faces": {
				"north": {"uv": [4, 4, 4.25, 6], "texture": "#1"},
				"east": {"uv": [4.25, 0, 4.5, 2], "texture": "#1"},
				"south": {"uv": [4.25, 2, 4.5, 4], "texture": "#1"},
				"west": {"uv": [4.25, 4, 4.5, 6], "texture": "#1"},
				"up": {"uv": [7.5, 2.25, 7.25, 2], "texture": "#1"},
				"down": {"uv": [7.5, 2.25, 7.25, 2.5], "texture": "#1"}
			}
		},
		{
			"from": [12, 3, 4],
			"to": [13, 11, 5],
			"faces": {
				"north": {"uv": [4.5, 0, 4.75, 2], "texture": "#1"},
				"east": {"uv": [2, 4.5, 2.25, 6.5], "texture": "#1"},
				"south": {"uv": [4.5, 2, 4.75, 4], "texture": "#1"},
				"west": {"uv": [2.25, 4.5, 2.5, 6.5], "texture": "#1"},
				"up": {"uv": [7.5, 2.75, 7.25, 2.5], "texture": "#1"},
				"down": {"uv": [7.5, 2.75, 7.25, 3], "texture": "#1"}
			}
		},
		{
			"from": [2, 2, 5],
			"to": [3, 10, 6],
			"faces": {
				"north": {"uv": [2.5, 4.5, 2.75, 6.5], "texture": "#1"},
				"east": {"uv": [2.75, 4.5, 3, 6.5], "texture": "#1"},
				"south": {"uv": [3, 4.5, 3.25, 6.5], "texture": "#1"},
				"west": {"uv": [3.25, 4.5, 3.5, 6.5], "texture": "#1"},
				"up": {"uv": [7.5, 3.25, 7.25, 3], "texture": "#1"},
				"down": {"uv": [7.5, 3.25, 7.25, 3.5], "texture": "#1"}
			}
		},
		{
			"from": [13, 2, 5],
			"to": [14, 10, 6],
			"faces": {
				"north": {"uv": [4.5, 4, 4.75, 6], "texture": "#1"},
				"east": {"uv": [0, 4.75, 0.25, 6.75], "texture": "#1"},
				"south": {"uv": [4.75, 0, 5, 2], "texture": "#1"},
				"west": {"uv": [0.25, 4.75, 0.5, 6.75], "texture": "#1"},
				"up": {"uv": [7.5, 3.75, 7.25, 3.5], "texture": "#1"},
				"down": {"uv": [7.5, 3.75, 7.25, 4], "texture": "#1"}
			}
		},
		{
			"from": [2, 3, 6],
			"to": [3, 8, 7],
			"faces": {
				"north": {"uv": [1.5, 6.75, 1.75, 8], "texture": "#1"},
				"east": {"uv": [6.75, 1.5, 7, 2.75], "texture": "#1"},
				"south": {"uv": [1.75, 6.75, 2, 8], "texture": "#1"},
				"west": {"uv": [6.75, 2.75, 7, 4], "texture": "#1"},
				"up": {"uv": [7.5, 4.25, 7.25, 4], "texture": "#1"},
				"down": {"uv": [7.5, 4.25, 7.25, 4.5], "texture": "#1"}
			}
		},
		{
			"from": [13, 1, 6],
			"to": [14, 9, 7],
			"faces": {
				"north": {"uv": [0.5, 4.75, 0.75, 6.75], "texture": "#1"},
				"east": {"uv": [0.75, 4.75, 1, 6.75], "texture": "#1"},
				"south": {"uv": [1, 4.75, 1.25, 6.75], "texture": "#1"},
				"west": {"uv": [1.25, 4.75, 1.5, 6.75], "texture": "#1"},
				"up": {"uv": [7.5, 4.75, 7.25, 4.5], "texture": "#1"},
				"down": {"uv": [7.5, 4.75, 7.25, 5], "texture": "#1"}
			}
		},
		{
			"from": [2, 2, 7],
			"to": [3, 11, 8],
			"faces": {
				"north": {"uv": [1.75, 2.5, 2, 4.75], "texture": "#1"},
				"east": {"uv": [2.5, 2.25, 2.75, 4.5], "texture": "#1"},
				"south": {"uv": [2.75, 0, 3, 2.25], "texture": "#1"},
				"west": {"uv": [2.75, 2.25, 3, 4.5], "texture": "#1"},
				"up": {"uv": [5.25, 7.5, 5, 7.25], "texture": "#1"},
				"down": {"uv": [7.5, 5, 7.25, 5.25], "texture": "#1"}
			}
		},
		{
			"from": [13, 2, 7],
			"to": [14, 11, 8],
			"faces": {
				"north": {"uv": [3, 0, 3.25, 2.25], "texture": "#1"},
				"east": {"uv": [3, 2.25, 3.25, 4.5], "texture": "#1"},
				"south": {"uv": [3.25, 0, 3.5, 2.25], "texture": "#1"},
				"west": {"uv": [3.25, 2.25, 3.5, 4.5], "texture": "#1"},
				"up": {"uv": [5.5, 7.5, 5.25, 7.25], "texture": "#1"},
				"down": {"uv": [7.5, 5.25, 7.25, 5.5], "texture": "#1"}
			}
		},
		{
			"from": [2, 1, 8],
			"to": [3, 9, 9],
			"faces": {
				"north": {"uv": [1.5, 4.75, 1.75, 6.75], "texture": "#1"},
				"east": {"uv": [1.75, 4.75, 2, 6.75], "texture": "#1"},
				"south": {"uv": [4.75, 2, 5, 4], "texture": "#1"},
				"west": {"uv": [4.75, 4, 5, 6], "texture": "#1"},
				"up": {"uv": [5.75, 7.5, 5.5, 7.25], "texture": "#1"},
				"down": {"uv": [7.5, 5.5, 7.25, 5.75], "texture": "#1"}
			}
		},
		{
			"from": [13, 2, 8],
			"to": [14, 8, 9],
			"faces": {
				"north": {"uv": [3, 6.5, 3.25, 8], "texture": "#1"},
				"east": {"uv": [3.25, 6.5, 3.5, 8], "texture": "#1"},
				"south": {"uv": [6.5, 3.5, 6.75, 5], "texture": "#1"},
				"west": {"uv": [6.5, 5, 6.75, 6.5], "texture": "#1"},
				"up": {"uv": [6, 7.5, 5.75, 7.25], "texture": "#1"},
				"down": {"uv": [7.5, 5.75, 7.25, 6], "texture": "#1"}
			}
		},
		{
			"from": [2, 3, 9],
			"to": [3, 10, 10],
			"faces": {
				"north": {"uv": [6, 0, 6.25, 1.75], "texture": "#1"},
				"east": {"uv": [6, 1.75, 6.25, 3.5], "texture": "#1"},
				"south": {"uv": [3.5, 6, 3.75, 7.75], "texture": "#1"},
				"west": {"uv": [6, 3.5, 6.25, 5.25], "texture": "#1"},
				"up": {"uv": [6.25, 7.5, 6, 7.25], "texture": "#1"},
				"down": {"uv": [7.5, 6, 7.25, 6.25], "texture": "#1"}
			}
		},
		{
			"from": [13, 3, 9],
			"to": [14, 10, 10],
			"faces": {
				"north": {"uv": [3.75, 6, 4, 7.75], "texture": "#1"},
				"east": {"uv": [4, 6, 4.25, 7.75], "texture": "#1"},
				"south": {"uv": [4.25, 6, 4.5, 7.75], "texture": "#1"},
				"west": {"uv": [4.5, 6, 4.75, 7.75], "texture": "#1"},
				"up": {"uv": [6.5, 7.5, 6.25, 7.25], "texture": "#1"},
				"down": {"uv": [7.5, 6.25, 7.25, 6.5], "texture": "#1"}
			}
		},
		{
			"from": [2, 2, 10],
			"to": [3, 8, 11],
			"faces": {
				"north": {"uv": [6.5, 6.5, 6.75, 8], "texture": "#1"},
				"east": {"uv": [0, 6.75, 0.25, 8.25], "texture": "#1"},
				"south": {"uv": [6.75, 0, 7, 1.5], "texture": "#1"},
				"west": {"uv": [0.25, 6.75, 0.5, 8.25], "texture": "#1"},
				"up": {"uv": [7.5, 6.75, 7.25, 6.5], "texture": "#1"},
				"down": {"uv": [7, 7.25, 6.75, 7.5], "texture": "#1"}
			}
		},
		{
			"from": [13, 2, 10],
			"to": [14, 9, 11],
			"faces": {
				"north": {"uv": [4.75, 6, 5, 7.75], "texture": "#1"},
				"east": {"uv": [6, 5.25, 6.25, 7], "texture": "#1"},
				"south": {"uv": [6.25, 0, 6.5, 1.75], "texture": "#1"},
				"west": {"uv": [6.25, 1.75, 6.5, 3.5], "texture": "#1"},
				"up": {"uv": [7.5, 7, 7.25, 6.75], "texture": "#1"},
				"down": {"uv": [7.25, 7.25, 7, 7.5], "texture": "#1"}
			}
		},
		{
			"from": [3, 1, 11],
			"to": [4, 11, 12],
			"faces": {
				"north": {"uv": [0, 0, 0.25, 2.5], "texture": "#1"},
				"east": {"uv": [0.25, 0, 0.5, 2.5], "texture": "#1"},
				"south": {"uv": [0.5, 0, 0.75, 2.5], "texture": "#1"},
				"west": {"uv": [0.75, 0, 1, 2.5], "texture": "#1"},
				"up": {"uv": [7.5, 7.25, 7.25, 7], "texture": "#1"},
				"down": {"uv": [7.5, 7.25, 7.25, 7.5], "texture": "#1"}
			}
		},
		{
			"from": [12, 1, 11],
			"to": [13, 11, 12],
			"faces": {
				"north": {"uv": [1, 0, 1.25, 2.5], "texture": "#1"},
				"east": {"uv": [1.25, 0, 1.5, 2.5], "texture": "#1"},
				"south": {"uv": [1.5, 0, 1.75, 2.5], "texture": "#1"},
				"west": {"uv": [1.75, 0, 2, 2.5], "texture": "#1"},
				"up": {"uv": [7.75, 0.25, 7.5, 0], "texture": "#1"},
				"down": {"uv": [7.75, 0.25, 7.5, 0.5], "texture": "#1"}
			}
		},
		{
			"from": [4, 2, 12],
			"to": [5, 9, 13],
			"faces": {
				"north": {"uv": [6.25, 3.5, 6.5, 5.25], "texture": "#1"},
				"east": {"uv": [6.25, 5.25, 6.5, 7], "texture": "#1"},
				"south": {"uv": [6.5, 0, 6.75, 1.75], "texture": "#1"},
				"west": {"uv": [6.5, 1.75, 6.75, 3.5], "texture": "#1"},
				"up": {"uv": [7.75, 0.75, 7.5, 0.5], "texture": "#1"},
				"down": {"uv": [7.75, 0.75, 7.5, 1], "texture": "#1"}
			}
		},
		{
			"from": [11, 2, 12],
			"to": [12, 8, 13],
			"faces": {
				"north": {"uv": [0.5, 6.75, 0.75, 8.25], "texture": "#1"},
				"east": {"uv": [0.75, 6.75, 1, 8.25], "texture": "#1"},
				"south": {"uv": [1, 6.75, 1.25, 8.25], "texture": "#1"},
				"west": {"uv": [1.25, 6.75, 1.5, 8.25], "texture": "#1"},
				"up": {"uv": [7.75, 1.25, 7.5, 1], "texture": "#1"},
				"down": {"uv": [7.75, 1.25, 7.5, 1.5], "texture": "#1"}
			}
		}
	],
	"display": {
		"head": {
			"scale": [4, 4, 4]
		}
	},
	"groups": [
		{
			"name": "base",
			"origin": [8, 8, 8],
			"children": [0, 1, 2, 3, 4, 5, 6, 7, 8, 9, 10, 11, 12, 13, 14]
		},
		{
			"name": "barrel",
			"origin": [8, 8, 8],
			"children": [15, 16, 17, 18, 19, 20, 21, 22, 23, 24, 25, 26, 27, 28, 29, 30, 31, 32, 33, 34, 35, 36, 37, 38, 39, 40, 41, 42, 43, 44, 45, 46]
		}
	]
}