{
	"credit": "Made with Blockbench",
	"textures": {
		"2": "rides/br/gatebarrel",
		"particle": "rides/br/basebarrel"
	},
	"elements": [
		{
			"from": [6.2, 4.3, 2.4],
			"to": [6.4, 9, 2.6],
			"faces": {
				"north": {"uv": [0, 0, 1, 5], "texture": "#2"},
				"east": {"uv": [1, 0, 2, 5], "texture": "#2"},
				"south": {"uv": [2, 0, 3, 5], "texture": "#2"},
				"west": {"uv": [3, 0, 4, 5], "texture": "#2"},
				"up": {"uv": [13, 2, 12, 1], "texture": "#2"},
				"down": {"uv": [13, 2, 12, 3], "texture": "#2"}
			}
		},
		{
			"from": [9.6, 4, 2.4],
			"to": [9.8, 9, 2.6],
			"faces": {
				"north": {"uv": [4, 0, 5, 5], "texture": "#2"},
				"east": {"uv": [0, 5, 1, 10], "texture": "#2"},
				"south": {"uv": [5, 0, 6, 5], "texture": "#2"},
				"west": {"uv": [1, 5, 2, 10], "texture": "#2"},
				"up": {"uv": [4, 13, 3, 12], "texture": "#2"},
				"down": {"uv": [13, 3, 12, 4], "texture": "#2"}
			}
		},
		{
			"from": [6.4, 4.3, 2.4],
			"to": [9.6, 4.5, 2.6],
			"faces": {
				"north": {"uv": [2, 5, 5, 6], "texture": "#2"},
				"east": {"uv": [4, 12, 5, 13], "texture": "#2"},
				"south": {"uv": [5, 5, 8, 6], "texture": "#2"},
				"west": {"uv": [12, 4, 13, 5], "texture": "#2"},
				"up": {"uv": [9, 1, 6, 0], "texture": "#2"},
				"down": {"uv": [9, 1, 6, 2], "texture": "#2"}
			}
		},
		{
			"from": [6.4, 4.8, 2.4],
			"to": [9.6, 5, 2.6],
			"faces": {
				"north": {"uv": [2, 6, 5, 7], "texture": "#2"},
				"east": {"uv": [5, 12, 6, 13], "texture": "#2"},
				"south": {"uv": [6, 2, 9, 3], "texture": "#2"},
				"west": {"uv": [6, 12, 7, 13], "texture": "#2"},
				"up": {"uv": [9, 4, 6, 3], "texture": "#2"},
				"down": {"uv": [9, 4, 6, 5], "texture": "#2"}
			}
		},
		{
			"from": [6.4, 5.3, 2.4],
			"to": [9.6, 5.5, 2.6],
			"faces": {
				"north": {"uv": [5, 6, 8, 7], "texture": "#2"},
				"east": {"uv": [7, 12, 8, 13], "texture": "#2"},
				"south": {"uv": [2, 7, 5, 8], "texture": "#2"},
				"west": {"uv": [8, 12, 9, 13], "texture": "#2"},
				"up": {"uv": [8, 8, 5, 7], "texture": "#2"},
				"down": {"uv": [5, 8, 2, 9], "texture": "#2"}
			}
		},
		{
			"from": [6.4, 5.8, 2.4],
			"to": [9.6, 6, 2.6],
			"faces": {
				"north": {"uv": [5, 8, 8, 9], "texture": "#2"},
				"east": {"uv": [9, 12, 10, 13], "texture": "#2"},
				"south": {"uv": [8, 5, 11, 6], "texture": "#2"},
				"west": {"uv": [10, 12, 11, 13], "texture": "#2"},
				"up": {"uv": [11, 7, 8, 6], "texture": "#2"},
				"down": {"uv": [11, 7, 8, 8], "texture": "#2"}
			}
		},
		{
			"from": [6.4, 6.3, 2.4],
			"to": [9.6, 6.5, 2.6],
			"faces": {
				"north": {"uv": [8, 8, 11, 9], "texture": "#2"},
				"east": {"uv": [12, 10, 13, 11], "texture": "#2"},
				"south": {"uv": [9, 0, 12, 1], "texture": "#2"},
				"west": {"uv": [11, 12, 12, 13], "texture": "#2"},
				"up": {"uv": [12, 2, 9, 1], "texture": "#2"},
				"down": {"uv": [5, 9, 2, 10], "texture": "#2"}
			}
		},
		{
			"from": [6.4, 6.8, 2.4],
			"to": [9.6, 7, 2.6],
			"faces": {
				"north": {"uv": [9, 2, 12, 3], "texture": "#2"},
				"east": {"uv": [12, 11, 13, 12], "texture": "#2"},
				"south": {"uv": [9, 3, 12, 4], "texture": "#2"},
				"west": {"uv": [12, 12, 13, 13], "texture": "#2"},
				"up": {"uv": [12, 5, 9, 4], "texture": "#2"},
				"down": {"uv": [8, 9, 5, 10], "texture": "#2"}
			}
		},
		{
			"from": [6.4, 7.3, 2.4],
			"to": [9.6, 7.5, 2.6],
			"faces": {
				"north": {"uv": [8, 9, 11, 10], "texture": "#2"},
				"east": {"uv": [0, 13, 1, 14], "texture": "#2"},
				"south": {"uv": [0, 10, 3, 11], "texture": "#2"},
				"west": {"uv": [1, 13, 2, 14], "texture": "#2"},
				"up": {"uv": [6, 11, 3, 10], "texture": "#2"},
				"down": {"uv": [9, 10, 6, 11], "texture": "#2"}
			}
		},
		{
			"from": [6.4, 7.8, 2.4],
			"to": [9.6, 8, 2.6],
			"faces": {
				"north": {"uv": [9, 10, 12, 11], "texture": "#2"},
				"east": {"uv": [13, 1, 14, 2], "texture": "#2"},
				"south": {"uv": [0, 11, 3, 12], "texture": "#2"},
				"west": {"uv": [2, 13, 3, 14], "texture": "#2"},
				"up": {"uv": [6, 12, 3, 11], "texture": "#2"},
				"down": {"uv": [14, 5, 11, 6], "texture": "#2"}
			}
		},
		{
			"from": [6.4, 8.3, 2.4],
			"to": [9.6, 8.5, 2.6],
			"faces": {
				"north": {"uv": [6, 11, 9, 12], "texture": "#2"},
				"east": {"uv": [13, 2, 14, 3], "texture": "#2"},
				"south": {"uv": [11, 6, 14, 7], "texture": "#2"},
				"west": {"uv": [3, 13, 4, 14], "texture": "#2"},
				"up": {"uv": [14, 8, 11, 7], "texture": "#2"},
				"down": {"uv": [14, 8, 11, 9], "texture": "#2"}
			}
		},
		{
			"from": [6.4, 8.8, 2.4],
			"to": [9.6, 9, 2.6],
			"faces": {
				"north": {"uv": [9, 11, 12, 12], "texture": "#2"},
				"east": {"uv": [13, 3, 14, 4], "texture": "#2"},
				"south": {"uv": [11, 9, 14, 10], "texture": "#2"},
				"west": {"uv": [4, 13, 5, 14], "texture": "#2"},
				"up": {"uv": [3, 13, 0, 12], "texture": "#2"},
				"down": {"uv": [15, 0, 12, 1], "texture": "#2"}
			}
		}
	],
	"display": {
		"thirdperson_righthand": {
			"scale": [1.01, 1, 1]
		},
		"head": {
			"scale": [4, 4, 4]
		}
	},
	"groups": [
		{
			"name": "gate",
			"origin": [8, 8, 8],
			"children": [0, 1, 2, 3, 4, 5, 6, 7, 8, 9, 10, 11]
		}
	]
}