{
	"credit": "Made with Blockbench",
	"texture_size": [64, 64],
	"textures": {
		"0": "rides/ts/armtop",
		"particle": "rides/ts/armtop"
	},
	"elements": [
		{
			"from": [-5.55, 9.96066, 5.38249],
			"to": [-0.55, 25, 10.78249],
			"rotation": {"angle": 0, "axis": "y", "origin": [9, 13.96066, 9.38249]},
			"faces": {
				"north": {"uv": [1.25, 6.5, 2, 10.25], "texture": "#0"},
				"east": {"uv": [4, 0, 5.25, 3.75], "texture": "#0"},
				"south": {"uv": [2, 8.5, 2.75, 12.25], "texture": "#0"},
				"west": {"uv": [5.25, 0, 6.5, 3.75], "texture": "#0"},
				"up": {"uv": [6.5, 5, 5.75, 3.75], "texture": "#0"},
				"down": {"uv": [6.25, 8.5, 5.5, 9.75], "texture": "#0"}
			}
		},
		{
			"from": [-5.15, 9.00208, -2.75894],
			"to": [-1.45, 21.21299, 2.64106],
			"rotation": {"angle": 0, "axis": "y", "origin": [9, 6.00208, 1.24106]},
			"faces": {
				"north": {"uv": [3.75, 8.5, 4, 11.5], "texture": "#0"},
				"east": {"uv": [5.5, 5.5, 6.75, 8.5], "texture": "#0"},
				"south": {"uv": [6.25, 8.5, 6.5, 11.5], "texture": "#0"},
				"west": {"uv": [0, 6.5, 1.25, 9.5], "texture": "#0"},
				"up": {"uv": [3.75, 1.25, 3.5, 0], "texture": "#0"},
				"down": {"uv": [4, 0, 3.75, 1.25], "texture": "#0"}
			}
		},
		{
			"from": [-5.15, 9.00208, 13.35894],
			"to": [-1.45, 21.21299, 18.75894],
			"rotation": {"angle": 0, "axis": "y", "origin": [9, 6.00208, 14.75894]},
			"faces": {
				"north": {"uv": [6.5, 8.5, 6.75, 11.5], "texture": "#0"},
				"east": {"uv": [6.5, 0, 7.75, 3], "texture": "#0"},
				"south": {"uv": [9, 0, 9.25, 3], "texture": "#0"},
				"west": {"uv": [6.75, 6.75, 8, 9.75], "texture": "#0"},
				"up": {"uv": [9.5, 8.25, 9.25, 7], "texture": "#0"},
				"down": {"uv": [0.75, 9.5, 0.5, 10.75], "texture": "#0"}
			}
		},
		{
			"from": [-5.15, 21.90208, 21.35894],
			"to": [-1.45, 25.81299, 25.25894],
			"rotation": {"angle": -45, "axis": "x", "origin": [9, 13.80208, 22.85894]},
			"faces": {
				"north": {"uv": [9, 7, 9.25, 8], "texture": "#0"},
				"east": {"uv": [4.75, 3.75, 5.75, 4.75], "texture": "#0"},
				"south": {"uv": [9.25, 8.25, 9.5, 9.25], "texture": "#0"},
				"west": {"uv": [6.75, 5.5, 7.75, 6.5], "texture": "#0"},
				"up": {"uv": [3.5, 10.5, 3.25, 9.5], "texture": "#0"},
				"down": {"uv": [3.75, 9.5, 3.5, 10.5], "texture": "#0"}
			}
		},
		{
			"from": [-5.55, 25.70208, 13.35894],
			"to": [-0.55, 29.61299, 17.25894],
			"rotation": {"angle": -45, "axis": "x", "origin": [9, 17.60208, 14.85894]},
			"faces": {
				"north": {"uv": [8.75, 5, 9.5, 6], "texture": "#0"},
				"east": {"uv": [7.75, 5, 8.75, 6], "texture": "#0"},
				"south": {"uv": [9, 3, 9.75, 4], "texture": "#0"},
				"west": {"uv": [8, 6, 9, 7], "texture": "#0"},
				"up": {"uv": [9.75, 5, 9, 4], "texture": "#0"},
				"down": {"uv": [9.75, 6, 9, 7], "texture": "#0"}
			}
		},
		{
			"from": [-5.15, 21.90208, 5.25894],
			"to": [-1.45, 25.81299, 9.15894],
			"rotation": {"angle": -45, "axis": "x", "origin": [9, 13.80208, 6.75894]},
			"faces": {
				"north": {"uv": [9.5, 9.5, 9.75, 10.5], "texture": "#0"},
				"east": {"uv": [8, 7, 9, 8], "texture": "#0"},
				"south": {"uv": [9.5, 0, 9.75, 1], "texture": "#0"},
				"west": {"uv": [2.75, 8.5, 3.75, 9.5], "texture": "#0"},
				"up": {"uv": [9.75, 2, 9.5, 1], "texture": "#0"},
				"down": {"uv": [9.75, 2, 9.5, 3], "texture": "#0"}
			}
		},
		{
			"from": [-5.15, 3.8, 0.1],
			"to": [-1.45, 13.5, 5.5],
			"rotation": {"angle": -45, "axis": "x", "origin": [9, 7.8, 4.1]},
			"faces": {
				"north": {"uv": [9.25, 9.25, 9.5, 11.75], "texture": "#0"},
				"east": {"uv": [6.5, 3, 7.75, 5.5], "texture": "#0"},
				"south": {"uv": [9.25, 0, 9.5, 2.5], "texture": "#0"},
				"west": {"uv": [7.75, 0, 9, 2.5], "texture": "#0"},
				"up": {"uv": [1, 10.75, 0.75, 9.5], "texture": "#0"},
				"down": {"uv": [1.25, 9.5, 1, 10.75], "texture": "#0"}
			}
		},
		{
			"from": [-5.15, 3.8, 10.5],
			"to": [-1.45, 13.5, 15.9],
			"rotation": {"angle": 45, "axis": "x", "origin": [9, 7.8, 11.9]},
			"faces": {
				"north": {"uv": [0, 9.5, 0.25, 12], "texture": "#0"},
				"east": {"uv": [7.75, 2.5, 9, 5], "texture": "#0"},
				"south": {"uv": [0.25, 9.5, 0.5, 12], "texture": "#0"},
				"west": {"uv": [8, 8, 9.25, 10.5], "texture": "#0"},
				"up": {"uv": [3, 10.75, 2.75, 9.5], "texture": "#0"},
				"down": {"uv": [3.25, 9.5, 3, 10.75], "texture": "#0"}
			}
		},
		{
			"from": [-5.65, -16, 4],
			"to": [-0.45, 10, 12],
			"rotation": {"angle": 0, "axis": "y", "origin": [9, 8, 8]},
			"faces": {
				"north": {"uv": [4, 4, 4.75, 10.5], "texture": "#0"},
				"east": {"uv": [0, 0, 2, 6.5], "texture": "#0"},
				"south": {"uv": [4.75, 4.75, 5.5, 11.25], "texture": "#0"},
				"west": {"uv": [2, 2, 4, 8.5], "texture": "#0"},
				"up": {"uv": [2.75, 2, 2, 0], "texture": "#0"},
				"down": {"uv": [3.5, 0, 2.75, 2], "texture": "#0"}
			}
		}
	],
	"display": {
		"thirdperson_righthand": {
			"rotation": [67, 0, 0],
			"translation": [19.75, 0, 0],
			"scale": [3.36, 3.47, 2.86]
		},
		"gui": {
			"rotation": [28, 40, 0],
			"translation": [3, -0.5, 0],
			"scale": [0.3, 0.3, 0.3]
		},
		"head": {
			"translation": [24, 24, 0],
			"scale": [3.36, 3.47, 2.86]
		}
	},
	"groups": [
		{
			"name": "group",
			"origin": [8, 8, 8],
			"color": 0,
			"children": [0, 1, 2, 3, 4, 5, 6, 7, 8]
		}
	]
}