{
	"credit": "Made with Blockbench",
	"texture_size": [128, 128],
	"textures": {
		"0": "rides/ts/centerarmtop",
		"particle": "rides/ts/centerarmtop"
	},
	"elements": [
		{
			"name": "hexadecagon",
			"from": [-14, 14.11088, -1.3],
			"to": [-4, 18.08912, 18.7],
			"rotation": {"angle": -45, "axis": "x", "origin": [-4.5, 16.1, 8.7]},
			"faces": {
				"north": {"uv": [1.25, 0, 2.5, 0.5], "texture": "#0"},
				"east": {"uv": [6.25, 0, 8.75, 0.5], "texture": "#0"},
				"south": {"uv": [1.25, 0.5, 2.5, 1], "texture": "#0"},
				"west": {"uv": [6.25, 0.5, 8.75, 1], "texture": "#0"},
				"up": {"uv": [1.25, 2.5, 0, 0], "texture": "#0"},
				"down": {"uv": [2.5, 1.25, 1.25, 3.75], "texture": "#0"}
			}
		},
		{
			"name": "hexadecagon",
			"from": [-14, 14.11088, -1.3],
			"to": [-4, 18.08912, 18.7],
			"rotation": {"angle": -22.5, "axis": "x", "origin": [-4.5, 16.1, 8.7]},
			"faces": {
				"north": {"uv": [3.75, 2.5, 5, 3], "texture": "#0"},
				"east": {"uv": [6.25, 1, 8.75, 1.5], "texture": "#0"},
				"south": {"uv": [3.75, 3, 5, 3.5], "texture": "#0"},
				"west": {"uv": [6.25, 1.5, 8.75, 2], "texture": "#0"},
				"up": {"uv": [1.25, 5, 0, 2.5], "texture": "#0"},
				"down": {"uv": [3.75, 2.5, 2.5, 5], "texture": "#0"}
			}
		},
		{
			"name": "hexadecagon",
			"from": [-14, 14.11088, -1.3],
			"to": [-4, 18.08912, 18.7],
			"rotation": {"angle": 0, "axis": "y", "origin": [-4.5, 16.1, 8.7]},
			"faces": {
				"north": {"uv": [6.25, 5, 7.5, 5.5], "texture": "#0"},
				"east": {"uv": [6.25, 2, 8.75, 2.5], "texture": "#0"},
				"south": {"uv": [6.25, 5.5, 7.5, 6], "texture": "#0"},
				"west": {"uv": [6.25, 2.5, 8.75, 3], "texture": "#0"},
				"up": {"uv": [3.75, 2.5, 2.5, 0], "texture": "#0"},
				"down": {"uv": [2.5, 3.75, 1.25, 6.25], "texture": "#0"}
			}
		},
		{
			"name": "hexadecagon",
			"from": [-14, 14.11088, -1.3],
			"to": [-4, 18.08912, 18.7],
			"rotation": {"angle": 22.5, "axis": "x", "origin": [-4.5, 16.1, 8.7]},
			"faces": {
				"north": {"uv": [7.5, 7.5, 8.75, 8], "texture": "#0"},
				"east": {"uv": [6.25, 3, 8.75, 3.5], "texture": "#0"},
				"south": {"uv": [7.5, 5, 8.75, 5.5], "texture": "#0"},
				"west": {"uv": [6.25, 3.5, 8.75, 4], "texture": "#0"},
				"up": {"uv": [5, 6.25, 3.75, 3.75], "texture": "#0"},
				"down": {"uv": [5, 0, 3.75, 2.5], "texture": "#0"}
			}
		},
		{
			"name": "hexadecagon",
			"from": [-14, 14.11088, -1.3],
			"to": [-4, 18.08912, 18.7],
			"rotation": {"angle": 45, "axis": "x", "origin": [-4.5, 16.1, 8.7]},
			"faces": {
				"north": {"uv": [7.5, 5.5, 8.75, 6], "texture": "#0"},
				"east": {"uv": [6.25, 4, 8.75, 4.5], "texture": "#0"},
				"south": {"uv": [7.5, 6, 8.75, 6.5], "texture": "#0"},
				"west": {"uv": [6.25, 4.5, 8.75, 5], "texture": "#0"},
				"up": {"uv": [1.25, 7.5, 0, 5], "texture": "#0"},
				"down": {"uv": [3.75, 5, 2.5, 7.5], "texture": "#0"}
			}
		},
		{
			"name": "hexadecagon",
			"from": [-14, 6.1, 6.71088],
			"to": [-4, 26.1, 10.68912],
			"rotation": {"angle": -22.5, "axis": "x", "origin": [-4.5, 16.1, 8.7]},
			"faces": {
				"north": {"uv": [5, 5, 6.25, 7.5], "texture": "#0"},
				"east": {"uv": [0, 7.5, 0.5, 10], "texture": "#0"},
				"south": {"uv": [5, 0, 6.25, 2.5], "texture": "#0"},
				"west": {"uv": [0.5, 7.5, 1, 10], "texture": "#0"},
				"up": {"uv": [8.75, 7, 7.5, 6.5], "texture": "#0"},
				"down": {"uv": [8.75, 7, 7.5, 7.5], "texture": "#0"}
			}
		},
		{
			"name": "hexadecagon",
			"from": [-14, 6.1, 6.71088],
			"to": [-4, 26.1, 10.68912],
			"rotation": {"angle": 0, "axis": "y", "origin": [-4.5, 16.1, 8.7]},
			"faces": {
				"north": {"uv": [5, 2.5, 6.25, 5], "texture": "#0"},
				"east": {"uv": [2.5, 7.5, 3, 10], "texture": "#0"},
				"south": {"uv": [1.25, 6.25, 2.5, 8.75], "texture": "#0"},
				"west": {"uv": [3, 7.5, 3.5, 10], "texture": "#0"},
				"up": {"uv": [8.75, 8.5, 7.5, 8], "texture": "#0"},
				"down": {"uv": [8.75, 8.5, 7.5, 9], "texture": "#0"}
			}
		},
		{
			"name": "hexadecagon",
			"from": [-14, 6.1, 6.71088],
			"to": [-4, 26.1, 10.68912],
			"rotation": {"angle": 22.5, "axis": "x", "origin": [-4.5, 16.1, 8.7]},
			"faces": {
				"north": {"uv": [3.75, 6.25, 5, 8.75], "texture": "#0"},
				"east": {"uv": [5, 7.5, 5.5, 10], "texture": "#0"},
				"south": {"uv": [6.25, 6.25, 7.5, 8.75], "texture": "#0"},
				"west": {"uv": [5.5, 7.5, 6, 10], "texture": "#0"},
				"up": {"uv": [2.25, 9.25, 1, 8.75], "texture": "#0"},
				"down": {"uv": [4.75, 8.75, 3.5, 9.25], "texture": "#0"}
			}
		},
		{
			"name": "hexadecagon",
			"from": [-4.1, 14.90544, 3.7],
			"to": [-3.1, 16.89456, 13.7],
			"rotation": {"angle": -45, "axis": "x", "origin": [-3.6, 15.9, 8.7]},
			"faces": {
				"north": {"uv": [1.75, 9.25, 1.875, 9.5], "texture": "#0"},
				"east": {"uv": [1.25, 1, 2.5, 1.25], "texture": "#0"},
				"south": {"uv": [1.875, 9.25, 2, 9.5], "texture": "#0"},
				"west": {"uv": [3.75, 3.5, 5, 3.75], "texture": "#0"},
				"up": {"uv": [6.875, 10.25, 6.75, 9], "texture": "#0"},
				"down": {"uv": [7, 9, 6.875, 10.25], "texture": "#0"}
			}
		},
		{
			"name": "hexadecagon",
			"from": [-4.1, 14.90544, 3.7],
			"to": [-3.1, 16.89456, 13.7],
			"rotation": {"angle": -22.5, "axis": "x", "origin": [-3.6, 15.9, 8.7]},
			"faces": {
				"north": {"uv": [2, 9.25, 2.125, 9.5], "texture": "#0"},
				"east": {"uv": [6.25, 6, 7.5, 6.25], "texture": "#0"},
				"south": {"uv": [2.125, 9.25, 2.25, 9.5], "texture": "#0"},
				"west": {"uv": [6, 8.75, 7.25, 9], "texture": "#0"},
				"up": {"uv": [7.125, 10.25, 7, 9], "texture": "#0"},
				"down": {"uv": [7.25, 9, 7.125, 10.25], "texture": "#0"}
			}
		},
		{
			"name": "hexadecagon",
			"from": [-4.1, 14.90544, 3.7],
			"to": [-3.1, 16.89456, 13.7],
			"rotation": {"angle": 0, "axis": "y", "origin": [-3.6, 15.9, 8.7]},
			"faces": {
				"north": {"uv": [3.5, 9.25, 3.625, 9.5], "texture": "#0"},
				"east": {"uv": [8.75, 8.75, 10, 9], "texture": "#0"},
				"south": {"uv": [3.625, 9.25, 3.75, 9.5], "texture": "#0"},
				"west": {"uv": [8.75, 0, 10, 0.25], "texture": "#0"},
				"up": {"uv": [7.625, 10.25, 7.5, 9], "texture": "#0"},
				"down": {"uv": [7.75, 9, 7.625, 10.25], "texture": "#0"}
			}
		},
		{
			"name": "hexadecagon",
			"from": [-4.1, 14.90544, 3.7],
			"to": [-3.1, 16.89456, 13.7],
			"rotation": {"angle": 22.5, "axis": "x", "origin": [-3.6, 15.9, 8.7]},
			"faces": {
				"north": {"uv": [3.75, 9.25, 3.875, 9.5], "texture": "#0"},
				"east": {"uv": [8.75, 0.25, 10, 0.5], "texture": "#0"},
				"south": {"uv": [3.875, 9.25, 4, 9.5], "texture": "#0"},
				"west": {"uv": [8.75, 0.5, 10, 0.75], "texture": "#0"},
				"up": {"uv": [7.875, 10.25, 7.75, 9], "texture": "#0"},
				"down": {"uv": [8, 9, 7.875, 10.25], "texture": "#0"}
			}
		},
		{
			"name": "hexadecagon",
			"from": [-4.1, 14.90544, 3.7],
			"to": [-3.1, 16.89456, 13.7],
			"rotation": {"angle": 45, "axis": "x", "origin": [-3.6, 15.9, 8.7]},
			"faces": {
				"north": {"uv": [4, 9.25, 4.125, 9.5], "texture": "#0"},
				"east": {"uv": [8.75, 0.75, 10, 1], "texture": "#0"},
				"south": {"uv": [4.125, 9.25, 4.25, 9.5], "texture": "#0"},
				"west": {"uv": [8.75, 1, 10, 1.25], "texture": "#0"},
				"up": {"uv": [8.125, 10.25, 8, 9], "texture": "#0"},
				"down": {"uv": [8.25, 9, 8.125, 10.25], "texture": "#0"}
			}
		},
		{
			"name": "hexadecagon",
			"from": [-4.1, 10.9, 7.70544],
			"to": [-3.1, 20.9, 9.69456],
			"rotation": {"angle": -22.5, "axis": "x", "origin": [-3.6, 15.9, 8.7]},
			"faces": {
				"north": {"uv": [8.25, 9, 8.375, 10.25], "texture": "#0"},
				"east": {"uv": [6, 7.5, 6.25, 8.75], "texture": "#0"},
				"south": {"uv": [8.375, 9, 8.5, 10.25], "texture": "#0"},
				"west": {"uv": [2.25, 8.75, 2.5, 10], "texture": "#0"},
				"up": {"uv": [4.375, 9.5, 4.25, 9.25], "texture": "#0"},
				"down": {"uv": [4.5, 9.25, 4.375, 9.5], "texture": "#0"}
			}
		},
		{
			"name": "hexadecagon",
			"from": [-4.1, 10.9, 7.70544],
			"to": [-3.1, 20.9, 9.69456],
			"rotation": {"angle": 0, "axis": "y", "origin": [-3.6, 15.9, 8.7]},
			"faces": {
				"north": {"uv": [6.5, 9, 6.625, 10.25], "texture": "#0"},
				"east": {"uv": [1, 7.5, 1.25, 8.75], "texture": "#0"},
				"south": {"uv": [6.625, 9, 6.75, 10.25], "texture": "#0"},
				"west": {"uv": [3.5, 7.5, 3.75, 8.75], "texture": "#0"},
				"up": {"uv": [1.625, 9.5, 1.5, 9.25], "texture": "#0"},
				"down": {"uv": [1.75, 9.25, 1.625, 9.5], "texture": "#0"}
			}
		},
		{
			"name": "hexadecagon",
			"from": [-4.1, 10.9, 7.70544],
			"to": [-3.1, 20.9, 9.69456],
			"rotation": {"angle": 22.5, "axis": "x", "origin": [-3.6, 15.9, 8.7]},
			"faces": {
				"north": {"uv": [8.5, 9, 8.625, 10.25], "texture": "#0"},
				"east": {"uv": [4.75, 8.75, 5, 10], "texture": "#0"},
				"south": {"uv": [8.625, 9, 8.75, 10.25], "texture": "#0"},
				"west": {"uv": [7.25, 8.75, 7.5, 10], "texture": "#0"},
				"up": {"uv": [4.625, 9.5, 4.5, 9.25], "texture": "#0"},
				"down": {"uv": [4.75, 9.25, 4.625, 9.5], "texture": "#0"}
			}
		},
		{
			"name": "hexadecagon",
			"from": [-15, 14.90544, 3.7],
			"to": [-14, 16.89456, 13.7],
			"rotation": {"angle": -45, "axis": "x", "origin": [-14.5, 15.9, 8.7]},
			"faces": {
				"north": {"uv": [9.25, 9.25, 9.375, 9.5], "texture": "#0"},
				"east": {"uv": [8.75, 1.25, 10, 1.5], "texture": "#0"},
				"south": {"uv": [9.25, 3.75, 9.375, 4], "texture": "#0"},
				"west": {"uv": [8.75, 1.5, 10, 1.75], "texture": "#0"},
				"up": {"uv": [8.875, 10.25, 8.75, 9], "texture": "#0"},
				"down": {"uv": [9, 9, 8.875, 10.25], "texture": "#0"}
			}
		},
		{
			"name": "hexadecagon",
			"from": [-15, 14.90544, 3.7],
			"to": [-14, 16.89456, 13.7],
			"rotation": {"angle": -22.5, "axis": "x", "origin": [-14.5, 15.9, 8.7]},
			"faces": {
				"north": {"uv": [9.25, 4, 9.375, 4.25], "texture": "#0"},
				"east": {"uv": [8.75, 1.75, 10, 2], "texture": "#0"},
				"south": {"uv": [9.25, 4.25, 9.375, 4.5], "texture": "#0"},
				"west": {"uv": [8.75, 2, 10, 2.25], "texture": "#0"},
				"up": {"uv": [9.125, 10.25, 9, 9], "texture": "#0"},
				"down": {"uv": [9.125, 3.75, 9, 5], "texture": "#0"}
			}
		},
		{
			"name": "hexadecagon",
			"from": [-15, 14.90544, 3.7],
			"to": [-14, 16.89456, 13.7],
			"rotation": {"angle": 0, "axis": "y", "origin": [-14.5, 15.9, 8.7]},
			"faces": {
				"north": {"uv": [9.25, 4.5, 9.375, 4.75], "texture": "#0"},
				"east": {"uv": [8.75, 2.25, 10, 2.5], "texture": "#0"},
				"south": {"uv": [9.25, 4.75, 9.375, 5], "texture": "#0"},
				"west": {"uv": [8.75, 2.5, 10, 2.75], "texture": "#0"},
				"up": {"uv": [9.125, 6.25, 9, 5], "texture": "#0"},
				"down": {"uv": [9.125, 6.25, 9, 7.5], "texture": "#0"}
			}
		},
		{
			"name": "hexadecagon",
			"from": [-15, 14.90544, 3.7],
			"to": [-14, 16.89456, 13.7],
			"rotation": {"angle": 22.5, "axis": "x", "origin": [-14.5, 15.9, 8.7]},
			"faces": {
				"north": {"uv": [9.25, 5, 9.375, 5.25], "texture": "#0"},
				"east": {"uv": [8.75, 2.75, 10, 3], "texture": "#0"},
				"south": {"uv": [9.25, 5.25, 9.375, 5.5], "texture": "#0"},
				"west": {"uv": [8.75, 3, 10, 3.25], "texture": "#0"},
				"up": {"uv": [9.125, 8.75, 9, 7.5], "texture": "#0"},
				"down": {"uv": [9.25, 9.125, 9.125, 10.375], "texture": "#0"}
			}
		},
		{
			"name": "hexadecagon",
			"from": [-15, 14.90544, 3.7],
			"to": [-14, 16.89456, 13.7],
			"rotation": {"angle": 45, "axis": "x", "origin": [-14.5, 15.9, 8.7]},
			"faces": {
				"north": {"uv": [9.25, 5.5, 9.375, 5.75], "texture": "#0"},
				"east": {"uv": [8.75, 3.25, 10, 3.5], "texture": "#0"},
				"south": {"uv": [9.25, 5.75, 9.375, 6], "texture": "#0"},
				"west": {"uv": [8.75, 3.5, 10, 3.75], "texture": "#0"},
				"up": {"uv": [9.25, 5, 9.125, 3.75], "texture": "#0"},
				"down": {"uv": [9.25, 5, 9.125, 6.25], "texture": "#0"}
			}
		},
		{
			"name": "hexadecagon",
			"from": [-15, 10.9, 7.70544],
			"to": [-14, 20.9, 9.69456],
			"rotation": {"angle": -22.5, "axis": "x", "origin": [-14.5, 15.9, 8.7]},
			"faces": {
				"north": {"uv": [9.125, 6.25, 9.25, 7.5], "texture": "#0"},
				"east": {"uv": [8.75, 3.75, 9, 5], "texture": "#0"},
				"south": {"uv": [9.125, 7.5, 9.25, 8.75], "texture": "#0"},
				"west": {"uv": [8.75, 5, 9, 6.25], "texture": "#0"},
				"up": {"uv": [9.375, 6.25, 9.25, 6], "texture": "#0"},
				"down": {"uv": [9.375, 6.25, 9.25, 6.5], "texture": "#0"}
			}
		},
		{
			"name": "hexadecagon",
			"from": [-15, 10.9, 7.70544],
			"to": [-14, 20.9, 9.69456],
			"rotation": {"angle": 0, "axis": "y", "origin": [-14.5, 15.9, 8.7]},
			"faces": {
				"north": {"uv": [1, 9.25, 1.125, 10.5], "texture": "#0"},
				"east": {"uv": [8.75, 6.25, 9, 7.5], "texture": "#0"},
				"south": {"uv": [1.125, 9.25, 1.25, 10.5], "texture": "#0"},
				"west": {"uv": [8.75, 7.5, 9, 8.75], "texture": "#0"},
				"up": {"uv": [9.375, 6.75, 9.25, 6.5], "texture": "#0"},
				"down": {"uv": [9.375, 6.75, 9.25, 7], "texture": "#0"}
			}
		},
		{
			"name": "hexadecagon",
			"from": [-15, 10.9, 7.70544],
			"to": [-14, 20.9, 9.69456],
			"rotation": {"angle": 22.5, "axis": "x", "origin": [-14.5, 15.9, 8.7]},
			"faces": {
				"north": {"uv": [1.25, 9.25, 1.375, 10.5], "texture": "#0"},
				"east": {"uv": [6, 9, 6.25, 10.25], "texture": "#0"},
				"south": {"uv": [1.375, 9.25, 1.5, 10.5], "texture": "#0"},
				"west": {"uv": [6.25, 9, 6.5, 10.25], "texture": "#0"},
				"up": {"uv": [9.375, 7.25, 9.25, 7], "texture": "#0"},
				"down": {"uv": [9.375, 7.25, 9.25, 7.5], "texture": "#0"}
			}
		}
	],
	"display": {
		"thirdperson_righthand": {
			"scale": [1.92, 2.11, 2.14]
		},
		"gui": {
			"rotation": [35, 47, 0],
			"translation": [4, 2.5, 0],
			"scale": [0.3, 0.3, 0.3]
		},
		"head": {
			"translation": [20, 0, 0],
			"scale": [3.4, 3.4, 3.4]
		}
	},
	"groups": [
		{
			"name": "hexadecagon",
			"origin": [8, 8, 8],
			"color": 0,
			"children": [0, 1, 2, 3, 4, 5, 6, 7]
		},
		{
			"name": "hexadecagon",
			"origin": [8, 8, 8],
			"color": 0,
			"children": [8, 9, 10, 11, 12, 13, 14, 15]
		},
		{
			"name": "hexadecagon",
			"origin": [8, 8, 8],
			"color": 0,
			"children": [16, 17, 18, 19, 20, 21, 22, 23]
		}
	]
}