{
	"credit": "Made with Blockbench",
	"texture_size": [256, 256],
	"textures": {
		"0": "rides/ts/banktop",
		"particle": "rides/ts/banktop"
	},
	"elements": [
		{
			"from": [-2, -2, -3.5],
			"to": [6, -1, 1.5],
			"rotation": {"angle": 0, "axis": "y", "origin": [8, 8, 8]},
			"faces": {
				"north": {"uv": [6.5, 5.9375, 7, 6], "texture": "#0"},
				"east": {"uv": [7.375, 3.25, 7.6875, 3.3125], "texture": "#0"},
				"south": {"uv": [7.6875, 3.375, 8.1875, 3.4375], "texture": "#0"},
				"west": {"uv": [8.3125, 3.875, 8.625, 3.9375], "texture": "#0"},
				"up": {"uv": [6.5, 6, 6, 5.6875], "texture": "#0"},
				"down": {"uv": [5, 6.5, 4.5, 6.8125], "texture": "#0"}
			}
		},
		{
			"from": [10, -2, -3.5],
			"to": [18, -1, 1.5],
			"rotation": {"angle": 0, "axis": "y", "origin": [8, 8, 8]},
			"faces": {
				"north": {"uv": [7.6875, 3.4375, 8.1875, 3.5], "texture": "#0"},
				"east": {"uv": [8.375, 3.5625, 8.6875, 3.625], "texture": "#0"},
				"south": {"uv": [7.6875, 5.875, 8.1875, 5.9375], "texture": "#0"},
				"west": {"uv": [8.375, 5.875, 8.6875, 5.9375], "texture": "#0"},
				"up": {"uv": [5.5, 6.8125, 5, 6.5], "texture": "#0"},
				"down": {"uv": [6, 6.5, 5.5, 6.8125], "texture": "#0"}
			}
		},
		{
			"from": [10, -0.5, 3],
			"to": [18, 2, 4],
			"rotation": {"angle": 22.5, "axis": "x", "origin": [10, 2, 3]},
			"faces": {
				"north": {"uv": [4, 6.875, 4.5, 7.0625], "texture": "#0"},
				"east": {"uv": [8.5625, 6.875, 8.625, 7.0625], "texture": "#0"},
				"south": {"uv": [6, 6.875, 6.5, 7.0625], "texture": "#0"},
				"west": {"uv": [8.5625, 7.1875, 8.625, 7.375], "texture": "#0"},
				"up": {"uv": [8.1875, 6, 7.6875, 5.9375], "texture": "#0"},
				"down": {"uv": [8.25, 7.625, 7.75, 7.6875], "texture": "#0"}
			}
		},
		{
			"from": [11.53073, 6.69552, 3.001],
			"to": [12.53073, 10.39552, 4.001],
			"rotation": {"angle": -22.5, "axis": "z", "origin": [11.53073, 10.69552, 3.001]},
			"faces": {
				"north": {"uv": [2.9375, 3.6875, 3, 3.9375], "texture": "#0"},
				"east": {"uv": [4.375, 8.375, 4.4375, 8.625], "texture": "#0"},
				"south": {"uv": [0.125, 8.4375, 0.1875, 8.6875], "texture": "#0"},
				"west": {"uv": [6.1875, 8.5, 6.25, 8.75], "texture": "#0"},
				"up": {"uv": [6, 3, 5.9375, 2.9375], "texture": "#0"},
				"down": {"uv": [3.6875, 7.25, 3.625, 7.3125], "texture": "#0"}
			}
		},
		{
			"from": [10, -2.375, -4.375],
			"to": [18, -1.375, -3.375],
			"rotation": {"angle": -22.5, "axis": "x", "origin": [10, -1.375, -4.375]},
			"faces": {
				"north": {"uv": [7.75, 7.6875, 8.25, 7.75], "texture": "#0"},
				"east": {"uv": [3.6875, 7.25, 3.75, 7.3125], "texture": "#0"},
				"south": {"uv": [7.875, 3.5625, 8.375, 3.625], "texture": "#0"},
				"west": {"uv": [7.375, 6.75, 7.4375, 6.8125], "texture": "#0"},
				"up": {"uv": [8.375, 7.1875, 7.875, 7.125], "texture": "#0"},
				"down": {"uv": [5.9375, 7.9375, 5.4375, 8], "texture": "#0"}
			}
		},
		{
			"from": [10, 1.5, 3],
			"to": [18, 7, 4],
			"rotation": {"angle": 0, "axis": "y", "origin": [8, 8, 8]},
			"faces": {
				"north": {"uv": [3, 6.125, 3.5, 6.5], "texture": "#0"},
				"east": {"uv": [4.4375, 8.25, 4.5, 8.625], "texture": "#0"},
				"south": {"uv": [3.5, 6.125, 4, 6.5], "texture": "#0"},
				"west": {"uv": [4.5, 8.25, 4.5625, 8.625], "texture": "#0"},
				"up": {"uv": [8.25, 8, 7.75, 7.9375], "texture": "#0"},
				"down": {"uv": [8.4375, 1, 7.9375, 1.0625], "texture": "#0"}
			}
		},
		{
			"from": [-2, -2.375, -4.4375],
			"to": [6, -1.375, -3.4375],
			"rotation": {"angle": -22.5, "axis": "x", "origin": [2.5, -1.375, -4.4375]},
			"faces": {
				"north": {"uv": [7.9375, 1.0625, 8.4375, 1.125], "texture": "#0"},
				"east": {"uv": [7.375, 7, 7.4375, 7.0625], "texture": "#0"},
				"south": {"uv": [0, 8, 0.5, 8.0625], "texture": "#0"},
				"west": {"uv": [7.375, 7.1875, 7.4375, 7.25], "texture": "#0"},
				"up": {"uv": [2.375, 8.0625, 1.875, 8], "texture": "#0"},
				"down": {"uv": [2.875, 8, 2.375, 8.0625], "texture": "#0"}
			}
		},
		{
			"from": [-2, -1.8125, 2.3125],
			"to": [6, 0.1875, 3.3125],
			"rotation": {"angle": 45, "axis": "x", "origin": [-2, 0.1875, 2.3125]},
			"faces": {
				"north": {"uv": [6.875, 1.5, 7.375, 1.625], "texture": "#0"},
				"east": {"uv": [8.0625, 8.625, 8.125, 8.75], "texture": "#0"},
				"south": {"uv": [7.1875, 5.875, 7.6875, 6], "texture": "#0"},
				"west": {"uv": [8.625, 8.625, 8.6875, 8.75], "texture": "#0"},
				"up": {"uv": [3.75, 8.0625, 3.25, 8], "texture": "#0"},
				"down": {"uv": [4.25, 8, 3.75, 8.0625], "texture": "#0"}
			}
		},
		{
			"from": [-2, -0.5, 3],
			"to": [6, 2, 4],
			"rotation": {"angle": 22.5, "axis": "x", "origin": [-2, 2, 3]},
			"faces": {
				"north": {"uv": [6.875, 1.125, 7.375, 1.3125], "texture": "#0"},
				"east": {"uv": [8.5625, 7.875, 8.625, 8.0625], "texture": "#0"},
				"south": {"uv": [6.875, 1.3125, 7.375, 1.5], "texture": "#0"},
				"west": {"uv": [0, 8.625, 0.0625, 8.8125], "texture": "#0"},
				"up": {"uv": [5.9375, 8.0625, 5.4375, 8], "texture": "#0"},
				"down": {"uv": [8.25, 8, 7.75, 8.0625], "texture": "#0"}
			}
		},
		{
			"from": [-2, 1.5, 3],
			"to": [6, 7, 4],
			"rotation": {"angle": 0, "axis": "y", "origin": [8, 8, 8]},
			"faces": {
				"north": {"uv": [4, 6.125, 4.5, 6.5], "texture": "#0"},
				"east": {"uv": [4.5625, 8.25, 4.625, 8.625], "texture": "#0"},
				"south": {"uv": [4.5, 6.125, 5, 6.5], "texture": "#0"},
				"west": {"uv": [4.625, 8.25, 4.6875, 8.625], "texture": "#0"},
				"up": {"uv": [8.5, 1.1875, 8, 1.125], "texture": "#0"},
				"down": {"uv": [8.5, 1.1875, 8, 1.25], "texture": "#0"}
			}
		},
		{
			"from": [-1, 7, 3],
			"to": [5, 10.5, 4],
			"rotation": {"angle": 0, "axis": "y", "origin": [8, 8, 8]},
			"faces": {
				"north": {"uv": [7, 7, 7.375, 7.25], "texture": "#0"},
				"east": {"uv": [7.875, 8.5, 7.9375, 8.75], "texture": "#0"},
				"south": {"uv": [7, 3.0625, 7.375, 3.3125], "texture": "#0"},
				"west": {"uv": [8.5, 5.125, 8.5625, 5.375], "texture": "#0"},
				"up": {"uv": [8.5, 3.5625, 8.125, 3.5], "texture": "#0"},
				"down": {"uv": [6.25, 8.25, 5.875, 8.3125], "texture": "#0"}
			}
		},
		{
			"from": [-0.46927, 6.69552, 3.001],
			"to": [0.53073, 10.39552, 4.001],
			"rotation": {"angle": -22.5, "axis": "z", "origin": [-0.46927, 10.69552, 3.001]},
			"faces": {
				"north": {"uv": [8.5, 6.1875, 8.5625, 6.4375], "texture": "#0"},
				"east": {"uv": [8.5, 7.1875, 8.5625, 7.4375], "texture": "#0"},
				"south": {"uv": [0.75, 8.5625, 0.8125, 8.8125], "texture": "#0"},
				"west": {"uv": [0.8125, 8.5625, 0.875, 8.8125], "texture": "#0"},
				"up": {"uv": [7.5, 6.8125, 7.4375, 6.75], "texture": "#0"},
				"down": {"uv": [7.5, 7, 7.4375, 7.0625], "texture": "#0"}
			}
		},
		{
			"from": [3.54539, 6.31283, 12.001],
			"to": [4.54539, 10.01283, 13.001],
			"rotation": {"angle": 22.5, "axis": "z", "origin": [3.54539, 10.31283, 12.001]},
			"faces": {
				"north": {"uv": [0.875, 8.5625, 0.9375, 8.8125], "texture": "#0"},
				"east": {"uv": [0.9375, 8.5625, 1, 8.8125], "texture": "#0"},
				"south": {"uv": [1, 8.5625, 1.0625, 8.8125], "texture": "#0"},
				"west": {"uv": [1.0625, 8.5625, 1.125, 8.8125], "texture": "#0"},
				"up": {"uv": [7.5, 7.25, 7.4375, 7.1875], "texture": "#0"},
				"down": {"uv": [4.0625, 7.5, 4, 7.5625], "texture": "#0"}
			}
		},
		{
			"from": [-15.5, 0.5, 4],
			"to": [31.5, 9, 12],
			"rotation": {"angle": 0, "axis": "y", "origin": [8, 8, 8]},
			"faces": {
				"north": {"uv": [3, 2.4375, 5.9375, 3], "texture": "#0"},
				"east": {"uv": [6, 3.0625, 6.5, 3.625], "texture": "#0"},
				"south": {"uv": [3, 4.5625, 5.9375, 5.125], "texture": "#0"},
				"west": {"uv": [6, 5.125, 6.5, 5.6875], "texture": "#0"},
				"up": {"uv": [8.875, 2.25, 5.9375, 1.75], "texture": "#0"},
				"down": {"uv": [8.875, 2.25, 5.9375, 2.75], "texture": "#0"}
			}
		},
		{
			"from": [10, -1.8125, 2.3125],
			"to": [18, 0.1875, 3.3125],
			"rotation": {"angle": 45, "axis": "x", "origin": [10, 0.1875, 2.3125]},
			"faces": {
				"north": {"uv": [7.375, 1.5, 7.875, 1.625], "texture": "#0"},
				"east": {"uv": [8.625, 7.1875, 8.6875, 7.3125], "texture": "#0"},
				"south": {"uv": [7.375, 5.5, 7.875, 5.625], "texture": "#0"},
				"west": {"uv": [8.625, 7.4375, 8.6875, 7.5625], "texture": "#0"},
				"up": {"uv": [8.5, 1.3125, 8, 1.25], "texture": "#0"},
				"down": {"uv": [8.5, 1.3125, 8, 1.375], "texture": "#0"}
			}
		},
		{
			"from": [11, 7, 3],
			"to": [17, 10.5, 4],
			"rotation": {"angle": 0, "axis": "y", "origin": [8, 8, 8]},
			"faces": {
				"north": {"uv": [7, 5.125, 7.375, 5.375], "texture": "#0"},
				"east": {"uv": [1.5, 8.5625, 1.5625, 8.8125], "texture": "#0"},
				"south": {"uv": [7, 5.375, 7.375, 5.625], "texture": "#0"},
				"west": {"uv": [1.5625, 8.5625, 1.625, 8.8125], "texture": "#0"},
				"up": {"uv": [7.1875, 8.3125, 6.8125, 8.25], "texture": "#0"},
				"down": {"uv": [7.5625, 8.25, 7.1875, 8.3125], "texture": "#0"}
			}
		},
		{
			"from": [22, -2, -3.5],
			"to": [30, -1, 1.5],
			"rotation": {"angle": 0, "axis": "y", "origin": [8, 8, 8]},
			"faces": {
				"north": {"uv": [8, 1.375, 8.5, 1.4375], "texture": "#0"},
				"east": {"uv": [8.375, 5.9375, 8.6875, 6], "texture": "#0"},
				"south": {"uv": [8, 5.125, 8.5, 5.1875], "texture": "#0"},
				"west": {"uv": [8.375, 7.125, 8.6875, 7.1875], "texture": "#0"},
				"up": {"uv": [7, 6.8125, 6.5, 6.5], "texture": "#0"},
				"down": {"uv": [7, 3.0625, 6.5, 3.375], "texture": "#0"}
			}
		},
		{
			"from": [-14, -2, -3.5],
			"to": [-6, -1, 1.5],
			"rotation": {"angle": 0, "axis": "y", "origin": [8, 8, 8]},
			"faces": {
				"north": {"uv": [8, 5.1875, 8.5, 5.25], "texture": "#0"},
				"east": {"uv": [8.375, 8.3125, 8.6875, 8.375], "texture": "#0"},
				"south": {"uv": [8, 5.25, 8.5, 5.3125], "texture": "#0"},
				"west": {"uv": [8.4375, 1, 8.75, 1.0625], "texture": "#0"},
				"up": {"uv": [7, 5.4375, 6.5, 5.125], "texture": "#0"},
				"down": {"uv": [7, 5.4375, 6.5, 5.75], "texture": "#0"}
			}
		},
		{
			"from": [-14, -2.375, -4.4375],
			"to": [-6, -1.375, -3.4375],
			"rotation": {"angle": -22.5, "axis": "x", "origin": [-9.5, -1.375, -4.4375]},
			"faces": {
				"north": {"uv": [8, 5.3125, 8.5, 5.375], "texture": "#0"},
				"east": {"uv": [4.0625, 7.5, 4.125, 7.5625], "texture": "#0"},
				"south": {"uv": [8, 5.375, 8.5, 5.4375], "texture": "#0"},
				"west": {"uv": [7.6875, 6.5, 7.75, 6.5625], "texture": "#0"},
				"up": {"uv": [8.5, 6.25, 8, 6.1875], "texture": "#0"},
				"down": {"uv": [8.5, 6.25, 8, 6.3125], "texture": "#0"}
			}
		},
		{
			"from": [-14, -2.5, 12.8125],
			"to": [-6, -0.5, 13.8125],
			"rotation": {"angle": -45, "axis": "x", "origin": [-14, -0.5, 12.8125]},
			"faces": {
				"north": {"uv": [7.375, 7.0625, 7.875, 7.1875], "texture": "#0"},
				"east": {"uv": [8.625, 7.75, 8.6875, 7.875], "texture": "#0"},
				"south": {"uv": [7.4375, 1, 7.9375, 1.125], "texture": "#0"},
				"west": {"uv": [8.625, 7.875, 8.6875, 8], "texture": "#0"},
				"up": {"uv": [8.5, 6.375, 8, 6.3125], "texture": "#0"},
				"down": {"uv": [8.5, 6.375, 8, 6.4375], "texture": "#0"}
			}
		},
		{
			"from": [-14, -0.5, 3],
			"to": [-6, 2, 4],
			"rotation": {"angle": 22.5, "axis": "x", "origin": [-14, 2, 3]},
			"faces": {
				"north": {"uv": [7, 6.1875, 7.5, 6.375], "texture": "#0"},
				"east": {"uv": [0.0625, 8.625, 0.125, 8.8125], "texture": "#0"},
				"south": {"uv": [7, 6.375, 7.5, 6.5625], "texture": "#0"},
				"west": {"uv": [0.5, 8.625, 0.5625, 8.8125], "texture": "#0"},
				"up": {"uv": [8.5, 6.5, 8, 6.4375], "texture": "#0"},
				"down": {"uv": [8.5, 6.5, 8, 6.5625], "texture": "#0"}
			}
		},
		{
			"from": [-12.46927, 6.69552, 3.001],
			"to": [-11.46927, 10.39552, 4.001],
			"rotation": {"angle": -22.5, "axis": "z", "origin": [-12.46927, 10.69552, 3.001]},
			"faces": {
				"north": {"uv": [1.625, 8.5625, 1.6875, 8.8125], "texture": "#0"},
				"east": {"uv": [1.6875, 8.5625, 1.75, 8.8125], "texture": "#0"},
				"south": {"uv": [1.75, 8.5625, 1.8125, 8.8125], "texture": "#0"},
				"west": {"uv": [1.8125, 8.5625, 1.875, 8.8125], "texture": "#0"},
				"up": {"uv": [7.75, 7.5, 7.6875, 7.4375], "texture": "#0"},
				"down": {"uv": [4.3125, 8, 4.25, 8.0625], "texture": "#0"}
			}
		},
		{
			"from": [-13, 7, 3],
			"to": [-7, 10.5, 4],
			"rotation": {"angle": 0, "axis": "y", "origin": [8, 8, 8]},
			"faces": {
				"north": {"uv": [7, 6.5625, 7.375, 6.8125], "texture": "#0"},
				"east": {"uv": [2.25, 8.5625, 2.3125, 8.8125], "texture": "#0"},
				"south": {"uv": [2.875, 7.0625, 3.25, 7.3125], "texture": "#0"},
				"west": {"uv": [2.3125, 8.5625, 2.375, 8.8125], "texture": "#0"},
				"up": {"uv": [7.9375, 8.3125, 7.5625, 8.25], "texture": "#0"},
				"down": {"uv": [8.625, 8.25, 8.25, 8.3125], "texture": "#0"}
			}
		},
		{
			"from": [3.54539, 6.31283, 3.001],
			"to": [4.54539, 10.01283, 4.001],
			"rotation": {"angle": 22.5, "axis": "z", "origin": [3.54539, 10.31283, 3.001]},
			"faces": {
				"north": {"uv": [2.375, 8.5625, 2.4375, 8.8125], "texture": "#0"},
				"east": {"uv": [2.4375, 8.5625, 2.5, 8.8125], "texture": "#0"},
				"south": {"uv": [2.5, 8.5625, 2.5625, 8.8125], "texture": "#0"},
				"west": {"uv": [2.5625, 8.5625, 2.625, 8.8125], "texture": "#0"},
				"up": {"uv": [4.375, 8.0625, 4.3125, 8], "texture": "#0"},
				"down": {"uv": [6.5, 8.0625, 6.4375, 8.125], "texture": "#0"}
			}
		},
		{
			"from": [15.54539, 6.31283, 3.001],
			"to": [16.54539, 10.01283, 4.001],
			"rotation": {"angle": 22.5, "axis": "z", "origin": [15.54539, 10.31283, 3.001]},
			"faces": {
				"north": {"uv": [3.375, 8.5625, 3.4375, 8.8125], "texture": "#0"},
				"east": {"uv": [3.4375, 8.5625, 3.5, 8.8125], "texture": "#0"},
				"south": {"uv": [3.5, 8.5625, 3.5625, 8.8125], "texture": "#0"},
				"west": {"uv": [3.5625, 8.5625, 3.625, 8.8125], "texture": "#0"},
				"up": {"uv": [4.3125, 8.25, 4.25, 8.1875], "texture": "#0"},
				"down": {"uv": [4.375, 8.1875, 4.3125, 8.25], "texture": "#0"}
			}
		},
		{
			"from": [-14, 1.5, 3],
			"to": [-6, 7, 4],
			"rotation": {"angle": 0, "axis": "y", "origin": [8, 8, 8]},
			"faces": {
				"north": {"uv": [5, 6.125, 5.5, 6.5], "texture": "#0"},
				"east": {"uv": [7.9375, 8.25, 8, 8.625], "texture": "#0"},
				"south": {"uv": [5.5, 6.125, 6, 6.5], "texture": "#0"},
				"west": {"uv": [8, 8.25, 8.0625, 8.625], "texture": "#0"},
				"up": {"uv": [8.5, 6.8125, 8, 6.75], "texture": "#0"},
				"down": {"uv": [8.5, 6.8125, 8, 6.875], "texture": "#0"}
			}
		},
		{
			"from": [-14, -2, 14.5],
			"to": [-6, -1, 19.5],
			"rotation": {"angle": 0, "axis": "y", "origin": [8, 8, 8]},
			"faces": {
				"north": {"uv": [8, 6.875, 8.5, 6.9375], "texture": "#0"},
				"east": {"uv": [8.4375, 1.0625, 8.75, 1.125], "texture": "#0"},
				"south": {"uv": [8, 7.1875, 8.5, 7.25], "texture": "#0"},
				"west": {"uv": [8.4375, 3.4375, 8.75, 3.5], "texture": "#0"},
				"up": {"uv": [7, 6.5, 6.5, 6.1875], "texture": "#0"},
				"down": {"uv": [0.5, 6.5625, 0, 6.875], "texture": "#0"}
			}
		},
		{
			"from": [-14, -2, 19.5],
			"to": [-6, -1, 20.5],
			"rotation": {"angle": 22.5, "axis": "x", "origin": [-14, -1, 19.5]},
			"faces": {
				"north": {"uv": [8, 7.25, 8.5, 7.3125], "texture": "#0"},
				"east": {"uv": [8.5, 1.375, 8.5625, 1.4375], "texture": "#0"},
				"south": {"uv": [8, 7.3125, 8.5, 7.375], "texture": "#0"},
				"west": {"uv": [8.5, 5.375, 8.5625, 5.4375], "texture": "#0"},
				"up": {"uv": [8.5, 7.4375, 8, 7.375], "texture": "#0"},
				"down": {"uv": [8.5, 7.4375, 8, 7.5], "texture": "#0"}
			}
		},
		{
			"from": [-14, 1.5, 12],
			"to": [-6, 7, 13],
			"rotation": {"angle": 0, "axis": "y", "origin": [8, 8, 8]},
			"faces": {
				"north": {"uv": [0, 6.1875, 0.5, 6.5625], "texture": "#0"},
				"east": {"uv": [8.0625, 8.25, 8.125, 8.625], "texture": "#0"},
				"south": {"uv": [0.5, 6.1875, 1, 6.5625], "texture": "#0"},
				"west": {"uv": [0.1875, 8.3125, 0.25, 8.6875], "texture": "#0"},
				"up": {"uv": [8.5, 7.5625, 8, 7.5], "texture": "#0"},
				"down": {"uv": [8.5, 7.5625, 8, 7.625], "texture": "#0"}
			}
		},
		{
			"from": [22, -2.375, -4.4375],
			"to": [30, -1.375, -3.4375],
			"rotation": {"angle": -22.5, "axis": "x", "origin": [26.5, -1.375, -4.4375]},
			"faces": {
				"north": {"uv": [8, 7.75, 8.5, 7.8125], "texture": "#0"},
				"east": {"uv": [8.5, 6.875, 8.5625, 6.9375], "texture": "#0"},
				"south": {"uv": [8, 7.8125, 8.5, 7.875], "texture": "#0"},
				"west": {"uv": [8.5, 7.875, 8.5625, 7.9375], "texture": "#0"},
				"up": {"uv": [8.5, 7.9375, 8, 7.875], "texture": "#0"},
				"down": {"uv": [0.5, 8.0625, 0, 8.125], "texture": "#0"}
			}
		},
		{
			"from": [10, -1.8125, 2.25],
			"to": [18, 0.1875, 3.25],
			"rotation": {"angle": 45, "axis": "x", "origin": [10, 0.1875, 2.25]},
			"faces": {
				"north": {"uv": [7.5, 7.1875, 8, 7.3125], "texture": "#0"},
				"east": {"uv": [0.25, 8.6875, 0.3125, 8.8125], "texture": "#0"},
				"south": {"uv": [7.5, 7.3125, 8, 7.4375], "texture": "#0"},
				"west": {"uv": [0.3125, 8.6875, 0.375, 8.8125], "texture": "#0"},
				"up": {"uv": [2.375, 8.125, 1.875, 8.0625], "texture": "#0"},
				"down": {"uv": [2.875, 8.0625, 2.375, 8.125], "texture": "#0"}
			}
		},
		{
			"from": [22, -0.5, 3],
			"to": [30, 2, 4],
			"rotation": {"angle": 22.5, "axis": "x", "origin": [22, 2, 3]},
			"faces": {
				"north": {"uv": [7, 6.8125, 7.5, 7], "texture": "#0"},
				"east": {"uv": [1.4375, 8.625, 1.5, 8.8125], "texture": "#0"},
				"south": {"uv": [3.25, 7.0625, 3.75, 7.25], "texture": "#0"},
				"west": {"uv": [2, 8.625, 2.0625, 8.8125], "texture": "#0"},
				"up": {"uv": [3.375, 8.125, 2.875, 8.0625], "texture": "#0"},
				"down": {"uv": [3.875, 8.0625, 3.375, 8.125], "texture": "#0"}
			}
		},
		{
			"from": [23, 7, 3],
			"to": [29, 10.5, 4],
			"rotation": {"angle": 0, "axis": "y", "origin": [8, 8, 8]},
			"faces": {
				"north": {"uv": [3.75, 7.0625, 4.125, 7.3125], "texture": "#0"},
				"east": {"uv": [3.625, 8.5625, 3.6875, 8.8125], "texture": "#0"},
				"south": {"uv": [4.125, 7.0625, 4.5, 7.3125], "texture": "#0"},
				"west": {"uv": [3.6875, 8.5625, 3.75, 8.8125], "texture": "#0"},
				"up": {"uv": [8.625, 8.25, 8.25, 8.1875], "texture": "#0"},
				"down": {"uv": [1.125, 8.3125, 0.75, 8.375], "texture": "#0"}
			}
		},
		{
			"from": [27.54539, 6.31283, 3.001],
			"to": [28.54539, 10.01283, 4.001],
			"rotation": {"angle": 22.5, "axis": "z", "origin": [27.54539, 10.31283, 3.001]},
			"faces": {
				"north": {"uv": [3.75, 8.5625, 3.8125, 8.8125], "texture": "#0"},
				"east": {"uv": [3.8125, 8.5625, 3.875, 8.8125], "texture": "#0"},
				"south": {"uv": [3.875, 8.5625, 3.9375, 8.8125], "texture": "#0"},
				"west": {"uv": [3.9375, 8.5625, 4, 8.8125], "texture": "#0"},
				"up": {"uv": [8.6875, 3.9375, 8.625, 3.875], "texture": "#0"},
				"down": {"uv": [8.6875, 7, 8.625, 7.0625], "texture": "#0"}
			}
		},
		{
			"from": [23.53073, 6.69552, 3.001],
			"to": [24.53073, 10.39552, 4.001],
			"rotation": {"angle": -22.5, "axis": "z", "origin": [23.53073, 10.69552, 3.001]},
			"faces": {
				"north": {"uv": [4, 8.5625, 4.0625, 8.8125], "texture": "#0"},
				"east": {"uv": [4.0625, 8.5625, 4.125, 8.8125], "texture": "#0"},
				"south": {"uv": [4.25, 8.5625, 4.3125, 8.8125], "texture": "#0"},
				"west": {"uv": [4.3125, 8.5625, 4.375, 8.8125], "texture": "#0"},
				"up": {"uv": [8.6875, 7.375, 8.625, 7.3125], "texture": "#0"},
				"down": {"uv": [8.6875, 8, 8.625, 8.0625], "texture": "#0"}
			}
		},
		{
			"from": [22, -1.8125, 2.3125],
			"to": [30, 0.1875, 3.3125],
			"rotation": {"angle": 45, "axis": "x", "origin": [22, 0.1875, 2.3125]},
			"faces": {
				"north": {"uv": [0, 7.5625, 0.5, 7.6875], "texture": "#0"},
				"east": {"uv": [0.375, 8.6875, 0.4375, 8.8125], "texture": "#0"},
				"south": {"uv": [0.5, 7.5625, 1, 7.6875], "texture": "#0"},
				"west": {"uv": [0.4375, 8.6875, 0.5, 8.8125], "texture": "#0"},
				"up": {"uv": [4.375, 8.125, 3.875, 8.0625], "texture": "#0"},
				"down": {"uv": [5.9375, 8.0625, 5.4375, 8.125], "texture": "#0"}
			}
		},
		{
			"from": [22, 1.5, 3],
			"to": [30, 7, 4],
			"rotation": {"angle": 0, "axis": "y", "origin": [8, 8, 8]},
			"faces": {
				"north": {"uv": [1, 6.1875, 1.5, 6.5625], "texture": "#0"},
				"east": {"uv": [0.25, 8.3125, 0.3125, 8.6875], "texture": "#0"},
				"south": {"uv": [1.5, 6.1875, 2, 6.5625], "texture": "#0"},
				"west": {"uv": [0.3125, 8.3125, 0.375, 8.6875], "texture": "#0"},
				"up": {"uv": [6.4375, 8.125, 5.9375, 8.0625], "texture": "#0"},
				"down": {"uv": [7.5, 8.0625, 7, 8.125], "texture": "#0"}
			}
		},
		{
			"from": [-16, -13.5, 1],
			"to": [32, -4, 15],
			"rotation": {"angle": 0, "axis": "y", "origin": [8, 8, 8]},
			"faces": {
				"north": {"uv": [2.9375, 3.9375, 5.9375, 4.5625], "texture": "#0"},
				"east": {"uv": [6, 0.375, 6.875, 1], "texture": "#0"},
				"south": {"uv": [0, 4.5625, 3, 5.1875], "texture": "#0"},
				"west": {"uv": [6, 1, 6.875, 1.625], "texture": "#0"},
				"up": {"uv": [6, 0.875, 3, 0], "texture": "#0"},
				"down": {"uv": [6, 0.875, 3, 1.75], "texture": "#0"}
			}
		},
		{
			"from": [-16, -11, -2],
			"to": [32, -3, 0.5],
			"rotation": {"angle": -22.5, "axis": "x", "origin": [-16, -3, -2]},
			"faces": {
				"north": {"uv": [3, 5.125, 6, 5.625], "texture": "#0"},
				"east": {"uv": [6, 7.4375, 6.1875, 7.9375], "texture": "#0"},
				"south": {"uv": [0, 5.1875, 3, 5.6875], "texture": "#0"},
				"west": {"uv": [6.1875, 7.4375, 6.375, 7.9375], "texture": "#0"},
				"up": {"uv": [8.9375, 2.9375, 5.9375, 2.75], "texture": "#0"},
				"down": {"uv": [8.9375, 4.9375, 5.9375, 5.125], "texture": "#0"}
			}
		},
		{
			"from": [-16, -3, -3],
			"to": [32, -2, 19],
			"rotation": {"angle": 0, "axis": "y", "origin": [8, 8, 8]},
			"faces": {
				"north": {"uv": [6, 3.625, 9, 3.6875], "texture": "#0"},
				"east": {"uv": [6, 3.875, 7.375, 3.9375], "texture": "#0"},
				"south": {"uv": [6, 3.6875, 9, 3.75], "texture": "#0"},
				"west": {"uv": [6.5, 3.5625, 7.875, 3.625], "texture": "#0"},
				"up": {"uv": [3, 1.375, 0, 0], "texture": "#0"},
				"down": {"uv": [3, 1.375, 0, 2.75], "texture": "#0"}
			}
		},
		{
			"from": [-16, -10.0625, 15.6875],
			"to": [32, -2.0625, 18.1875],
			"rotation": {"angle": 22.5, "axis": "x", "origin": [-16, -2.0625, 15.6875]},
			"faces": {
				"north": {"uv": [3, 5.625, 6, 6.125], "texture": "#0"},
				"east": {"uv": [7, 7.4375, 7.1875, 7.9375], "texture": "#0"},
				"south": {"uv": [0, 5.6875, 3, 6.1875], "texture": "#0"},
				"west": {"uv": [7.1875, 7.4375, 7.375, 7.9375], "texture": "#0"},
				"up": {"uv": [9, 6.1875, 6, 6], "texture": "#0"},
				"down": {"uv": [9, 0, 6, 0.1875], "texture": "#0"}
			}
		},
		{
			"from": [-14, -0.875, 12.0625],
			"to": [-6, 1.625, 13.0625],
			"rotation": {"angle": -22.5, "axis": "x", "origin": [-14, 1.625, 12.0625]},
			"faces": {
				"north": {"uv": [6, 7.0625, 6.5, 7.25], "texture": "#0"},
				"east": {"uv": [2.0625, 8.625, 2.125, 8.8125], "texture": "#0"},
				"south": {"uv": [7.1875, 3.3125, 7.6875, 3.5], "texture": "#0"},
				"west": {"uv": [2.125, 8.625, 2.1875, 8.8125], "texture": "#0"},
				"up": {"uv": [8.25, 8.125, 7.75, 8.0625], "texture": "#0"},
				"down": {"uv": [8.5625, 0.375, 8.0625, 0.4375], "texture": "#0"}
			}
		},
		{
			"from": [-14, -1.8125, 2.1875],
			"to": [-6, 0.1875, 3.1875],
			"rotation": {"angle": 45, "axis": "x", "origin": [-14, 0.1875, 2.1875]},
			"faces": {
				"north": {"uv": [4, 7.5625, 4.5, 7.6875], "texture": "#0"},
				"east": {"uv": [0.5625, 8.6875, 0.625, 8.8125], "texture": "#0"},
				"south": {"uv": [7.5625, 0.375, 8.0625, 0.5], "texture": "#0"},
				"west": {"uv": [0.625, 8.6875, 0.6875, 8.8125], "texture": "#0"},
				"up": {"uv": [8.5625, 0.5, 8.0625, 0.4375], "texture": "#0"},
				"down": {"uv": [8.5625, 0.5, 8.0625, 0.5625], "texture": "#0"}
			}
		},
		{
			"from": [-15.5, -2, 2.5],
			"to": [31.5, 0.5, 13.5],
			"rotation": {"angle": 0, "axis": "y", "origin": [8, 8, 8]},
			"faces": {
				"north": {"uv": [0, 4.375, 2.9375, 4.5625], "texture": "#0"},
				"east": {"uv": [6.5, 3.375, 7.1875, 3.5625], "texture": "#0"},
				"south": {"uv": [6, 0.1875, 8.9375, 0.375], "texture": "#0"},
				"west": {"uv": [6.5, 5.75, 7.1875, 5.9375], "texture": "#0"},
				"up": {"uv": [5.9375, 2.4375, 3, 1.75], "texture": "#0"},
				"down": {"uv": [2.9375, 3.6875, 0, 4.375], "texture": "#0"}
			}
		},
		{
			"from": [-12.46927, 6.69552, 12.001],
			"to": [-11.46927, 10.39552, 13.001],
			"rotation": {"angle": -22.5, "axis": "z", "origin": [-12.46927, 10.69552, 12.001]},
			"faces": {
				"north": {"uv": [4.6875, 8.5625, 4.75, 8.8125], "texture": "#0"},
				"east": {"uv": [4.75, 8.5625, 4.8125, 8.8125], "texture": "#0"},
				"south": {"uv": [4.8125, 8.5625, 4.875, 8.8125], "texture": "#0"},
				"west": {"uv": [4.875, 8.5625, 4.9375, 8.8125], "texture": "#0"},
				"up": {"uv": [8.6875, 8.625, 8.625, 8.5625], "texture": "#0"},
				"down": {"uv": [2.8125, 8.6875, 2.75, 8.75], "texture": "#0"}
			}
		},
		{
			"from": [-8.45461, 6.31283, 3.001],
			"to": [-7.45461, 10.01283, 4.001],
			"rotation": {"angle": 22.5, "axis": "z", "origin": [-8.45461, 10.31283, 3.001]},
			"faces": {
				"north": {"uv": [4.9375, 8.5625, 5, 8.8125], "texture": "#0"},
				"east": {"uv": [5, 8.5625, 5.0625, 8.8125], "texture": "#0"},
				"south": {"uv": [5.0625, 8.5625, 5.125, 8.8125], "texture": "#0"},
				"west": {"uv": [5.125, 8.5625, 5.1875, 8.8125], "texture": "#0"},
				"up": {"uv": [2.875, 8.75, 2.8125, 8.6875], "texture": "#0"},
				"down": {"uv": [2.9375, 8.6875, 2.875, 8.75], "texture": "#0"}
			}
		},
		{
			"from": [-13, 7, 12],
			"to": [-7, 10.5, 13],
			"rotation": {"angle": 0, "axis": "y", "origin": [8, 8, 8]},
			"faces": {
				"north": {"uv": [7.1875, 5.625, 7.5625, 5.875], "texture": "#0"},
				"east": {"uv": [5.1875, 8.5625, 5.25, 8.8125], "texture": "#0"},
				"south": {"uv": [3.25, 7.25, 3.625, 7.5], "texture": "#0"},
				"west": {"uv": [5.25, 8.5625, 5.3125, 8.8125], "texture": "#0"},
				"up": {"uv": [1.875, 8.375, 1.5, 8.3125], "texture": "#0"},
				"down": {"uv": [2.625, 8.3125, 2.25, 8.375], "texture": "#0"}
			}
		},
		{
			"from": [-2, -2, 14.5],
			"to": [6, -1, 19.5],
			"rotation": {"angle": 0, "axis": "y", "origin": [8, 8, 8]},
			"faces": {
				"north": {"uv": [8.0625, 0.5625, 8.5625, 0.625], "texture": "#0"},
				"east": {"uv": [8.4375, 7.625, 8.75, 7.6875], "texture": "#0"},
				"south": {"uv": [8.0625, 0.625, 8.5625, 0.6875], "texture": "#0"},
				"west": {"uv": [8.4375, 7.6875, 8.75, 7.75], "texture": "#0"},
				"up": {"uv": [1, 6.875, 0.5, 6.5625], "texture": "#0"},
				"down": {"uv": [1.5, 6.5625, 1, 6.875], "texture": "#0"}
			}
		},
		{
			"from": [10, -2, 14.5],
			"to": [18, -1, 19.5],
			"rotation": {"angle": 0, "axis": "y", "origin": [8, 8, 8]},
			"faces": {
				"north": {"uv": [8.0625, 0.6875, 8.5625, 0.75], "texture": "#0"},
				"east": {"uv": [8.4375, 8.125, 8.75, 8.1875], "texture": "#0"},
				"south": {"uv": [8.0625, 0.75, 8.5625, 0.8125], "texture": "#0"},
				"west": {"uv": [8.5, 8.5, 8.8125, 8.5625], "texture": "#0"},
				"up": {"uv": [2, 6.875, 1.5, 6.5625], "texture": "#0"},
				"down": {"uv": [2.5, 6.5625, 2, 6.875], "texture": "#0"}
			}
		},
		{
			"from": [22, -2, 14.5],
			"to": [30, -1, 19.5],
			"rotation": {"angle": 0, "axis": "y", "origin": [8, 8, 8]},
			"faces": {
				"north": {"uv": [8.0625, 0.8125, 8.5625, 0.875], "texture": "#0"},
				"east": {"uv": [8.5, 1.125, 8.8125, 1.1875], "texture": "#0"},
				"south": {"uv": [8.0625, 0.875, 8.5625, 0.9375], "texture": "#0"},
				"west": {"uv": [8.5, 1.1875, 8.8125, 1.25], "texture": "#0"},
				"up": {"uv": [3, 6.875, 2.5, 6.5625], "texture": "#0"},
				"down": {"uv": [6.5, 6.5625, 6, 6.875], "texture": "#0"}
			}
		},
		{
			"from": [-2, -2, 19.5],
			"to": [6, -1, 20.5],
			"rotation": {"angle": 22.5, "axis": "x", "origin": [-2, -1, 19.5]},
			"faces": {
				"north": {"uv": [8.0625, 0.9375, 8.5625, 1], "texture": "#0"},
				"east": {"uv": [2.9375, 8.6875, 3, 8.75], "texture": "#0"},
				"south": {"uv": [8.0625, 1.4375, 8.5625, 1.5], "texture": "#0"},
				"west": {"uv": [3, 8.6875, 3.0625, 8.75], "texture": "#0"},
				"up": {"uv": [8.5625, 1.5625, 8.0625, 1.5], "texture": "#0"},
				"down": {"uv": [8.5625, 1.5625, 8.0625, 1.625], "texture": "#0"}
			}
		},
		{
			"from": [10, -2, 19.5],
			"to": [18, -1, 20.5],
			"rotation": {"angle": 22.5, "axis": "x", "origin": [10, -1, 19.5]},
			"faces": {
				"north": {"uv": [8.0625, 3.0625, 8.5625, 3.125], "texture": "#0"},
				"east": {"uv": [3.0625, 8.6875, 3.125, 8.75], "texture": "#0"},
				"south": {"uv": [8.0625, 3.125, 8.5625, 3.1875], "texture": "#0"},
				"west": {"uv": [3.125, 8.6875, 3.1875, 8.75], "texture": "#0"},
				"up": {"uv": [8.5625, 3.25, 8.0625, 3.1875], "texture": "#0"},
				"down": {"uv": [8.5625, 5.4375, 8.0625, 5.5], "texture": "#0"}
			}
		},
		{
			"from": [22, -2, 19.5],
			"to": [30, -1, 20.5],
			"rotation": {"angle": 22.5, "axis": "x", "origin": [22, -1, 19.5]},
			"faces": {
				"north": {"uv": [8.0625, 5.5, 8.5625, 5.5625], "texture": "#0"},
				"east": {"uv": [3.1875, 8.6875, 3.25, 8.75], "texture": "#0"},
				"south": {"uv": [8.0625, 5.5625, 8.5625, 5.625], "texture": "#0"},
				"west": {"uv": [3.25, 8.6875, 3.3125, 8.75], "texture": "#0"},
				"up": {"uv": [8.5625, 5.6875, 8.0625, 5.625], "texture": "#0"},
				"down": {"uv": [8.5625, 5.6875, 8.0625, 5.75], "texture": "#0"}
			}
		},
		{
			"from": [10, -2.5, 12.8125],
			"to": [18, -0.5, 13.8125],
			"rotation": {"angle": -45, "axis": "x", "origin": [10, -0.5, 12.8125]},
			"faces": {
				"north": {"uv": [7.5625, 0.5, 8.0625, 0.625], "texture": "#0"},
				"east": {"uv": [1.3125, 8.6875, 1.375, 8.8125], "texture": "#0"},
				"south": {"uv": [7.5625, 0.625, 8.0625, 0.75], "texture": "#0"},
				"west": {"uv": [1.375, 8.6875, 1.4375, 8.8125], "texture": "#0"},
				"up": {"uv": [8.5625, 5.8125, 8.0625, 5.75], "texture": "#0"},
				"down": {"uv": [8.5625, 5.8125, 8.0625, 5.875], "texture": "#0"}
			}
		},
		{
			"from": [-2, -2.5, 12.8125],
			"to": [6, -0.5, 13.8125],
			"rotation": {"angle": -45, "axis": "x", "origin": [-2, -0.5, 12.8125]},
			"faces": {
				"north": {"uv": [7.5625, 0.75, 8.0625, 0.875], "texture": "#0"},
				"east": {"uv": [1.875, 8.6875, 1.9375, 8.8125], "texture": "#0"},
				"south": {"uv": [7.5625, 0.875, 8.0625, 1], "texture": "#0"},
				"west": {"uv": [1.9375, 8.6875, 2, 8.8125], "texture": "#0"},
				"up": {"uv": [8.5625, 6.625, 8.0625, 6.5625], "texture": "#0"},
				"down": {"uv": [8.5625, 6.625, 8.0625, 6.6875], "texture": "#0"}
			}
		},
		{
			"from": [22, -2.5, 12.8125],
			"to": [30, -0.5, 13.8125],
			"rotation": {"angle": -45, "axis": "x", "origin": [22, -0.5, 12.8125]},
			"faces": {
				"north": {"uv": [7.5625, 5.625, 8.0625, 5.75], "texture": "#0"},
				"east": {"uv": [2.625, 8.6875, 2.6875, 8.8125], "texture": "#0"},
				"south": {"uv": [7.5625, 5.75, 8.0625, 5.875], "texture": "#0"},
				"west": {"uv": [2.6875, 8.6875, 2.75, 8.8125], "texture": "#0"},
				"up": {"uv": [8.5625, 6.75, 8.0625, 6.6875], "texture": "#0"},
				"down": {"uv": [8.5625, 6.9375, 8.0625, 7], "texture": "#0"}
			}
		},
		{
			"from": [-2, -0.875, 12],
			"to": [6, 1.625, 13],
			"rotation": {"angle": -22.5, "axis": "x", "origin": [-2, 1.625, 12]},
			"faces": {
				"north": {"uv": [6, 7.25, 6.5, 7.4375], "texture": "#0"},
				"east": {"uv": [2.1875, 8.625, 2.25, 8.8125], "texture": "#0"},
				"south": {"uv": [7, 7.25, 7.5, 7.4375], "texture": "#0"},
				"west": {"uv": [4.375, 8.625, 4.4375, 8.8125], "texture": "#0"},
				"up": {"uv": [8.5625, 7.0625, 8.0625, 7], "texture": "#0"},
				"down": {"uv": [8.5625, 7.0625, 8.0625, 7.125], "texture": "#0"}
			}
		},
		{
			"from": [10, -0.875, 12],
			"to": [18, 1.625, 13],
			"rotation": {"angle": -22.5, "axis": "x", "origin": [10, 1.625, 12]},
			"faces": {
				"north": {"uv": [3.625, 7.3125, 4.125, 7.5], "texture": "#0"},
				"east": {"uv": [4.4375, 8.625, 4.5, 8.8125], "texture": "#0"},
				"south": {"uv": [6.5, 7.3125, 7, 7.5], "texture": "#0"},
				"west": {"uv": [4.5, 8.625, 4.5625, 8.8125], "texture": "#0"},
				"up": {"uv": [0.5, 8.1875, 0, 8.125], "texture": "#0"},
				"down": {"uv": [1.375, 8.125, 0.875, 8.1875], "texture": "#0"}
			}
		},
		{
			"from": [22, -0.875, 12],
			"to": [30, 1.625, 13],
			"rotation": {"angle": -22.5, "axis": "x", "origin": [22, 1.625, 12]},
			"faces": {
				"north": {"uv": [0, 7.375, 0.5, 7.5625], "texture": "#0"},
				"east": {"uv": [4.5625, 8.625, 4.625, 8.8125], "texture": "#0"},
				"south": {"uv": [0.5, 7.375, 1, 7.5625], "texture": "#0"},
				"west": {"uv": [4.625, 8.625, 4.6875, 8.8125], "texture": "#0"},
				"up": {"uv": [1.875, 8.1875, 1.375, 8.125], "texture": "#0"},
				"down": {"uv": [2.375, 8.125, 1.875, 8.1875], "texture": "#0"}
			}
		},
		{
			"from": [-2, 1.5, 12],
			"to": [6, 7, 13],
			"rotation": {"angle": 0, "axis": "y", "origin": [8, 8, 8]},
			"faces": {
				"north": {"uv": [2, 6.1875, 2.5, 6.5625], "texture": "#0"},
				"east": {"uv": [0.375, 8.3125, 0.4375, 8.6875], "texture": "#0"},
				"south": {"uv": [2.5, 6.1875, 3, 6.5625], "texture": "#0"},
				"west": {"uv": [0.4375, 8.3125, 0.5, 8.6875], "texture": "#0"},
				"up": {"uv": [2.875, 8.1875, 2.375, 8.125], "texture": "#0"},
				"down": {"uv": [3.375, 8.125, 2.875, 8.1875], "texture": "#0"}
			}
		},
		{
			"from": [10, 1.5, 12],
			"to": [18, 7, 13],
			"rotation": {"angle": 0, "axis": "y", "origin": [8, 8, 8]},
			"faces": {
				"north": {"uv": [6, 6.1875, 6.5, 6.5625], "texture": "#0"},
				"east": {"uv": [1.125, 8.3125, 1.1875, 8.6875], "texture": "#0"},
				"south": {"uv": [3, 6.5, 3.5, 6.875], "texture": "#0"},
				"west": {"uv": [1.1875, 8.3125, 1.25, 8.6875], "texture": "#0"},
				"up": {"uv": [3.875, 8.1875, 3.375, 8.125], "texture": "#0"},
				"down": {"uv": [4.375, 8.125, 3.875, 8.1875], "texture": "#0"}
			}
		},
		{
			"from": [22, 1.5, 12],
			"to": [30, 7, 13],
			"rotation": {"angle": 0, "axis": "y", "origin": [8, 8, 8]},
			"faces": {
				"north": {"uv": [3.5, 6.5, 4, 6.875], "texture": "#0"},
				"east": {"uv": [1.875, 8.3125, 1.9375, 8.6875], "texture": "#0"},
				"south": {"uv": [4, 6.5, 4.5, 6.875], "texture": "#0"},
				"west": {"uv": [1.9375, 8.3125, 2, 8.6875], "texture": "#0"},
				"up": {"uv": [5.375, 8.1875, 4.875, 8.125], "texture": "#0"},
				"down": {"uv": [5.875, 8.125, 5.375, 8.1875], "texture": "#0"}
			}
		},
		{
			"from": [-1, 7, 12],
			"to": [5, 10.5, 13],
			"rotation": {"angle": 0, "axis": "y", "origin": [8, 8, 8]},
			"faces": {
				"north": {"uv": [2.875, 7.3125, 3.25, 7.5625], "texture": "#0"},
				"east": {"uv": [5.3125, 8.5625, 5.375, 8.8125], "texture": "#0"},
				"south": {"uv": [4.125, 7.3125, 4.5, 7.5625], "texture": "#0"},
				"west": {"uv": [5.375, 8.5625, 5.4375, 8.8125], "texture": "#0"},
				"up": {"uv": [3.75, 8.375, 3.375, 8.3125], "texture": "#0"},
				"down": {"uv": [4.125, 8.3125, 3.75, 8.375], "texture": "#0"}
			}
		},
		{
			"from": [11, 7, 12],
			"to": [17, 10.5, 13],
			"rotation": {"angle": 0, "axis": "y", "origin": [8, 8, 8]},
			"faces": {
				"north": {"uv": [4.5, 7.375, 4.875, 7.625], "texture": "#0"},
				"east": {"uv": [5.4375, 8.5625, 5.5, 8.8125], "texture": "#0"},
				"south": {"uv": [4.875, 7.375, 5.25, 7.625], "texture": "#0"},
				"west": {"uv": [5.5, 8.5625, 5.5625, 8.8125], "texture": "#0"},
				"up": {"uv": [5.25, 8.375, 4.875, 8.3125], "texture": "#0"},
				"down": {"uv": [5.625, 8.3125, 5.25, 8.375], "texture": "#0"}
			}
		},
		{
			"from": [23, 7, 12],
			"to": [29, 10.5, 13],
			"rotation": {"angle": 0, "axis": "y", "origin": [8, 8, 8]},
			"faces": {
				"north": {"uv": [5.25, 7.375, 5.625, 7.625], "texture": "#0"},
				"east": {"uv": [5.5625, 8.5625, 5.625, 8.8125], "texture": "#0"},
				"south": {"uv": [5.625, 7.375, 6, 7.625], "texture": "#0"},
				"west": {"uv": [5.625, 8.5625, 5.6875, 8.8125], "texture": "#0"},
				"up": {"uv": [6, 8.375, 5.625, 8.3125], "texture": "#0"},
				"down": {"uv": [7.1875, 8.3125, 6.8125, 8.375], "texture": "#0"}
			}
		},
		{
			"from": [-8.45461, 6.31283, 12.001],
			"to": [-7.45461, 10.01283, 13.001],
			"rotation": {"angle": 22.5, "axis": "z", "origin": [-8.45461, 10.31283, 12.001]},
			"faces": {
				"north": {"uv": [5.6875, 8.5625, 5.75, 8.8125], "texture": "#0"},
				"east": {"uv": [5.75, 8.5625, 5.8125, 8.8125], "texture": "#0"},
				"south": {"uv": [5.8125, 8.5625, 5.875, 8.8125], "texture": "#0"},
				"west": {"uv": [5.875, 8.5625, 5.9375, 8.8125], "texture": "#0"},
				"up": {"uv": [3.375, 8.75, 3.3125, 8.6875], "texture": "#0"},
				"down": {"uv": [4.1875, 8.6875, 4.125, 8.75], "texture": "#0"}
			}
		},
		{
			"from": [27.54539, 6.31283, 12.001],
			"to": [28.54539, 10.01283, 13.001],
			"rotation": {"angle": 22.5, "axis": "z", "origin": [27.54539, 10.31283, 12.001]},
			"faces": {
				"north": {"uv": [6.25, 8.5625, 6.3125, 8.8125], "texture": "#0"},
				"east": {"uv": [6.3125, 8.5625, 6.375, 8.8125], "texture": "#0"},
				"south": {"uv": [6.375, 8.5625, 6.4375, 8.8125], "texture": "#0"},
				"west": {"uv": [6.4375, 8.5625, 6.5, 8.8125], "texture": "#0"},
				"up": {"uv": [4.25, 8.75, 4.1875, 8.6875], "texture": "#0"},
				"down": {"uv": [6, 8.6875, 5.9375, 8.75], "texture": "#0"}
			}
		},
		{
			"from": [15.54539, 6.31283, 12.001],
			"to": [16.54539, 10.01283, 13.001],
			"rotation": {"angle": 22.5, "axis": "z", "origin": [15.54539, 10.31283, 12.001]},
			"faces": {
				"north": {"uv": [6.5, 8.5625, 6.5625, 8.8125], "texture": "#0"},
				"east": {"uv": [6.5625, 8.5625, 6.625, 8.8125], "texture": "#0"},
				"south": {"uv": [6.625, 8.5625, 6.6875, 8.8125], "texture": "#0"},
				"west": {"uv": [6.6875, 8.5625, 6.75, 8.8125], "texture": "#0"},
				"up": {"uv": [6.0625, 8.75, 6, 8.6875], "texture": "#0"},
				"down": {"uv": [6.125, 8.6875, 6.0625, 8.75], "texture": "#0"}
			}
		},
		{
			"from": [-0.46927, 6.69552, 12.001],
			"to": [0.53073, 10.39552, 13.001],
			"rotation": {"angle": -22.5, "axis": "z", "origin": [-0.46927, 10.69552, 12.001]},
			"faces": {
				"north": {"uv": [6.75, 8.5625, 6.8125, 8.8125], "texture": "#0"},
				"east": {"uv": [6.8125, 8.5625, 6.875, 8.8125], "texture": "#0"},
				"south": {"uv": [6.875, 8.5625, 6.9375, 8.8125], "texture": "#0"},
				"west": {"uv": [6.9375, 8.5625, 7, 8.8125], "texture": "#0"},
				"up": {"uv": [6.1875, 8.75, 6.125, 8.6875], "texture": "#0"},
				"down": {"uv": [7.1875, 8.6875, 7.125, 8.75], "texture": "#0"}
			}
		},
		{
			"from": [11.53073, 6.69552, 12.001],
			"to": [12.53073, 10.39552, 13.001],
			"rotation": {"angle": -22.5, "axis": "z", "origin": [11.53073, 10.69552, 12.001]},
			"faces": {
				"north": {"uv": [7, 8.5625, 7.0625, 8.8125], "texture": "#0"},
				"east": {"uv": [7.0625, 8.5625, 7.125, 8.8125], "texture": "#0"},
				"south": {"uv": [8.125, 8.5625, 8.1875, 8.8125], "texture": "#0"},
				"west": {"uv": [8.1875, 8.5625, 8.25, 8.8125], "texture": "#0"},
				"up": {"uv": [7.25, 8.75, 7.1875, 8.6875], "texture": "#0"},
				"down": {"uv": [7.3125, 8.6875, 7.25, 8.75], "texture": "#0"}
			}
		},
		{
			"from": [23.53073, 6.69552, 12.001],
			"to": [24.53073, 10.39552, 13.001],
			"rotation": {"angle": -22.5, "axis": "z", "origin": [23.53073, 10.69552, 12.001]},
			"faces": {
				"north": {"uv": [8.375, 8.5625, 8.4375, 8.8125], "texture": "#0"},
				"east": {"uv": [8.4375, 8.5625, 8.5, 8.8125], "texture": "#0"},
				"south": {"uv": [8.5, 8.5625, 8.5625, 8.8125], "texture": "#0"},
				"west": {"uv": [8.5625, 8.5625, 8.625, 8.8125], "texture": "#0"},
				"up": {"uv": [7.375, 8.75, 7.3125, 8.6875], "texture": "#0"},
				"down": {"uv": [7.4375, 8.6875, 7.375, 8.75], "texture": "#0"}
			}
		},
		{
			"from": [-6, -2, 10.3],
			"to": [-2, 1, 19.5],
			"rotation": {"angle": 0, "axis": "y", "origin": [8, 8, 8]},
			"faces": {
				"north": {"uv": [0.625, 7.6875, 0.875, 7.875], "texture": "#0"},
				"east": {"uv": [2.875, 6.875, 3.4375, 7.0625], "texture": "#0"},
				"south": {"uv": [4.5, 7.75, 4.75, 7.9375], "texture": "#0"},
				"west": {"uv": [3.4375, 6.875, 4, 7.0625], "texture": "#0"},
				"up": {"uv": [4.75, 7.375, 4.5, 6.8125], "texture": "#0"},
				"down": {"uv": [5, 6.8125, 4.75, 7.375], "texture": "#0"}
			}
		},
		{
			"from": [-6.001, -3.05, 17.625],
			"to": [-2.001, 0.25, 19.625],
			"rotation": {"angle": -22.5, "axis": "x", "origin": [-6.001, 0.25, 17.625]},
			"faces": {
				"north": {"uv": [4.25, 7.8125, 4.5, 8], "texture": "#0"},
				"east": {"uv": [7.75, 8.5, 7.875, 8.6875], "texture": "#0"},
				"south": {"uv": [6.5, 7.8125, 6.75, 8], "texture": "#0"},
				"west": {"uv": [8.25, 8.5, 8.375, 8.6875], "texture": "#0"},
				"up": {"uv": [2.5, 8.3125, 2.25, 8.1875], "texture": "#0"},
				"down": {"uv": [2.75, 8.1875, 2.5, 8.3125], "texture": "#0"}
			}
		},
		{
			"from": [-6.001, -0.05, 10.625],
			"to": [-2.001, 4.75, 12.625],
			"rotation": {"angle": -22.5, "axis": "x", "origin": [-6.001, 3.25, 10.625]},
			"faces": {
				"north": {"uv": [1.875, 7.5, 2.125, 7.8125], "texture": "#0"},
				"east": {"uv": [0.875, 7.6875, 1, 8], "texture": "#0"},
				"south": {"uv": [2.125, 7.5, 2.375, 7.8125], "texture": "#0"},
				"west": {"uv": [6.75, 7.8125, 6.875, 8.125], "texture": "#0"},
				"up": {"uv": [3, 8.3125, 2.75, 8.1875], "texture": "#0"},
				"down": {"uv": [3.25, 8.1875, 3, 8.3125], "texture": "#0"}
			}
		},
		{
			"from": [-6, -2, -3.4],
			"to": [-2, 1, 4.1],
			"rotation": {"angle": 0, "axis": "y", "origin": [8, 8, 8]},
			"faces": {
				"north": {"uv": [4.75, 7.75, 5, 7.9375], "texture": "#0"},
				"east": {"uv": [7.375, 1.125, 7.875, 1.3125], "texture": "#0"},
				"south": {"uv": [5, 7.75, 5.25, 7.9375], "texture": "#0"},
				"west": {"uv": [7.375, 1.3125, 7.875, 1.5], "texture": "#0"},
				"up": {"uv": [6.75, 7.3125, 6.5, 6.8125], "texture": "#0"},
				"down": {"uv": [7, 6.8125, 6.75, 7.3125], "texture": "#0"}
			}
		},
		{
			"from": [-6.001, -2.4, -3.5],
			"to": [-2.001, 1, -1.5],
			"rotation": {"angle": 22.5, "axis": "x", "origin": [-6.001, 1, -3.5]},
			"faces": {
				"north": {"uv": [5.25, 7.75, 5.5, 7.9375], "texture": "#0"},
				"east": {"uv": [4.125, 8.3125, 4.25, 8.5], "texture": "#0"},
				"south": {"uv": [5.5, 7.75, 5.75, 7.9375], "texture": "#0"},
				"west": {"uv": [6, 8.3125, 6.125, 8.5], "texture": "#0"},
				"up": {"uv": [6.1875, 8.0625, 5.9375, 7.9375], "texture": "#0"},
				"down": {"uv": [7.25, 7.9375, 7, 8.0625], "texture": "#0"}
			}
		},
		{
			"from": [-6.001, 0.6, 3.5],
			"to": [-2.001, 6, 5.5],
			"rotation": {"angle": 22.5, "axis": "x", "origin": [-6.001, 4, 3.5]},
			"faces": {
				"north": {"uv": [6.75, 7.5, 7, 7.8125], "texture": "#0"},
				"east": {"uv": [7.875, 5.125, 8, 5.4375], "texture": "#0"},
				"south": {"uv": [7.5, 7.5, 7.75, 7.8125], "texture": "#0"},
				"west": {"uv": [4.5, 7.9375, 4.625, 8.25], "texture": "#0"},
				"up": {"uv": [5.625, 8.3125, 5.375, 8.1875], "texture": "#0"},
				"down": {"uv": [5.875, 8.1875, 5.625, 8.3125], "texture": "#0"}
			}
		},
		{
			"from": [-14, 9, 4],
			"to": [30, 10.5, 12],
			"rotation": {"angle": 0, "axis": "y", "origin": [-24, 8, 8]},
			"faces": {
				"north": {"uv": [6, 1.625, 8.75, 1.75], "texture": "#0"},
				"east": {"uv": [4, 7.6875, 4.5, 7.8125], "texture": "#0"},
				"south": {"uv": [6, 2.9375, 8.75, 3.0625], "texture": "#0"},
				"west": {"uv": [7.6875, 3.25, 8.1875, 3.375], "texture": "#0"},
				"up": {"uv": [8.6875, 4.4375, 5.9375, 3.9375], "texture": "#0"},
				"down": {"uv": [8.6875, 4.4375, 5.9375, 4.9375], "texture": "#0"}
			}
		},
		{
			"from": [6, -2, 10.3],
			"to": [10, 1, 19.5],
			"rotation": {"angle": 0, "axis": "y", "origin": [8, 8, 8]},
			"faces": {
				"north": {"uv": [5.75, 7.75, 6, 7.9375], "texture": "#0"},
				"east": {"uv": [6.875, 0.375, 7.4375, 0.5625], "texture": "#0"},
				"south": {"uv": [7.75, 7.75, 8, 7.9375], "texture": "#0"},
				"west": {"uv": [6.875, 0.5625, 7.4375, 0.75], "texture": "#0"},
				"up": {"uv": [5.25, 7.375, 5, 6.8125], "texture": "#0"},
				"down": {"uv": [5.5, 6.8125, 5.25, 7.375], "texture": "#0"}
			}
		},
		{
			"from": [18, -2, 10.3],
			"to": [22, 1, 19.5],
			"rotation": {"angle": 0, "axis": "y", "origin": [8, 8, 8]},
			"faces": {
				"north": {"uv": [7.75, 6.1875, 8, 6.375], "texture": "#0"},
				"east": {"uv": [6.875, 0.75, 7.4375, 0.9375], "texture": "#0"},
				"south": {"uv": [7.75, 6.375, 8, 6.5625], "texture": "#0"},
				"west": {"uv": [6.875, 0.9375, 7.4375, 1.125], "texture": "#0"},
				"up": {"uv": [5.75, 7.375, 5.5, 6.8125], "texture": "#0"},
				"down": {"uv": [6, 6.8125, 5.75, 7.375], "texture": "#0"}
			}
		},
		{
			"from": [6.001, -3.05, 17.625],
			"to": [10.001, 0.25, 19.625],
			"rotation": {"angle": -22.5, "axis": "x", "origin": [6.001, 0.25, 17.625]},
			"faces": {
				"north": {"uv": [7.75, 6.75, 8, 6.9375], "texture": "#0"},
				"east": {"uv": [6.125, 8.3125, 6.25, 8.5], "texture": "#0"},
				"south": {"uv": [7.75, 7.4375, 8, 7.625], "texture": "#0"},
				"west": {"uv": [7.1875, 8.3125, 7.3125, 8.5], "texture": "#0"},
				"up": {"uv": [6.75, 8.125, 6.5, 8], "texture": "#0"},
				"down": {"uv": [6.125, 8.125, 5.875, 8.25], "texture": "#0"}
			}
		},
		{
			"from": [6.001, -0.05, 10.625],
			"to": [10.001, 4.75, 12.625],
			"rotation": {"angle": -22.5, "axis": "x", "origin": [6.001, 3.25, 10.625]},
			"faces": {
				"north": {"uv": [2.375, 7.5, 2.625, 7.8125], "texture": "#0"},
				"east": {"uv": [6.875, 7.8125, 7, 8.125], "texture": "#0"},
				"south": {"uv": [2.625, 7.5, 2.875, 7.8125], "texture": "#0"},
				"west": {"uv": [7.5, 7.8125, 7.625, 8.125], "texture": "#0"},
				"up": {"uv": [3.5, 8.3125, 3.25, 8.1875], "texture": "#0"},
				"down": {"uv": [3.75, 8.1875, 3.5, 8.3125], "texture": "#0"}
			}
		},
		{
			"from": [18.001, -3.05, 17.625],
			"to": [22.001, 0.25, 19.625],
			"rotation": {"angle": -22.5, "axis": "x", "origin": [18.001, 0.25, 17.625]},
			"faces": {
				"north": {"uv": [0, 7.8125, 0.25, 8], "texture": "#0"},
				"east": {"uv": [7.3125, 8.3125, 7.4375, 8.5], "texture": "#0"},
				"south": {"uv": [0.25, 7.8125, 0.5, 8], "texture": "#0"},
				"west": {"uv": [7.4375, 8.3125, 7.5625, 8.5], "texture": "#0"},
				"up": {"uv": [6.375, 8.25, 6.125, 8.125], "texture": "#0"},
				"down": {"uv": [6.625, 8.125, 6.375, 8.25], "texture": "#0"}
			}
		},
		{
			"from": [18.001, -0.05, 10.625],
			"to": [22.001, 4.75, 12.625],
			"rotation": {"angle": -22.5, "axis": "x", "origin": [18.001, 3.25, 10.625]},
			"faces": {
				"north": {"uv": [3.25, 7.5, 3.5, 7.8125], "texture": "#0"},
				"east": {"uv": [7.625, 7.8125, 7.75, 8.125], "texture": "#0"},
				"south": {"uv": [3.5, 7.5, 3.75, 7.8125], "texture": "#0"},
				"west": {"uv": [0.625, 7.875, 0.75, 8.1875], "texture": "#0"},
				"up": {"uv": [4, 8.3125, 3.75, 8.1875], "texture": "#0"},
				"down": {"uv": [4.25, 8.1875, 4, 8.3125], "texture": "#0"}
			}
		},
		{
			"from": [6, -2, -3.4],
			"to": [10, 1, 4.1],
			"rotation": {"angle": 0, "axis": "y", "origin": [8, 8, 8]},
			"faces": {
				"north": {"uv": [1.875, 7.8125, 2.125, 8], "texture": "#0"},
				"east": {"uv": [7.375, 3.0625, 7.875, 3.25], "texture": "#0"},
				"south": {"uv": [2.125, 7.8125, 2.375, 8], "texture": "#0"},
				"west": {"uv": [7.375, 5.125, 7.875, 5.3125], "texture": "#0"},
				"up": {"uv": [0.25, 7.375, 0, 6.875], "texture": "#0"},
				"down": {"uv": [0.5, 6.875, 0.25, 7.375], "texture": "#0"}
			}
		},
		{
			"from": [30, -2, -1.5],
			"to": [32, 1, 1.5],
			"rotation": {"angle": 0, "axis": "y", "origin": [8, 8, 8]},
			"faces": {
				"north": {"uv": [7.5625, 8.3125, 7.6875, 8.5], "texture": "#0"},
				"east": {"uv": [7.875, 1.4375, 8.0625, 1.625], "texture": "#0"},
				"south": {"uv": [7.6875, 8.3125, 7.8125, 8.5], "texture": "#0"},
				"west": {"uv": [7.875, 3.0625, 8.0625, 3.25], "texture": "#0"},
				"up": {"uv": [7.9375, 8.5, 7.8125, 8.3125], "texture": "#0"},
				"down": {"uv": [8.375, 8.3125, 8.25, 8.5], "texture": "#0"}
			}
		},
		{
			"from": [6.001, -2.4, -3.5],
			"to": [10.001, 1, -1.5],
			"rotation": {"angle": 22.5, "axis": "x", "origin": [6.001, 1, -3.5]},
			"faces": {
				"north": {"uv": [2.375, 7.8125, 2.625, 8], "texture": "#0"},
				"east": {"uv": [0.75, 8.375, 0.875, 8.5625], "texture": "#0"},
				"south": {"uv": [2.625, 7.8125, 2.875, 8], "texture": "#0"},
				"west": {"uv": [0.875, 8.375, 1, 8.5625], "texture": "#0"},
				"up": {"uv": [6.875, 8.25, 6.625, 8.125], "texture": "#0"},
				"down": {"uv": [7.125, 8.125, 6.875, 8.25], "texture": "#0"}
			}
		},
		{
			"from": [6.001, 0.6, 3.5],
			"to": [10.001, 6, 5.5],
			"rotation": {"angle": 22.5, "axis": "x", "origin": [6.001, 4, 3.5]},
			"faces": {
				"north": {"uv": [3.75, 7.5, 4, 7.8125], "texture": "#0"},
				"east": {"uv": [0.75, 7.875, 0.875, 8.1875], "texture": "#0"},
				"south": {"uv": [6.5, 7.5, 6.75, 7.8125], "texture": "#0"},
				"west": {"uv": [7.875, 1.125, 8, 1.4375], "texture": "#0"},
				"up": {"uv": [5.125, 8.3125, 4.875, 8.1875], "texture": "#0"},
				"down": {"uv": [5.375, 8.1875, 5.125, 8.3125], "texture": "#0"}
			}
		},
		{
			"from": [18.001, -2.4, -3.5],
			"to": [22.001, 1, -1.5],
			"rotation": {"angle": 22.5, "axis": "x", "origin": [18.001, 1, -3.5]},
			"faces": {
				"north": {"uv": [3.25, 7.8125, 3.5, 8], "texture": "#0"},
				"east": {"uv": [1, 8.375, 1.125, 8.5625], "texture": "#0"},
				"south": {"uv": [3.5, 7.8125, 3.75, 8], "texture": "#0"},
				"west": {"uv": [1.5, 8.375, 1.625, 8.5625], "texture": "#0"},
				"up": {"uv": [7.375, 8.25, 7.125, 8.125], "texture": "#0"},
				"down": {"uv": [7.625, 8.125, 7.375, 8.25], "texture": "#0"}
			}
		},
		{
			"from": [18.001, 0.6, 3.5],
			"to": [22.001, 6, 5.5],
			"rotation": {"angle": 22.5, "axis": "x", "origin": [18.001, 4, 3.5]},
			"faces": {
				"north": {"uv": [7.5, 6.1875, 7.75, 6.5], "texture": "#0"},
				"east": {"uv": [4.625, 7.9375, 4.75, 8.25], "texture": "#0"},
				"south": {"uv": [7.5, 6.75, 7.75, 7.0625], "texture": "#0"},
				"west": {"uv": [4.75, 7.9375, 4.875, 8.25], "texture": "#0"},
				"up": {"uv": [8.4375, 3.375, 8.1875, 3.25], "texture": "#0"},
				"down": {"uv": [8.4375, 3.375, 8.1875, 3.5], "texture": "#0"}
			}
		},
		{
			"from": [-16, 9, 4],
			"to": [-14, 10.5, 12],
			"rotation": {"angle": 0, "axis": "y", "origin": [8, 8, 8]},
			"faces": {
				"north": {"uv": [7.75, 6.9375, 7.875, 7.0625], "texture": "#0"},
				"east": {"uv": [4.5, 7.625, 5, 7.75], "texture": "#0"},
				"south": {"uv": [7.25, 7.9375, 7.375, 8.0625], "texture": "#0"},
				"west": {"uv": [5, 7.625, 5.5, 7.75], "texture": "#0"},
				"up": {"uv": [3, 8.0625, 2.875, 7.5625], "texture": "#0"},
				"down": {"uv": [3.125, 7.5625, 3, 8.0625], "texture": "#0"}
			}
		},
		{
			"from": [-15.998, 6, 1.5],
			"to": [-13.998, 8, 5],
			"rotation": {"angle": -45, "axis": "x", "origin": [-15.998, 8, 1.5]},
			"faces": {
				"north": {"uv": [0.875, 8, 1, 8.125], "texture": "#0"},
				"east": {"uv": [7.625, 8.125, 7.875, 8.25], "texture": "#0"},
				"south": {"uv": [8.5, 1.25, 8.625, 1.375], "texture": "#0"},
				"west": {"uv": [7.875, 8.125, 8.125, 8.25], "texture": "#0"},
				"up": {"uv": [4.5, 8.25, 4.375, 8], "texture": "#0"},
				"down": {"uv": [8.25, 8.125, 8.125, 8.375], "texture": "#0"}
			}
		},
		{
			"from": [-15.998, 8.5, 12],
			"to": [-13.998, 10.5, 15.5],
			"rotation": {"angle": 45, "axis": "x", "origin": [-15.998, 10.5, 12]},
			"faces": {
				"north": {"uv": [8.5, 6.4375, 8.625, 6.5625], "texture": "#0"},
				"east": {"uv": [0, 8.1875, 0.25, 8.3125], "texture": "#0"},
				"south": {"uv": [8.5, 6.75, 8.625, 6.875], "texture": "#0"},
				"west": {"uv": [0.25, 8.1875, 0.5, 8.3125], "texture": "#0"},
				"up": {"uv": [0.625, 8.4375, 0.5, 8.1875], "texture": "#0"},
				"down": {"uv": [0.75, 8.1875, 0.625, 8.4375], "texture": "#0"}
			}
		},
		{
			"from": [-16, -2, 1.5],
			"to": [-14, 8, 4],
			"rotation": {"angle": 0, "axis": "y", "origin": [8, 8, 8]},
			"faces": {
				"north": {"uv": [6.375, 7.4375, 6.5, 8.0625], "texture": "#0"},
				"east": {"uv": [1, 6.875, 1.1875, 7.5], "texture": "#0"},
				"south": {"uv": [7.375, 7.4375, 7.5, 8.0625], "texture": "#0"},
				"west": {"uv": [1.1875, 6.875, 1.375, 7.5], "texture": "#0"},
				"up": {"uv": [1.75, 8.5625, 1.625, 8.375], "texture": "#0"},
				"down": {"uv": [1.875, 8.375, 1.75, 8.5625], "texture": "#0"}
			}
		},
		{
			"from": [-16, -2, 12],
			"to": [-14, 8, 14.5],
			"rotation": {"angle": 0, "axis": "y", "origin": [8, 8, 8]},
			"faces": {
				"north": {"uv": [7.4375, 0.375, 7.5625, 1], "texture": "#0"},
				"east": {"uv": [1.375, 6.875, 1.5625, 7.5], "texture": "#0"},
				"south": {"uv": [1, 7.5, 1.125, 8.125], "texture": "#0"},
				"west": {"uv": [1.5625, 6.875, 1.75, 7.5], "texture": "#0"},
				"up": {"uv": [2.375, 8.5625, 2.25, 8.375], "texture": "#0"},
				"down": {"uv": [2.5, 8.375, 2.375, 8.5625], "texture": "#0"}
			}
		},
		{
			"from": [-16, -2, 14.5],
			"to": [-14, 1, 17.5],
			"rotation": {"angle": 0, "axis": "y", "origin": [8, 8, 8]},
			"faces": {
				"north": {"uv": [2.5, 8.375, 2.625, 8.5625], "texture": "#0"},
				"east": {"uv": [7.875, 5.4375, 8.0625, 5.625], "texture": "#0"},
				"south": {"uv": [3.375, 8.375, 3.5, 8.5625], "texture": "#0"},
				"west": {"uv": [7.875, 6.5625, 8.0625, 6.75], "texture": "#0"},
				"up": {"uv": [3.625, 8.5625, 3.5, 8.375], "texture": "#0"},
				"down": {"uv": [3.75, 8.375, 3.625, 8.5625], "texture": "#0"}
			}
		},
		{
			"from": [-15.998, -3.05, 15.625],
			"to": [-13.998, 0.25, 17.625],
			"rotation": {"angle": -22.5, "axis": "x", "origin": [-15.998, 0.25, 15.625]},
			"faces": {
				"north": {"uv": [3.75, 8.375, 3.875, 8.5625], "texture": "#0"},
				"east": {"uv": [3.875, 8.375, 4, 8.5625], "texture": "#0"},
				"south": {"uv": [4, 8.375, 4.125, 8.5625], "texture": "#0"},
				"west": {"uv": [4.25, 8.375, 4.375, 8.5625], "texture": "#0"},
				"up": {"uv": [8.625, 7.5625, 8.5, 7.4375], "texture": "#0"},
				"down": {"uv": [8.625, 7.75, 8.5, 7.875], "texture": "#0"}
			}
		},
		{
			"from": [-15.998, -0.05, 12.625],
			"to": [-13.998, 3.25, 14.625],
			"rotation": {"angle": -22.5, "axis": "x", "origin": [-15.998, 3.25, 12.625]},
			"faces": {
				"north": {"uv": [4.6875, 8.375, 4.8125, 8.5625], "texture": "#0"},
				"east": {"uv": [4.8125, 8.375, 4.9375, 8.5625], "texture": "#0"},
				"south": {"uv": [4.9375, 8.375, 5.0625, 8.5625], "texture": "#0"},
				"west": {"uv": [5.0625, 8.375, 5.1875, 8.5625], "texture": "#0"},
				"up": {"uv": [8.625, 8.5, 8.5, 8.375], "texture": "#0"},
				"down": {"uv": [8.6875, 0.375, 8.5625, 0.5], "texture": "#0"}
			}
		},
		{
			"from": [-16, -2, -1.5],
			"to": [-14, 1, 1.5],
			"rotation": {"angle": 0, "axis": "y", "origin": [8, 8, 8]},
			"faces": {
				"north": {"uv": [5.1875, 8.375, 5.3125, 8.5625], "texture": "#0"},
				"east": {"uv": [7.875, 6.9375, 8.0625, 7.125], "texture": "#0"},
				"south": {"uv": [5.3125, 8.375, 5.4375, 8.5625], "texture": "#0"},
				"west": {"uv": [4.875, 7.9375, 5.0625, 8.125], "texture": "#0"},
				"up": {"uv": [5.5625, 8.5625, 5.4375, 8.375], "texture": "#0"},
				"down": {"uv": [5.6875, 8.375, 5.5625, 8.5625], "texture": "#0"}
			}
		},
		{
			"from": [-15.998, -2.4, -1.5],
			"to": [-13.998, 1, 0.5],
			"rotation": {"angle": 22.5, "axis": "x", "origin": [-15.998, 1, -1.5]},
			"faces": {
				"north": {"uv": [5.6875, 8.375, 5.8125, 8.5625], "texture": "#0"},
				"east": {"uv": [5.8125, 8.375, 5.9375, 8.5625], "texture": "#0"},
				"south": {"uv": [6.25, 8.375, 6.375, 8.5625], "texture": "#0"},
				"west": {"uv": [6.375, 8.375, 6.5, 8.5625], "texture": "#0"},
				"up": {"uv": [8.6875, 0.625, 8.5625, 0.5], "texture": "#0"},
				"down": {"uv": [8.6875, 0.625, 8.5625, 0.75], "texture": "#0"}
			}
		},
		{
			"from": [-15.998, 0.6, 1.5],
			"to": [-13.998, 4, 3.5],
			"rotation": {"angle": 22.5, "axis": "x", "origin": [-15.998, 4, 1.5]},
			"faces": {
				"north": {"uv": [6.5, 8.375, 6.625, 8.5625], "texture": "#0"},
				"east": {"uv": [6.625, 8.375, 6.75, 8.5625], "texture": "#0"},
				"south": {"uv": [6.75, 8.375, 6.875, 8.5625], "texture": "#0"},
				"west": {"uv": [6.875, 8.375, 7, 8.5625], "texture": "#0"},
				"up": {"uv": [8.6875, 0.875, 8.5625, 0.75], "texture": "#0"},
				"down": {"uv": [8.6875, 0.875, 8.5625, 1], "texture": "#0"}
			}
		},
		{
			"from": [30, 9, 4],
			"to": [32, 10.5, 12],
			"rotation": {"angle": 0, "axis": "y", "origin": [8, 8, 8]},
			"faces": {
				"north": {"uv": [8.5625, 1.375, 8.6875, 1.5], "texture": "#0"},
				"east": {"uv": [5.5, 7.625, 6, 7.75], "texture": "#0"},
				"south": {"uv": [8.5625, 1.5, 8.6875, 1.625], "texture": "#0"},
				"west": {"uv": [0, 7.6875, 0.5, 7.8125], "texture": "#0"},
				"up": {"uv": [3.25, 8.0625, 3.125, 7.5625], "texture": "#0"},
				"down": {"uv": [0.625, 7.6875, 0.5, 8.1875], "texture": "#0"}
			}
		},
		{
			"from": [30, -2, 1.5],
			"to": [32, 8, 4],
			"rotation": {"angle": 0, "axis": "y", "origin": [8, 8, 8]},
			"faces": {
				"north": {"uv": [1.125, 7.5, 1.25, 8.125], "texture": "#0"},
				"east": {"uv": [1.75, 6.875, 1.9375, 7.5], "texture": "#0"},
				"south": {"uv": [1.25, 7.5, 1.375, 8.125], "texture": "#0"},
				"west": {"uv": [1.9375, 6.875, 2.125, 7.5], "texture": "#0"},
				"up": {"uv": [7.125, 8.5625, 7, 8.375], "texture": "#0"},
				"down": {"uv": [8.25, 8.375, 8.125, 8.5625], "texture": "#0"}
			}
		},
		{
			"from": [29.998, 8.5, 12],
			"to": [31.998, 10.5, 15.5],
			"rotation": {"angle": 45, "axis": "x", "origin": [29.998, 10.5, 12]},
			"faces": {
				"north": {"uv": [8.5625, 3.0625, 8.6875, 3.1875], "texture": "#0"},
				"east": {"uv": [0.75, 8.1875, 1, 8.3125], "texture": "#0"},
				"south": {"uv": [8.5625, 3.1875, 8.6875, 3.3125], "texture": "#0"},
				"west": {"uv": [1, 8.1875, 1.25, 8.3125], "texture": "#0"},
				"up": {"uv": [1.375, 8.4375, 1.25, 8.1875], "texture": "#0"},
				"down": {"uv": [1.5, 8.1875, 1.375, 8.4375], "texture": "#0"}
			}
		},
		{
			"from": [30, -2, 14.5],
			"to": [32, 1, 17.5],
			"rotation": {"angle": 0, "axis": "y", "origin": [8, 8, 8]},
			"faces": {
				"north": {"uv": [8.375, 8.375, 8.5, 8.5625], "texture": "#0"},
				"east": {"uv": [5.0625, 7.9375, 5.25, 8.125], "texture": "#0"},
				"south": {"uv": [0, 8.4375, 0.125, 8.625], "texture": "#0"},
				"west": {"uv": [5.25, 7.9375, 5.4375, 8.125], "texture": "#0"},
				"up": {"uv": [0.625, 8.625, 0.5, 8.4375], "texture": "#0"},
				"down": {"uv": [0.75, 8.4375, 0.625, 8.625], "texture": "#0"}
			}
		},
		{
			"from": [29.998, -3.05, 15.625],
			"to": [31.998, 0.25, 17.625],
			"rotation": {"angle": -22.5, "axis": "x", "origin": [29.998, 0.25, 15.625]},
			"faces": {
				"north": {"uv": [1.25, 8.4375, 1.375, 8.625], "texture": "#0"},
				"east": {"uv": [1.375, 8.4375, 1.5, 8.625], "texture": "#0"},
				"south": {"uv": [2, 8.4375, 2.125, 8.625], "texture": "#0"},
				"west": {"uv": [2.125, 8.4375, 2.25, 8.625], "texture": "#0"},
				"up": {"uv": [8.6875, 3.4375, 8.5625, 3.3125], "texture": "#0"},
				"down": {"uv": [8.6875, 5.125, 8.5625, 5.25], "texture": "#0"}
			}
		},
		{
			"from": [29.998, -0.05, 12.625],
			"to": [31.998, 3.25, 14.625],
			"rotation": {"angle": -22.5, "axis": "x", "origin": [29.998, 3.25, 12.625]},
			"faces": {
				"north": {"uv": [2.625, 8.4375, 2.75, 8.625], "texture": "#0"},
				"east": {"uv": [2.75, 8.4375, 2.875, 8.625], "texture": "#0"},
				"south": {"uv": [2.875, 8.4375, 3, 8.625], "texture": "#0"},
				"west": {"uv": [3, 8.4375, 3.125, 8.625], "texture": "#0"},
				"up": {"uv": [8.6875, 5.375, 8.5625, 5.25], "texture": "#0"},
				"down": {"uv": [8.6875, 5.375, 8.5625, 5.5], "texture": "#0"}
			}
		},
		{
			"from": [30, -2, 12],
			"to": [32, 8, 14.5],
			"rotation": {"angle": 0, "axis": "y", "origin": [8, 8, 8]},
			"faces": {
				"north": {"uv": [1.625, 7.5, 1.75, 8.125], "texture": "#0"},
				"east": {"uv": [2.5, 6.875, 2.6875, 7.5], "texture": "#0"},
				"south": {"uv": [1.75, 7.5, 1.875, 8.125], "texture": "#0"},
				"west": {"uv": [2.6875, 6.875, 2.875, 7.5], "texture": "#0"},
				"up": {"uv": [8.5625, 3.4375, 8.4375, 3.25], "texture": "#0"},
				"down": {"uv": [8.5625, 7.9375, 8.4375, 8.125], "texture": "#0"}
			}
		},
		{
			"from": [29.998, 6, 1.5],
			"to": [31.998, 8, 5],
			"rotation": {"angle": -45, "axis": "x", "origin": [29.998, 8, 1.5]},
			"faces": {
				"north": {"uv": [8.5625, 5.5, 8.6875, 5.625], "texture": "#0"},
				"east": {"uv": [1.5, 8.1875, 1.75, 8.3125], "texture": "#0"},
				"south": {"uv": [8.5625, 5.625, 8.6875, 5.75], "texture": "#0"},
				"west": {"uv": [1.75, 8.1875, 2, 8.3125], "texture": "#0"},
				"up": {"uv": [2.125, 8.4375, 2, 8.1875], "texture": "#0"},
				"down": {"uv": [2.25, 8.1875, 2.125, 8.4375], "texture": "#0"}
			}
		},
		{
			"from": [18, -2, -3.4],
			"to": [22, 1, 4.1],
			"rotation": {"angle": 0, "axis": "y", "origin": [8, 8, 8]},
			"faces": {
				"north": {"uv": [3.75, 7.8125, 4, 8], "texture": "#0"},
				"east": {"uv": [7.375, 5.3125, 7.875, 5.5], "texture": "#0"},
				"south": {"uv": [4, 7.8125, 4.25, 8], "texture": "#0"},
				"west": {"uv": [7.375, 6.5625, 7.875, 6.75], "texture": "#0"},
				"up": {"uv": [0.75, 7.375, 0.5, 6.875], "texture": "#0"},
				"down": {"uv": [1, 6.875, 0.75, 7.375], "texture": "#0"}
			}
		},
		{
			"from": [29.998, -2.4, -1.5],
			"to": [31.998, 1, 0.5],
			"rotation": {"angle": 22.5, "axis": "x", "origin": [29.998, 1, -1.5]},
			"faces": {
				"north": {"uv": [4.125, 8.5, 4.25, 8.6875], "texture": "#0"},
				"east": {"uv": [5.9375, 8.5, 6.0625, 8.6875], "texture": "#0"},
				"south": {"uv": [6.0625, 8.5, 6.1875, 8.6875], "texture": "#0"},
				"west": {"uv": [7.125, 8.5, 7.25, 8.6875], "texture": "#0"},
				"up": {"uv": [8.6875, 5.875, 8.5625, 5.75], "texture": "#0"},
				"down": {"uv": [8.6875, 6.1875, 8.5625, 6.3125], "texture": "#0"}
			}
		},
		{
			"from": [29.998, 0.6, 1.5],
			"to": [31.998, 4, 3.5],
			"rotation": {"angle": 22.5, "axis": "x", "origin": [29.998, 4, 1.5]},
			"faces": {
				"north": {"uv": [7.25, 8.5, 7.375, 8.6875], "texture": "#0"},
				"east": {"uv": [7.375, 8.5, 7.5, 8.6875], "texture": "#0"},
				"south": {"uv": [7.5, 8.5, 7.625, 8.6875], "texture": "#0"},
				"west": {"uv": [7.625, 8.5, 7.75, 8.6875], "texture": "#0"},
				"up": {"uv": [8.6875, 6.4375, 8.5625, 6.3125], "texture": "#0"},
				"down": {"uv": [8.6875, 6.5625, 8.5625, 6.6875], "texture": "#0"}
			}
		},
		{
			"from": [-16, -4, 0.6],
			"to": [32, -3, 15.4],
			"rotation": {"angle": 0, "axis": "y", "origin": [8, 8, 8]},
			"faces": {
				"north": {"uv": [6, 3.75, 9, 3.8125], "texture": "#0"},
				"east": {"uv": [7.1875, 3.5, 8.125, 3.5625], "texture": "#0"},
				"south": {"uv": [6, 3.8125, 9, 3.875], "texture": "#0"},
				"west": {"uv": [7.375, 3.875, 8.3125, 3.9375], "texture": "#0"},
				"up": {"uv": [3, 3.6875, 0, 2.75], "texture": "#0"},
				"down": {"uv": [6, 3, 3, 3.9375], "texture": "#0"}
			}
		}
	],
	"display": {
		"thirdperson_righthand": {
			"rotation": [68, 0, 0],
			"translation": [2, -10.5, 15.25],
			"scale": [1.31, 1.4, 1.19]
		},
		"gui": {
			"rotation": [26, 50, 0],
			"translation": [0, 1, 0],
			"scale": [0.3, 0.3, 0.3]
		},
		"head": {
			"translation": [0, -21, 0],
			"scale": [1.97, 1.97, 1.97]
		}
	}
}