{
	"credit": "Made with Blockbench",
	"texture_size": [256, 256],
	"textures": {
		"0": "rides/ts/topside",
		"particle": "rides/ts/topside"
	},
	"elements": [
		{
			"from": [-14, -2, 1.5],
			"to": [-6, 10.5, 14.5],
			"rotation": {"angle": 0, "axis": "y", "origin": [8, 8, 8]},
			"faces": {
				"north": {"uv": [2.5625, 6.0625, 3.0625, 6.875], "texture": "#0"},
				"east": {"uv": [5.75, 2.75, 6.5625, 3.5625], "texture": "#0"},
				"south": {"uv": [3.0625, 6.0625, 3.5625, 6.875], "texture": "#0"},
				"west": {"uv": [0, 6.0625, 0.8125, 6.875], "texture": "#0"},
				"up": {"uv": [4.0625, 6.875, 3.5625, 6.0625], "texture": "#0"},
				"down": {"uv": [4.5625, 6.0625, 4.0625, 6.875], "texture": "#0"}
			}
		},
		{
			"from": [-14, -2.55, 1.5],
			"to": [-6, 10.5, 6.5],
			"rotation": {"angle": 22.5, "axis": "x", "origin": [-14, 10.5, 1.5]},
			"faces": {
				"north": {"uv": [4.5625, 6.0625, 5.0625, 6.875], "texture": "#0"},
				"east": {"uv": [0.8125, 6.6875, 1.125, 7.5], "texture": "#0"},
				"south": {"uv": [5.0625, 6.0625, 5.5625, 6.875], "texture": "#0"},
				"west": {"uv": [1.125, 6.6875, 1.4375, 7.5], "texture": "#0"},
				"up": {"uv": [5.125, 7.1875, 4.625, 6.875], "texture": "#0"},
				"down": {"uv": [5.625, 6.875, 5.125, 7.1875], "texture": "#0"}
			}
		},
		{
			"from": [-14, -4.4875, 9.875],
			"to": [-6, 8.5625, 14.875],
			"rotation": {"angle": -22.5, "axis": "x", "origin": [-14, 8.5625, 9.875]},
			"faces": {
				"north": {"uv": [6.25, 6.25, 6.75, 7.0625], "texture": "#0"},
				"east": {"uv": [1.4375, 6.6875, 1.75, 7.5], "texture": "#0"},
				"south": {"uv": [6.25, 0, 6.75, 0.8125], "texture": "#0"},
				"west": {"uv": [1.75, 6.6875, 2.0625, 7.5], "texture": "#0"},
				"up": {"uv": [2.5625, 7.375, 2.0625, 7.0625], "texture": "#0"},
				"down": {"uv": [6.75, 7.0625, 6.25, 7.375], "texture": "#0"}
			}
		},
		{
			"from": [-14, -3, -3.5],
			"to": [-6, -1.55, 19.5],
			"rotation": {"angle": 0, "axis": "y", "origin": [8, 8, 8]},
			"faces": {
				"north": {"uv": [5.75, 5.6875, 6.25, 5.75], "texture": "#0"},
				"east": {"uv": [0, 4.375, 1.4375, 4.4375], "texture": "#0"},
				"south": {"uv": [7.0625, 3.1875, 7.5625, 3.25], "texture": "#0"},
				"west": {"uv": [6.5625, 3.5, 8, 3.5625], "texture": "#0"},
				"up": {"uv": [6.25, 7.1875, 5.75, 5.75], "texture": "#0"},
				"down": {"uv": [6.25, 0, 5.75, 1.4375], "texture": "#0"}
			}
		},
		{
			"from": [-14, 10.5, 3.5],
			"to": [-10, 15.5, 12.5],
			"rotation": {"angle": 0, "axis": "y", "origin": [8, 8, 8]},
			"faces": {
				"north": {"uv": [2.375, 8.0625, 2.625, 8.375], "texture": "#0"},
				"east": {"uv": [6.75, 6.4375, 7.3125, 6.75], "texture": "#0"},
				"south": {"uv": [4.5625, 8.0625, 4.8125, 8.375], "texture": "#0"},
				"west": {"uv": [4.0625, 6.875, 4.625, 7.1875], "texture": "#0"},
				"up": {"uv": [4.3125, 8.0625, 4.0625, 7.5], "texture": "#0"},
				"down": {"uv": [4.5625, 7.5, 4.3125, 8.0625], "texture": "#0"}
			}
		},
		{
			"from": [-12.8125, 14.75, 5.5],
			"to": [-11.8125, 19.75, 10.5],
			"rotation": {"angle": 22.5, "axis": "z", "origin": [-12.8125, 19.75, 5.5]},
			"faces": {
				"north": {"uv": [2.5625, 8.375, 2.625, 8.6875], "texture": "#0"},
				"east": {"uv": [3.75, 7.5625, 4.0625, 7.875], "texture": "#0"},
				"south": {"uv": [8.1875, 8.75, 8.25, 9.0625], "texture": "#0"},
				"west": {"uv": [7.5625, 6.1875, 7.875, 6.5], "texture": "#0"},
				"up": {"uv": [8.3125, 9.0625, 8.25, 8.75], "texture": "#0"},
				"down": {"uv": [8.375, 8.75, 8.3125, 9.0625], "texture": "#0"}
			}
		},
		{
			"from": [-12, 15.5, 5.5],
			"to": [-11, 18, 10.5],
			"rotation": {"angle": 0, "axis": "y", "origin": [8, 8, 8]},
			"faces": {
				"north": {"uv": [5.5625, 6.6875, 5.625, 6.875], "texture": "#0"},
				"east": {"uv": [2, 8.25, 2.3125, 8.4375], "texture": "#0"},
				"south": {"uv": [7.25, 6.75, 7.3125, 6.9375], "texture": "#0"},
				"west": {"uv": [6.0625, 8.25, 6.375, 8.4375], "texture": "#0"},
				"up": {"uv": [8.4375, 9.0625, 8.375, 8.75], "texture": "#0"},
				"down": {"uv": [8.5, 8.75, 8.4375, 9.0625], "texture": "#0"}
			}
		},
		{
			"from": [10, -2, -3.5],
			"to": [18, -1, 1.5],
			"rotation": {"angle": 0, "axis": "y", "origin": [8, 8, 8]},
			"faces": {
				"north": {"uv": [8.0625, 6.375, 8.5625, 6.4375], "texture": "#0"},
				"east": {"uv": [8.5, 8.75, 8.8125, 8.8125], "texture": "#0"},
				"south": {"uv": [8.3125, 5.0625, 8.8125, 5.125], "texture": "#0"},
				"west": {"uv": [8.75, 0, 9.0625, 0.0625], "texture": "#0"},
				"up": {"uv": [7.5625, 3.1875, 7.0625, 2.875], "texture": "#0"},
				"down": {"uv": [7.25, 7.125, 6.75, 7.4375], "texture": "#0"}
			}
		},
		{
			"from": [-2, -2, -3.5],
			"to": [6, -1, 1.5],
			"rotation": {"angle": 0, "axis": "y", "origin": [8, 8, 8]},
			"faces": {
				"north": {"uv": [8.3125, 6.125, 8.8125, 6.1875], "texture": "#0"},
				"east": {"uv": [8.75, 0.0625, 9.0625, 0.125], "texture": "#0"},
				"south": {"uv": [8.3125, 6.1875, 8.8125, 6.25], "texture": "#0"},
				"west": {"uv": [8.75, 0.125, 9.0625, 0.1875], "texture": "#0"},
				"up": {"uv": [4.5625, 7.5, 4.0625, 7.1875], "texture": "#0"},
				"down": {"uv": [5.0625, 7.1875, 4.5625, 7.5], "texture": "#0"}
			}
		},
		{
			"from": [-2, -0.5, 3],
			"to": [6, 2, 4],
			"rotation": {"angle": 22.5, "axis": "x", "origin": [6, 2, 3]},
			"faces": {
				"north": {"uv": [7.5625, 6.5, 8.0625, 6.6875], "texture": "#0"},
				"east": {"uv": [7.4375, 1.125, 7.5, 1.3125], "texture": "#0"},
				"south": {"uv": [7.5625, 6.6875, 8.0625, 6.875], "texture": "#0"},
				"west": {"uv": [6.375, 8.25, 6.4375, 8.4375], "texture": "#0"},
				"up": {"uv": [8.8125, 7.75, 8.3125, 7.6875], "texture": "#0"},
				"down": {"uv": [8.9375, 8.4375, 8.4375, 8.5], "texture": "#0"}
			}
		},
		{
			"from": [0.5, 9, 4],
			"to": [3.5, 10.5, 4.5],
			"rotation": {"angle": 0, "axis": "y", "origin": [8, 8, 8]},
			"faces": {
				"north": {"uv": [2.5625, 8.6875, 2.75, 8.8125], "texture": "#0"},
				"east": {"uv": [2.8125, 3.6875, 2.875, 3.8125], "texture": "#0"},
				"south": {"uv": [4.375, 8.6875, 4.5625, 8.8125], "texture": "#0"},
				"west": {"uv": [7.25, 6.3125, 7.3125, 6.4375], "texture": "#0"},
				"up": {"uv": [6.75, 7.4375, 6.5625, 7.375], "texture": "#0"},
				"down": {"uv": [7.75, 6.875, 7.5625, 6.9375], "texture": "#0"}
			}
		},
		{
			"from": [0.5, 9, 11.55],
			"to": [3.5, 10.5, 12.05],
			"rotation": {"angle": 0, "axis": "y", "origin": [8, 8, 8.05]},
			"faces": {
				"north": {"uv": [4.5625, 8.6875, 4.75, 8.8125], "texture": "#0"},
				"east": {"uv": [7.5, 6.1875, 7.5625, 6.3125], "texture": "#0"},
				"south": {"uv": [4.75, 8.6875, 4.9375, 8.8125], "texture": "#0"},
				"west": {"uv": [3.6875, 7.75, 3.75, 7.875], "texture": "#0"},
				"up": {"uv": [2.5625, 8.0625, 2.375, 8], "texture": "#0"},
				"down": {"uv": [8.25, 6.8125, 8.0625, 6.875], "texture": "#0"}
			}
		},
		{
			"from": [3.46927, 6.69552, 3.001],
			"to": [4.46927, 10.39552, 4.001],
			"rotation": {"angle": 22.5, "axis": "z", "origin": [4.46927, 10.69552, 3.001]},
			"faces": {
				"north": {"uv": [0.75, 7.25, 0.8125, 7.5], "texture": "#0"},
				"east": {"uv": [7.75, 7.125, 7.8125, 7.375], "texture": "#0"},
				"south": {"uv": [8.75, 0.6875, 8.8125, 0.9375], "texture": "#0"},
				"west": {"uv": [8.75, 0.9375, 8.8125, 1.1875], "texture": "#0"},
				"up": {"uv": [5.75, 2.8125, 5.6875, 2.75], "texture": "#0"},
				"down": {"uv": [5.75, 5.5, 5.6875, 5.5625], "texture": "#0"}
			}
		},
		{
			"from": [-2, -2.375, -4.375],
			"to": [6, -1.375, -3.375],
			"rotation": {"angle": -22.5, "axis": "x", "origin": [6, -1.375, -4.375]},
			"faces": {
				"north": {"uv": [8.4375, 4.3125, 8.9375, 4.375], "texture": "#0"},
				"east": {"uv": [7.6875, 1.3125, 7.75, 1.375], "texture": "#0"},
				"south": {"uv": [8.4375, 4.375, 8.9375, 4.4375], "texture": "#0"},
				"west": {"uv": [7.75, 6.875, 7.8125, 6.9375], "texture": "#0"},
				"up": {"uv": [8.9375, 4.5, 8.4375, 4.4375], "texture": "#0"},
				"down": {"uv": [8.9375, 4.5, 8.4375, 4.5625], "texture": "#0"}
			}
		},
		{
			"from": [-2, 1.5, 3],
			"to": [6, 7, 4],
			"rotation": {"angle": 0, "axis": "y", "origin": [8, 8, 8]},
			"faces": {
				"north": {"uv": [6.5625, 2.875, 7.0625, 3.25], "texture": "#0"},
				"east": {"uv": [0.75, 6.875, 0.8125, 7.25], "texture": "#0"},
				"south": {"uv": [2.0625, 6.6875, 2.5625, 7.0625], "texture": "#0"},
				"west": {"uv": [2, 7.5, 2.0625, 7.875], "texture": "#0"},
				"up": {"uv": [8.9375, 4.625, 8.4375, 4.5625], "texture": "#0"},
				"down": {"uv": [8.9375, 4.625, 8.4375, 4.6875], "texture": "#0"}
			}
		},
		{
			"from": [10, -1.8125, 2.3125],
			"to": [18, 0.1875, 3.3125],
			"rotation": {"angle": 45, "axis": "x", "origin": [18, 0.1875, 2.3125]},
			"faces": {
				"north": {"uv": [7.25, 7.125, 7.75, 7.25], "texture": "#0"},
				"east": {"uv": [2, 7.875, 2.0625, 8], "texture": "#0"},
				"south": {"uv": [8.125, 1.25, 8.625, 1.375], "texture": "#0"},
				"west": {"uv": [2.75, 8.0625, 2.8125, 8.1875], "texture": "#0"},
				"up": {"uv": [8.9375, 4.75, 8.4375, 4.6875], "texture": "#0"},
				"down": {"uv": [8.9375, 4.75, 8.4375, 4.8125], "texture": "#0"}
			}
		},
		{
			"from": [10, -0.5, 3],
			"to": [18, 2, 4],
			"rotation": {"angle": 22.5, "axis": "x", "origin": [18, 2, 3]},
			"faces": {
				"north": {"uv": [3.1875, 7.75, 3.6875, 7.9375], "texture": "#0"},
				"east": {"uv": [8.875, 5.4375, 8.9375, 5.625], "texture": "#0"},
				"south": {"uv": [7.25, 7.75, 7.75, 7.9375], "texture": "#0"},
				"west": {"uv": [8.875, 5.625, 8.9375, 5.8125], "texture": "#0"},
				"up": {"uv": [8.9375, 4.875, 8.4375, 4.8125], "texture": "#0"},
				"down": {"uv": [8.9375, 5.125, 8.4375, 5.1875], "texture": "#0"}
			}
		},
		{
			"from": [10, 1.5, 3],
			"to": [18, 7, 4],
			"rotation": {"angle": 0, "axis": "y", "origin": [8, 8, 8]},
			"faces": {
				"north": {"uv": [6.75, 6.75, 7.25, 7.125], "texture": "#0"},
				"east": {"uv": [3.5, 8.1875, 3.5625, 8.5625], "texture": "#0"},
				"south": {"uv": [6.75, 0, 7.25, 0.375], "texture": "#0"},
				"west": {"uv": [6.4375, 8.625, 6.5, 9], "texture": "#0"},
				"up": {"uv": [8.9375, 5.25, 8.4375, 5.1875], "texture": "#0"},
				"down": {"uv": [8.9375, 5.25, 8.4375, 5.3125], "texture": "#0"}
			}
		},
		{
			"from": [11, 7, 3],
			"to": [17, 10.5, 4],
			"rotation": {"angle": 0, "axis": "y", "origin": [8, 8, 8]},
			"faces": {
				"north": {"uv": [7.75, 7.75, 8.125, 8], "texture": "#0"},
				"east": {"uv": [2.125, 8.8125, 2.1875, 9.0625], "texture": "#0"},
				"south": {"uv": [7.75, 0, 8.125, 0.25], "texture": "#0"},
				"west": {"uv": [2.1875, 8.8125, 2.25, 9.0625], "texture": "#0"},
				"up": {"uv": [7.5625, 8.25, 7.1875, 8.1875], "texture": "#0"},
				"down": {"uv": [8.9375, 6.0625, 8.5625, 6.125], "texture": "#0"}
			}
		},
		{
			"from": [15.46927, 6.69552, 3.001],
			"to": [16.46927, 10.39552, 4.001],
			"rotation": {"angle": 22.5, "axis": "z", "origin": [16.46927, 10.69552, 3.001]},
			"faces": {
				"north": {"uv": [2.25, 8.8125, 2.3125, 9.0625], "texture": "#0"},
				"east": {"uv": [2.3125, 8.8125, 2.375, 9.0625], "texture": "#0"},
				"south": {"uv": [2.4375, 8.8125, 2.5, 9.0625], "texture": "#0"},
				"west": {"uv": [2.5, 8.8125, 2.5625, 9.0625], "texture": "#0"},
				"up": {"uv": [7.6875, 8, 7.625, 7.9375], "texture": "#0"},
				"down": {"uv": [7.75, 7.9375, 7.6875, 8], "texture": "#0"}
			}
		},
		{
			"from": [11.45461, 6.31283, 12.001],
			"to": [12.45461, 10.01283, 13.001],
			"rotation": {"angle": -22.5, "axis": "z", "origin": [12.45461, 10.31283, 12.001]},
			"faces": {
				"north": {"uv": [2.5625, 8.8125, 2.625, 9.0625], "texture": "#0"},
				"east": {"uv": [2.625, 8.8125, 2.6875, 9.0625], "texture": "#0"},
				"south": {"uv": [2.6875, 8.8125, 2.75, 9.0625], "texture": "#0"},
				"west": {"uv": [4.375, 8.8125, 4.4375, 9.0625], "texture": "#0"},
				"up": {"uv": [7.625, 8.25, 7.5625, 8.1875], "texture": "#0"},
				"down": {"uv": [8, 8.25, 7.9375, 8.3125], "texture": "#0"}
			}
		},
		{
			"from": [12.5, 9, 4],
			"to": [15.5, 10.5, 4.5],
			"rotation": {"angle": 0, "axis": "y", "origin": [8, 8, 8]},
			"faces": {
				"north": {"uv": [5.9375, 8.6875, 6.125, 8.8125], "texture": "#0"},
				"east": {"uv": [7.1875, 8.0625, 7.25, 8.1875], "texture": "#0"},
				"south": {"uv": [6.125, 8.6875, 6.3125, 8.8125], "texture": "#0"},
				"west": {"uv": [2.3125, 8.25, 2.375, 8.375], "texture": "#0"},
				"up": {"uv": [7.875, 8.5, 7.6875, 8.4375], "texture": "#0"},
				"down": {"uv": [9, 5.0625, 8.8125, 5.125], "texture": "#0"}
			}
		},
		{
			"from": [12.5, 9, 11.55],
			"to": [15.5, 10.5, 12.05],
			"rotation": {"angle": 0, "axis": "y", "origin": [8, 8, 8.05]},
			"faces": {
				"north": {"uv": [6.5, 8.6875, 6.6875, 8.8125], "texture": "#0"},
				"east": {"uv": [4.625, 8.5625, 4.6875, 8.6875], "texture": "#0"},
				"south": {"uv": [6.6875, 8.6875, 6.875, 8.8125], "texture": "#0"},
				"west": {"uv": [8.75, 7.375, 8.8125, 7.5], "texture": "#0"},
				"up": {"uv": [9, 7.75, 8.8125, 7.6875], "texture": "#0"},
				"down": {"uv": [9, 8.75, 8.8125, 8.8125], "texture": "#0"}
			}
		},
		{
			"from": [-13.5, 0.5, 4],
			"to": [31.5, 9, 12],
			"rotation": {"angle": 0, "axis": "y", "origin": [8, 8, 8]},
			"faces": {
				"north": {"uv": [2.875, 4.4375, 5.6875, 5], "texture": "#0"},
				"east": {"uv": [6.25, 0.8125, 6.75, 1.375], "texture": "#0"},
				"south": {"uv": [2.875, 5, 5.6875, 5.5625], "texture": "#0"},
				"west": {"uv": [6.25, 5.6875, 6.75, 6.25], "texture": "#0"},
				"up": {"uv": [8.5, 2.75, 5.6875, 2.25], "texture": "#0"},
				"down": {"uv": [8.5, 3.8125, 5.6875, 4.3125], "texture": "#0"}
			}
		},
		{
			"from": [10, -2.375, -4.375],
			"to": [18, -1.375, -3.375],
			"rotation": {"angle": -22.5, "axis": "x", "origin": [18, -1.375, -4.375]},
			"faces": {
				"north": {"uv": [8.4375, 8.3125, 8.9375, 8.375], "texture": "#0"},
				"east": {"uv": [8.25, 6.8125, 8.3125, 6.875], "texture": "#0"},
				"south": {"uv": [8.4375, 8.375, 8.9375, 8.4375], "texture": "#0"},
				"west": {"uv": [8.25, 7.5, 8.3125, 7.5625], "texture": "#0"},
				"up": {"uv": [3.25, 8.5625, 2.75, 8.5], "texture": "#0"},
				"down": {"uv": [8.1875, 8.5, 7.6875, 8.5625], "texture": "#0"}
			}
		},
		{
			"from": [-2, -1.8125, 2.3125],
			"to": [6, 0.1875, 3.3125],
			"rotation": {"angle": 45, "axis": "x", "origin": [6, 0.1875, 2.3125]},
			"faces": {
				"north": {"uv": [8.125, 2.875, 8.625, 3], "texture": "#0"},
				"east": {"uv": [0.75, 8.9375, 0.8125, 9.0625], "texture": "#0"},
				"south": {"uv": [8.125, 3, 8.625, 3.125], "texture": "#0"},
				"west": {"uv": [0.8125, 8.9375, 0.875, 9.0625], "texture": "#0"},
				"up": {"uv": [8.6875, 8.5625, 8.1875, 8.5], "texture": "#0"},
				"down": {"uv": [9, 2.25, 8.5, 2.3125], "texture": "#0"}
			}
		},
		{
			"from": [-1, 7, 3],
			"to": [5, 10.5, 4],
			"rotation": {"angle": 0, "axis": "y", "origin": [8, 8, 8]},
			"faces": {
				"north": {"uv": [7.75, 0.25, 8.125, 0.5], "texture": "#0"},
				"east": {"uv": [4.4375, 8.8125, 4.5, 9.0625], "texture": "#0"},
				"south": {"uv": [7.75, 0.5, 8.125, 0.75], "texture": "#0"},
				"west": {"uv": [4.5, 8.8125, 4.5625, 9.0625], "texture": "#0"},
				"up": {"uv": [8.9375, 6.4375, 8.5625, 6.375], "texture": "#0"},
				"down": {"uv": [8.9375, 7.625, 8.5625, 7.6875], "texture": "#0"}
			}
		},
		{
			"from": [22, -2, -3.5],
			"to": [30, -1, 1.5],
			"rotation": {"angle": 0, "axis": "y", "origin": [8, 8, 8]},
			"faces": {
				"north": {"uv": [8.5, 2.3125, 9, 2.375], "texture": "#0"},
				"east": {"uv": [8.75, 0.1875, 9.0625, 0.25], "texture": "#0"},
				"south": {"uv": [8.5, 2.375, 9, 2.4375], "texture": "#0"},
				"west": {"uv": [8.75, 0.25, 9.0625, 0.3125], "texture": "#0"},
				"up": {"uv": [5.5625, 7.5, 5.0625, 7.1875], "texture": "#0"},
				"down": {"uv": [6.0625, 7.1875, 5.5625, 7.5], "texture": "#0"}
			}
		},
		{
			"from": [22, -2.375, -4.375],
			"to": [30, -1.375, -3.375],
			"rotation": {"angle": -22.5, "axis": "x", "origin": [30, -1.375, -4.375]},
			"faces": {
				"north": {"uv": [8.5, 2.4375, 9, 2.5], "texture": "#0"},
				"east": {"uv": [7.875, 8.4375, 7.9375, 8.5], "texture": "#0"},
				"south": {"uv": [8.5, 2.5, 9, 2.5625], "texture": "#0"},
				"west": {"uv": [3.375, 8.5, 3.4375, 8.5625], "texture": "#0"},
				"up": {"uv": [9, 2.625, 8.5, 2.5625], "texture": "#0"},
				"down": {"uv": [9, 2.625, 8.5, 2.6875], "texture": "#0"}
			}
		},
		{
			"from": [22, -2.5, 12.8125],
			"to": [30, -0.5, 13.8125],
			"rotation": {"angle": -45, "axis": "x", "origin": [30, -0.5, 12.8125]},
			"faces": {
				"north": {"uv": [8.125, 3.125, 8.625, 3.25], "texture": "#0"},
				"east": {"uv": [0.875, 8.9375, 0.9375, 9.0625], "texture": "#0"},
				"south": {"uv": [8.125, 5.6875, 8.625, 5.8125], "texture": "#0"},
				"west": {"uv": [0.9375, 8.9375, 1, 9.0625], "texture": "#0"},
				"up": {"uv": [9, 2.75, 8.5, 2.6875], "texture": "#0"},
				"down": {"uv": [9, 3.8125, 8.5, 3.875], "texture": "#0"}
			}
		},
		{
			"from": [22, -0.5, 3],
			"to": [30, 2, 4],
			"rotation": {"angle": 22.5, "axis": "x", "origin": [30, 2, 3]},
			"faces": {
				"north": {"uv": [7.75, 0.75, 8.25, 0.9375], "texture": "#0"},
				"east": {"uv": [8.875, 6.5, 8.9375, 6.6875], "texture": "#0"},
				"south": {"uv": [7.75, 0.9375, 8.25, 1.125], "texture": "#0"},
				"west": {"uv": [8.875, 7.25, 8.9375, 7.4375], "texture": "#0"},
				"up": {"uv": [9, 3.9375, 8.5, 3.875], "texture": "#0"},
				"down": {"uv": [9, 3.9375, 8.5, 4], "texture": "#0"}
			}
		},
		{
			"from": [27.46927, 6.69552, 3.001],
			"to": [28.46927, 10.39552, 4.001],
			"rotation": {"angle": 22.5, "axis": "z", "origin": [28.46927, 10.69552, 3.001]},
			"faces": {
				"north": {"uv": [4.5625, 8.8125, 4.625, 9.0625], "texture": "#0"},
				"east": {"uv": [4.625, 8.8125, 4.6875, 9.0625], "texture": "#0"},
				"south": {"uv": [4.6875, 8.8125, 4.75, 9.0625], "texture": "#0"},
				"west": {"uv": [4.75, 8.8125, 4.8125, 9.0625], "texture": "#0"},
				"up": {"uv": [3.5, 8.5625, 3.4375, 8.5], "texture": "#0"},
				"down": {"uv": [8.625, 5.4375, 8.5625, 5.5], "texture": "#0"}
			}
		},
		{
			"from": [23, 7, 3],
			"to": [29, 10.5, 4],
			"rotation": {"angle": 0, "axis": "y", "origin": [8, 8, 8]},
			"faces": {
				"north": {"uv": [7.75, 1.125, 8.125, 1.375], "texture": "#0"},
				"east": {"uv": [4.8125, 8.8125, 4.875, 9.0625], "texture": "#0"},
				"south": {"uv": [7.75, 5.6875, 8.125, 5.9375], "texture": "#0"},
				"west": {"uv": [4.875, 8.8125, 4.9375, 9.0625], "texture": "#0"},
				"up": {"uv": [9, 1.75, 8.625, 1.6875], "texture": "#0"},
				"down": {"uv": [7.25, 8.6875, 6.875, 8.75], "texture": "#0"}
			}
		},
		{
			"from": [11.45461, 6.31283, 3.001],
			"to": [12.45461, 10.01283, 4.001],
			"rotation": {"angle": -22.5, "axis": "z", "origin": [12.45461, 10.31283, 3.001]},
			"faces": {
				"north": {"uv": [5.9375, 8.8125, 6, 9.0625], "texture": "#0"},
				"east": {"uv": [6, 8.8125, 6.0625, 9.0625], "texture": "#0"},
				"south": {"uv": [6.0625, 8.8125, 6.125, 9.0625], "texture": "#0"},
				"west": {"uv": [6.125, 8.8125, 6.1875, 9.0625], "texture": "#0"},
				"up": {"uv": [2.1875, 8.6875, 2.125, 8.625], "texture": "#0"},
				"down": {"uv": [6.5625, 8.625, 6.5, 8.6875], "texture": "#0"}
			}
		},
		{
			"from": [-0.54539, 6.31283, 3.001],
			"to": [0.45461, 10.01283, 4.001],
			"rotation": {"angle": -22.5, "axis": "z", "origin": [0.45461, 10.31283, 3.001]},
			"faces": {
				"north": {"uv": [6.1875, 8.8125, 6.25, 9.0625], "texture": "#0"},
				"east": {"uv": [6.25, 8.8125, 6.3125, 9.0625], "texture": "#0"},
				"south": {"uv": [6.5, 8.8125, 6.5625, 9.0625], "texture": "#0"},
				"west": {"uv": [6.5625, 8.8125, 6.625, 9.0625], "texture": "#0"},
				"up": {"uv": [8.8125, 1.25, 8.75, 1.1875], "texture": "#0"},
				"down": {"uv": [8.875, 1.1875, 8.8125, 1.25], "texture": "#0"}
			}
		},
		{
			"from": [22, 1.5, 3],
			"to": [30, 7, 4],
			"rotation": {"angle": 0, "axis": "y", "origin": [8, 8, 8]},
			"faces": {
				"north": {"uv": [6.75, 0.375, 7.25, 0.75], "texture": "#0"},
				"east": {"uv": [2.375, 8.6875, 2.4375, 9.0625], "texture": "#0"},
				"south": {"uv": [6.75, 0.75, 7.25, 1.125], "texture": "#0"},
				"west": {"uv": [3.25, 8.6875, 3.3125, 9.0625], "texture": "#0"},
				"up": {"uv": [9, 4.0625, 8.5, 4], "texture": "#0"},
				"down": {"uv": [9, 4.0625, 8.5, 4.125], "texture": "#0"}
			}
		},
		{
			"from": [24.5, 9, 4],
			"to": [27.5, 10.5, 4.5],
			"rotation": {"angle": 0, "axis": "y", "origin": [8, 8, 8]},
			"faces": {
				"north": {"uv": [7.25, 8.6875, 7.4375, 8.8125], "texture": "#0"},
				"east": {"uv": [1, 8.9375, 1.0625, 9.0625], "texture": "#0"},
				"south": {"uv": [7.4375, 8.6875, 7.625, 8.8125], "texture": "#0"},
				"west": {"uv": [1.0625, 8.9375, 1.125, 9.0625], "texture": "#0"},
				"up": {"uv": [9.0625, 1.375, 8.875, 1.3125], "texture": "#0"},
				"down": {"uv": [9.0625, 3.6875, 8.875, 3.75], "texture": "#0"}
			}
		},
		{
			"from": [22, -2, 14.5],
			"to": [30, -1, 19.5],
			"rotation": {"angle": 0, "axis": "y", "origin": [8, 8, 8]},
			"faces": {
				"north": {"uv": [8.5, 4.125, 9, 4.1875], "texture": "#0"},
				"east": {"uv": [8.75, 0.3125, 9.0625, 0.375], "texture": "#0"},
				"south": {"uv": [8.5, 4.1875, 9, 4.25], "texture": "#0"},
				"west": {"uv": [8.75, 0.375, 9.0625, 0.4375], "texture": "#0"},
				"up": {"uv": [0.5, 7.5625, 0, 7.25], "texture": "#0"},
				"down": {"uv": [3.0625, 7.25, 2.5625, 7.5625], "texture": "#0"}
			}
		},
		{
			"from": [22, -2, 19.5],
			"to": [30, -1, 20.5],
			"rotation": {"angle": 22.5, "axis": "x", "origin": [25.5, -1, 19.5]},
			"faces": {
				"north": {"uv": [8.5, 4.25, 9, 4.3125], "texture": "#0"},
				"east": {"uv": [8.875, 5.875, 8.9375, 5.9375], "texture": "#0"},
				"south": {"uv": [8.5, 6.875, 9, 6.9375], "texture": "#0"},
				"west": {"uv": [8.875, 6.6875, 8.9375, 6.75], "texture": "#0"},
				"up": {"uv": [9, 7, 8.5, 6.9375], "texture": "#0"},
				"down": {"uv": [9, 7, 8.5, 7.0625], "texture": "#0"}
			}
		},
		{
			"from": [22, 1.5, 12],
			"to": [30, 7, 13],
			"rotation": {"angle": 0, "axis": "y", "origin": [8, 8, 8]},
			"faces": {
				"north": {"uv": [6.75, 5.6875, 7.25, 6.0625], "texture": "#0"},
				"east": {"uv": [3.3125, 8.6875, 3.375, 9.0625], "texture": "#0"},
				"south": {"uv": [6.75, 6.0625, 7.25, 6.4375], "texture": "#0"},
				"west": {"uv": [6.3125, 8.6875, 6.375, 9.0625], "texture": "#0"},
				"up": {"uv": [9, 7.125, 8.5, 7.0625], "texture": "#0"},
				"down": {"uv": [9, 7.125, 8.5, 7.1875], "texture": "#0"}
			}
		},
		{
			"from": [-2, -1.8125, 2.25],
			"to": [6, 0.1875, 3.25],
			"rotation": {"angle": 45, "axis": "x", "origin": [6, 0.1875, 2.25]},
			"faces": {
				"north": {"uv": [8.125, 5.8125, 8.625, 5.9375], "texture": "#0"},
				"east": {"uv": [1.125, 8.9375, 1.1875, 9.0625], "texture": "#0"},
				"south": {"uv": [8.125, 7.75, 8.625, 7.875], "texture": "#0"},
				"west": {"uv": [1.1875, 8.9375, 1.25, 9.0625], "texture": "#0"},
				"up": {"uv": [9, 7.25, 8.5, 7.1875], "texture": "#0"},
				"down": {"uv": [9, 8, 8.5, 8.0625], "texture": "#0"}
			}
		},
		{
			"from": [-14, -13.5, 1],
			"to": [32, -4, 15],
			"rotation": {"angle": 0, "axis": "y", "origin": [8, 8, 8]},
			"faces": {
				"north": {"uv": [2.8125, 3.8125, 5.6875, 4.4375], "texture": "#0"},
				"east": {"uv": [0.8125, 6.0625, 1.6875, 6.6875], "texture": "#0"},
				"south": {"uv": [0, 4.4375, 2.875, 5.0625], "texture": "#0"},
				"west": {"uv": [1.6875, 6.0625, 2.5625, 6.6875], "texture": "#0"},
				"up": {"uv": [5.75, 0.875, 2.875, 0], "texture": "#0"},
				"down": {"uv": [5.75, 0.875, 2.875, 1.75], "texture": "#0"}
			}
		},
		{
			"from": [-14, -11, -2],
			"to": [32, -3, 0.5],
			"rotation": {"angle": -22.5, "axis": "x", "origin": [32, -3, -2]},
			"faces": {
				"north": {"uv": [0, 5.0625, 2.875, 5.5625], "texture": "#0"},
				"east": {"uv": [7.8125, 6.875, 8, 7.375], "texture": "#0"},
				"south": {"uv": [0, 5.5625, 2.875, 6.0625], "texture": "#0"},
				"west": {"uv": [3.6875, 7.875, 3.875, 8.375], "texture": "#0"},
				"up": {"uv": [8.5625, 5.5, 5.6875, 5.3125], "texture": "#0"},
				"down": {"uv": [8.625, 1.4375, 5.75, 1.625], "texture": "#0"}
			}
		},
		{
			"from": [-14, -3, -3],
			"to": [32, -2, 19],
			"rotation": {"angle": 0, "axis": "y", "origin": [8, 8, 8]},
			"faces": {
				"north": {"uv": [2.875, 2.8125, 5.75, 2.875], "texture": "#0"},
				"east": {"uv": [1.4375, 4.375, 2.8125, 4.4375], "texture": "#0"},
				"south": {"uv": [5.75, 3.75, 8.625, 3.8125], "texture": "#0"},
				"west": {"uv": [7.875, 6.4375, 9.25, 6.5], "texture": "#0"},
				"up": {"uv": [2.875, 1.375, 0, 0], "texture": "#0"},
				"down": {"uv": [2.875, 1.375, 0, 2.75], "texture": "#0"}
			}
		},
		{
			"from": [-14, -10.0625, 15.6875],
			"to": [32, -2.0625, 18.1875],
			"rotation": {"angle": 22.5, "axis": "x", "origin": [32, -2.0625, 15.6875]},
			"faces": {
				"north": {"uv": [2.875, 5.5625, 5.75, 6.0625], "texture": "#0"},
				"east": {"uv": [3.875, 7.875, 4.0625, 8.375], "texture": "#0"},
				"south": {"uv": [5.6875, 1.75, 8.5625, 2.25], "texture": "#0"},
				"west": {"uv": [7.875, 5.9375, 8.0625, 6.4375], "texture": "#0"},
				"up": {"uv": [8.625, 3.75, 5.75, 3.5625], "texture": "#0"},
				"down": {"uv": [8.625, 5.5, 5.75, 5.6875], "texture": "#0"}
			}
		},
		{
			"from": [22, -0.875, 12.0625],
			"to": [30, 1.625, 13.0625],
			"rotation": {"angle": -22.5, "axis": "x", "origin": [30, 1.625, 12.0625]},
			"faces": {
				"north": {"uv": [7.75, 7.375, 8.25, 7.5625], "texture": "#0"},
				"east": {"uv": [8.875, 7.4375, 8.9375, 7.625], "texture": "#0"},
				"south": {"uv": [7.8125, 3.3125, 8.3125, 3.5], "texture": "#0"},
				"west": {"uv": [8.875, 7.75, 8.9375, 7.9375], "texture": "#0"},
				"up": {"uv": [9, 8.125, 8.5, 8.0625], "texture": "#0"},
				"down": {"uv": [9, 8.125, 8.5, 8.1875], "texture": "#0"}
			}
		},
		{
			"from": [22, -1.8125, 2.1875],
			"to": [30, 0.1875, 3.1875],
			"rotation": {"angle": 45, "axis": "x", "origin": [30, 0.1875, 2.1875]},
			"faces": {
				"north": {"uv": [8.125, 7.875, 8.625, 8], "texture": "#0"},
				"east": {"uv": [1.25, 8.9375, 1.3125, 9.0625], "texture": "#0"},
				"south": {"uv": [2.75, 8.1875, 3.25, 8.3125], "texture": "#0"},
				"west": {"uv": [1.3125, 8.9375, 1.375, 9.0625], "texture": "#0"},
				"up": {"uv": [9, 8.25, 8.5, 8.1875], "texture": "#0"},
				"down": {"uv": [9, 8.25, 8.5, 8.3125], "texture": "#0"}
			}
		},
		{
			"from": [-13.5, -2, 2.5],
			"to": [31.5, 0.5, 13.5],
			"rotation": {"angle": 0, "axis": "y", "origin": [8, 8, 8]},
			"faces": {
				"north": {"uv": [2.875, 2.4375, 5.6875, 2.625], "texture": "#0"},
				"east": {"uv": [6.5625, 3.3125, 7.25, 3.5], "texture": "#0"},
				"south": {"uv": [2.875, 2.625, 5.6875, 2.8125], "texture": "#0"},
				"west": {"uv": [6.75, 1.125, 7.4375, 1.3125], "texture": "#0"},
				"up": {"uv": [5.6875, 2.4375, 2.875, 1.75], "texture": "#0"},
				"down": {"uv": [2.8125, 3.6875, 0, 4.375], "texture": "#0"}
			}
		},
		{
			"from": [27.46927, 6.69552, 12.001],
			"to": [28.46927, 10.39552, 13.001],
			"rotation": {"angle": 22.5, "axis": "z", "origin": [28.46927, 10.69552, 12.001]},
			"faces": {
				"north": {"uv": [6.625, 8.8125, 6.6875, 9.0625], "texture": "#0"},
				"east": {"uv": [6.6875, 8.8125, 6.75, 9.0625], "texture": "#0"},
				"south": {"uv": [6.75, 8.8125, 6.8125, 9.0625], "texture": "#0"},
				"west": {"uv": [6.8125, 8.8125, 6.875, 9.0625], "texture": "#0"},
				"up": {"uv": [8.9375, 8, 8.875, 7.9375], "texture": "#0"},
				"down": {"uv": [8.9375, 8.8125, 8.875, 8.875], "texture": "#0"}
			}
		},
		{
			"from": [23.45461, 6.31283, 3.001],
			"to": [24.45461, 10.01283, 4.001],
			"rotation": {"angle": -22.5, "axis": "z", "origin": [24.45461, 10.31283, 3.001]},
			"faces": {
				"north": {"uv": [7.25, 8.8125, 7.3125, 9.0625], "texture": "#0"},
				"east": {"uv": [7.3125, 8.8125, 7.375, 9.0625], "texture": "#0"},
				"south": {"uv": [7.375, 8.8125, 7.4375, 9.0625], "texture": "#0"},
				"west": {"uv": [7.4375, 8.8125, 7.5, 9.0625], "texture": "#0"},
				"up": {"uv": [1.8125, 9, 1.75, 8.9375], "texture": "#0"},
				"down": {"uv": [1.875, 8.9375, 1.8125, 9], "texture": "#0"}
			}
		},
		{
			"from": [23, 7, 12],
			"to": [29, 10.5, 13],
			"rotation": {"angle": 0, "axis": "y", "origin": [8, 8, 8]},
			"faces": {
				"north": {"uv": [3.1875, 7.9375, 3.5625, 8.1875], "texture": "#0"},
				"east": {"uv": [7.5, 8.8125, 7.5625, 9.0625], "texture": "#0"},
				"south": {"uv": [7.25, 7.9375, 7.625, 8.1875], "texture": "#0"},
				"west": {"uv": [7.5625, 8.8125, 7.625, 9.0625], "texture": "#0"},
				"up": {"uv": [9.0625, 8.75, 8.6875, 8.6875], "texture": "#0"},
				"down": {"uv": [9.0625, 6.25, 8.6875, 6.3125], "texture": "#0"}
			}
		},
		{
			"from": [10, -2, 14.5],
			"to": [18, -1, 19.5],
			"rotation": {"angle": 0, "axis": "y", "origin": [8, 8, 8]},
			"faces": {
				"north": {"uv": [0, 8.5625, 0.5, 8.625], "texture": "#0"},
				"east": {"uv": [8.75, 0.4375, 9.0625, 0.5], "texture": "#0"},
				"south": {"uv": [2.75, 8.5625, 3.25, 8.625], "texture": "#0"},
				"west": {"uv": [8.75, 0.5, 9.0625, 0.5625], "texture": "#0"},
				"up": {"uv": [3.5625, 7.5625, 3.0625, 7.25], "texture": "#0"},
				"down": {"uv": [4.0625, 7.25, 3.5625, 7.5625], "texture": "#0"}
			}
		},
		{
			"from": [-2, -2, 14.5],
			"to": [6, -1, 19.5],
			"rotation": {"angle": 0, "axis": "y", "origin": [8, 8, 8]},
			"faces": {
				"north": {"uv": [3.375, 8.5625, 3.875, 8.625], "texture": "#0"},
				"east": {"uv": [8.75, 0.5625, 9.0625, 0.625], "texture": "#0"},
				"south": {"uv": [3.875, 8.5625, 4.375, 8.625], "texture": "#0"},
				"west": {"uv": [8.75, 0.625, 9.0625, 0.6875], "texture": "#0"},
				"up": {"uv": [7.75, 7.5625, 7.25, 7.25], "texture": "#0"},
				"down": {"uv": [7.75, 0, 7.25, 0.3125], "texture": "#0"}
			}
		},
		{
			"from": [10, -2, 19.5],
			"to": [18, -1, 20.5],
			"rotation": {"angle": 22.5, "axis": "x", "origin": [13.5, -1, 19.5]},
			"faces": {
				"north": {"uv": [4.9375, 8.5625, 5.4375, 8.625], "texture": "#0"},
				"east": {"uv": [1.875, 8.9375, 1.9375, 9], "texture": "#0"},
				"south": {"uv": [5.4375, 8.5625, 5.9375, 8.625], "texture": "#0"},
				"west": {"uv": [1.9375, 8.9375, 2, 9], "texture": "#0"},
				"up": {"uv": [8.1875, 8.625, 7.6875, 8.5625], "texture": "#0"},
				"down": {"uv": [8.6875, 8.5625, 8.1875, 8.625], "texture": "#0"}
			}
		},
		{
			"from": [-2, -2, 19.5],
			"to": [6, -1, 20.5],
			"rotation": {"angle": 22.5, "axis": "x", "origin": [1.5, -1, 19.5]},
			"faces": {
				"north": {"uv": [8.5625, 1.75, 9.0625, 1.8125], "texture": "#0"},
				"east": {"uv": [2.75, 8.9375, 2.8125, 9], "texture": "#0"},
				"south": {"uv": [8.5625, 1.8125, 9.0625, 1.875], "texture": "#0"},
				"west": {"uv": [2.8125, 8.9375, 2.875, 9], "texture": "#0"},
				"up": {"uv": [9.0625, 1.9375, 8.5625, 1.875], "texture": "#0"},
				"down": {"uv": [9.0625, 1.9375, 8.5625, 2], "texture": "#0"}
			}
		},
		{
			"from": [-2, -2.5, 12.8125],
			"to": [6, -0.5, 13.8125],
			"rotation": {"angle": -45, "axis": "x", "origin": [6, -0.5, 12.8125]},
			"faces": {
				"north": {"uv": [8, 8.1875, 8.5, 8.3125], "texture": "#0"},
				"east": {"uv": [1.375, 8.9375, 1.4375, 9.0625], "texture": "#0"},
				"south": {"uv": [0, 8.25, 0.5, 8.375], "texture": "#0"},
				"west": {"uv": [1.4375, 8.9375, 1.5, 9.0625], "texture": "#0"},
				"up": {"uv": [9.0625, 2.0625, 8.5625, 2], "texture": "#0"},
				"down": {"uv": [9.0625, 2.0625, 8.5625, 2.125], "texture": "#0"}
			}
		},
		{
			"from": [10, -2.5, 12.8125],
			"to": [18, -0.5, 13.8125],
			"rotation": {"angle": -45, "axis": "x", "origin": [18, -0.5, 12.8125]},
			"faces": {
				"north": {"uv": [4.0625, 8.25, 4.5625, 8.375], "texture": "#0"},
				"east": {"uv": [1.5, 8.9375, 1.5625, 9.0625], "texture": "#0"},
				"south": {"uv": [7.1875, 8.25, 7.6875, 8.375], "texture": "#0"},
				"west": {"uv": [1.5625, 8.9375, 1.625, 9.0625], "texture": "#0"},
				"up": {"uv": [9.0625, 2.1875, 8.5625, 2.125], "texture": "#0"},
				"down": {"uv": [9.0625, 2.1875, 8.5625, 2.25], "texture": "#0"}
			}
		},
		{
			"from": [10, -0.875, 12],
			"to": [18, 1.625, 13],
			"rotation": {"angle": -22.5, "axis": "x", "origin": [18, 1.625, 12]},
			"faces": {
				"north": {"uv": [7.8125, 7.5625, 8.3125, 7.75], "texture": "#0"},
				"east": {"uv": [0.5, 8.9375, 0.5625, 9.125], "texture": "#0"},
				"south": {"uv": [7.9375, 4.3125, 8.4375, 4.5], "texture": "#0"},
				"west": {"uv": [0.5625, 8.9375, 0.625, 9.125], "texture": "#0"},
				"up": {"uv": [9.0625, 3.375, 8.5625, 3.3125], "texture": "#0"},
				"down": {"uv": [9.0625, 3.375, 8.5625, 3.4375], "texture": "#0"}
			}
		},
		{
			"from": [-2, -0.875, 12],
			"to": [6, 1.625, 13],
			"rotation": {"angle": -22.5, "axis": "x", "origin": [6, 1.625, 12]},
			"faces": {
				"north": {"uv": [7.9375, 4.5, 8.4375, 4.6875], "texture": "#0"},
				"east": {"uv": [0.625, 8.9375, 0.6875, 9.125], "texture": "#0"},
				"south": {"uv": [7.9375, 4.6875, 8.4375, 4.875], "texture": "#0"},
				"west": {"uv": [0.6875, 8.9375, 0.75, 9.125], "texture": "#0"},
				"up": {"uv": [9.0625, 3.5, 8.5625, 3.4375], "texture": "#0"},
				"down": {"uv": [9.0625, 4.875, 8.5625, 4.9375], "texture": "#0"}
			}
		},
		{
			"from": [10, 1.5, 12],
			"to": [18, 7, 13],
			"rotation": {"angle": 0, "axis": "y", "origin": [8, 8, 8]},
			"faces": {
				"north": {"uv": [0, 6.875, 0.5, 7.25], "texture": "#0"},
				"east": {"uv": [6.375, 8.6875, 6.4375, 9.0625], "texture": "#0"},
				"south": {"uv": [2.5625, 6.875, 3.0625, 7.25], "texture": "#0"},
				"west": {"uv": [7.625, 8.6875, 7.6875, 9.0625], "texture": "#0"},
				"up": {"uv": [9.0625, 5, 8.5625, 4.9375], "texture": "#0"},
				"down": {"uv": [9.0625, 5, 8.5625, 5.0625], "texture": "#0"}
			}
		},
		{
			"from": [-2, 1.5, 12],
			"to": [6, 7, 13],
			"rotation": {"angle": 0, "axis": "y", "origin": [8, 8, 8]},
			"faces": {
				"north": {"uv": [3.0625, 6.875, 3.5625, 7.25], "texture": "#0"},
				"east": {"uv": [0, 8.75, 0.0625, 9.125], "texture": "#0"},
				"south": {"uv": [3.5625, 6.875, 4.0625, 7.25], "texture": "#0"},
				"west": {"uv": [0.0625, 8.75, 0.125, 9.125], "texture": "#0"},
				"up": {"uv": [9.0625, 5.375, 8.5625, 5.3125], "texture": "#0"},
				"down": {"uv": [9.0625, 5.375, 8.5625, 5.4375], "texture": "#0"}
			}
		},
		{
			"from": [11, 7, 12],
			"to": [17, 10.5, 13],
			"rotation": {"angle": 0, "axis": "y", "origin": [8, 8, 8]},
			"faces": {
				"north": {"uv": [7.9375, 4.875, 8.3125, 5.125], "texture": "#0"},
				"east": {"uv": [8.5, 8.8125, 8.5625, 9.0625], "texture": "#0"},
				"south": {"uv": [2, 8, 2.375, 8.25], "texture": "#0"},
				"west": {"uv": [8.5625, 8.8125, 8.625, 9.0625], "texture": "#0"},
				"up": {"uv": [9.0625, 6.375, 8.6875, 6.3125], "texture": "#0"},
				"down": {"uv": [9.0625, 8.5, 8.6875, 8.5625], "texture": "#0"}
			}
		},
		{
			"from": [-1, 7, 12],
			"to": [5, 10.5, 13],
			"rotation": {"angle": 0, "axis": "y", "origin": [8, 8, 8]},
			"faces": {
				"north": {"uv": [6.0625, 8, 6.4375, 8.25], "texture": "#0"},
				"east": {"uv": [8.625, 8.8125, 8.6875, 9.0625], "texture": "#0"},
				"south": {"uv": [7.625, 8, 8, 8.25], "texture": "#0"},
				"west": {"uv": [8.6875, 8.8125, 8.75, 9.0625], "texture": "#0"},
				"up": {"uv": [9.0625, 8.625, 8.6875, 8.5625], "texture": "#0"},
				"down": {"uv": [9.0625, 8.625, 8.6875, 8.6875], "texture": "#0"}
			}
		},
		{
			"from": [23.45461, 6.31283, 12.001],
			"to": [24.45461, 10.01283, 13.001],
			"rotation": {"angle": -22.5, "axis": "z", "origin": [24.45461, 10.31283, 12.001]},
			"faces": {
				"north": {"uv": [8.75, 8.8125, 8.8125, 9.0625], "texture": "#0"},
				"east": {"uv": [8.8125, 8.8125, 8.875, 9.0625], "texture": "#0"},
				"south": {"uv": [8.8125, 0.6875, 8.875, 0.9375], "texture": "#0"},
				"west": {"uv": [8.8125, 0.9375, 8.875, 1.1875], "texture": "#0"},
				"up": {"uv": [2.9375, 9, 2.875, 8.9375], "texture": "#0"},
				"down": {"uv": [3, 8.9375, 2.9375, 9], "texture": "#0"}
			}
		},
		{
			"from": [-0.54539, 6.31283, 12.001],
			"to": [0.45461, 10.01283, 13.001],
			"rotation": {"angle": -22.5, "axis": "z", "origin": [0.45461, 10.31283, 12.001]},
			"faces": {
				"north": {"uv": [8.8125, 6.5, 8.875, 6.75], "texture": "#0"},
				"east": {"uv": [8.8125, 7.375, 8.875, 7.625], "texture": "#0"},
				"south": {"uv": [0.125, 8.875, 0.1875, 9.125], "texture": "#0"},
				"west": {"uv": [0.1875, 8.875, 0.25, 9.125], "texture": "#0"},
				"up": {"uv": [3.0625, 9, 3, 8.9375], "texture": "#0"},
				"down": {"uv": [3.125, 8.9375, 3.0625, 9], "texture": "#0"}
			}
		},
		{
			"from": [15.46927, 6.69552, 12.001],
			"to": [16.46927, 10.39552, 13.001],
			"rotation": {"angle": 22.5, "axis": "z", "origin": [16.46927, 10.69552, 12.001]},
			"faces": {
				"north": {"uv": [0.25, 8.875, 0.3125, 9.125], "texture": "#0"},
				"east": {"uv": [0.3125, 8.875, 0.375, 9.125], "texture": "#0"},
				"south": {"uv": [0.375, 8.875, 0.4375, 9.125], "texture": "#0"},
				"west": {"uv": [0.4375, 8.875, 0.5, 9.125], "texture": "#0"},
				"up": {"uv": [3.1875, 9, 3.125, 8.9375], "texture": "#0"},
				"down": {"uv": [3.25, 8.9375, 3.1875, 9], "texture": "#0"}
			}
		},
		{
			"from": [3.46927, 6.69552, 12.001],
			"to": [4.46927, 10.39552, 13.001],
			"rotation": {"angle": 22.5, "axis": "z", "origin": [4.46927, 10.69552, 12.001]},
			"faces": {
				"north": {"uv": [2, 8.875, 2.0625, 9.125], "texture": "#0"},
				"east": {"uv": [2.0625, 8.875, 2.125, 9.125], "texture": "#0"},
				"south": {"uv": [8.875, 8.875, 8.9375, 9.125], "texture": "#0"},
				"west": {"uv": [8.875, 0.6875, 8.9375, 0.9375], "texture": "#0"},
				"up": {"uv": [3.4375, 9, 3.375, 8.9375], "texture": "#0"},
				"down": {"uv": [3.5, 8.9375, 3.4375, 9], "texture": "#0"}
			}
		},
		{
			"from": [24.5, 9, 11.6875],
			"to": [27.5, 10.5, 12.1875],
			"rotation": {"angle": 0, "axis": "y", "origin": [8, 8, 8]},
			"faces": {
				"north": {"uv": [0.125, 8.75, 0.3125, 8.875], "texture": "#0"},
				"east": {"uv": [1.625, 8.9375, 1.6875, 9.0625], "texture": "#0"},
				"south": {"uv": [0.3125, 8.75, 0.5, 8.875], "texture": "#0"},
				"west": {"uv": [1.6875, 8.9375, 1.75, 9.0625], "texture": "#0"},
				"up": {"uv": [9.0625, 3.8125, 8.875, 3.75], "texture": "#0"},
				"down": {"uv": [9.0625, 5.8125, 8.875, 5.875], "texture": "#0"}
			}
		},
		{
			"from": [18, -2, 11.7],
			"to": [22, 1, 19.4],
			"rotation": {"angle": 0, "axis": "y", "origin": [8, 8, 8]},
			"faces": {
				"north": {"uv": [7.25, 0.9375, 7.5, 1.125], "texture": "#0"},
				"east": {"uv": [7.9375, 5.125, 8.4375, 5.3125], "texture": "#0"},
				"south": {"uv": [7.6875, 8.25, 7.9375, 8.4375], "texture": "#0"},
				"west": {"uv": [8, 8, 8.5, 8.1875], "texture": "#0"},
				"up": {"uv": [7.75, 0.8125, 7.5, 0.3125], "texture": "#0"},
				"down": {"uv": [7.75, 0.8125, 7.5, 1.3125], "texture": "#0"}
			}
		},
		{
			"from": [18.001, -3.05, 17.625],
			"to": [22.001, 0.25, 19.625],
			"rotation": {"angle": -22.5, "axis": "x", "origin": [22.001, 0.25, 17.625]},
			"faces": {
				"north": {"uv": [2.75, 8.3125, 3, 8.5], "texture": "#0"},
				"east": {"uv": [1.375, 8.4375, 1.5, 8.625], "texture": "#0"},
				"south": {"uv": [3, 8.3125, 3.25, 8.5], "texture": "#0"},
				"west": {"uv": [0.5, 8.75, 0.625, 8.9375], "texture": "#0"},
				"up": {"uv": [6.3125, 8.5625, 6.0625, 8.4375], "texture": "#0"},
				"down": {"uv": [2.4375, 8.5625, 2.1875, 8.6875], "texture": "#0"}
			}
		},
		{
			"from": [18.001, -0.05, 10.625],
			"to": [22.001, 5.25, 12.625],
			"rotation": {"angle": -22.5, "axis": "x", "origin": [22.001, 3.25, 10.625]},
			"faces": {
				"north": {"uv": [8.0625, 5.9375, 8.3125, 6.25], "texture": "#0"},
				"east": {"uv": [7.4375, 8.375, 7.5625, 8.6875], "texture": "#0"},
				"south": {"uv": [8.0625, 6.5, 8.3125, 6.8125], "texture": "#0"},
				"west": {"uv": [7.5625, 8.375, 7.6875, 8.6875], "texture": "#0"},
				"up": {"uv": [5.6875, 8.75, 5.4375, 8.625], "texture": "#0"},
				"down": {"uv": [5.9375, 8.625, 5.6875, 8.75], "texture": "#0"}
			}
		},
		{
			"from": [18, -2, -3.4],
			"to": [22, 1, 5.4],
			"rotation": {"angle": 0, "axis": "y", "origin": [8, 8, 8]},
			"faces": {
				"north": {"uv": [7.9375, 8.3125, 8.1875, 8.5], "texture": "#0"},
				"east": {"uv": [7.25, 3.3125, 7.8125, 3.5], "texture": "#0"},
				"south": {"uv": [8.1875, 8.3125, 8.4375, 8.5], "texture": "#0"},
				"west": {"uv": [7.25, 6.9375, 7.8125, 7.125], "texture": "#0"},
				"up": {"uv": [4.8125, 8.0625, 4.5625, 7.5], "texture": "#0"},
				"down": {"uv": [5.0625, 7.5, 4.8125, 8.0625], "texture": "#0"}
			}
		},
		{
			"from": [18.001, -2.4, -3.5],
			"to": [22.001, 1, -1.5],
			"rotation": {"angle": 22.5, "axis": "x", "origin": [22.001, 1, -3.5]},
			"faces": {
				"north": {"uv": [8.3125, 3.3125, 8.5625, 3.5], "texture": "#0"},
				"east": {"uv": [0.625, 8.75, 0.75, 8.9375], "texture": "#0"},
				"south": {"uv": [8.3125, 4.875, 8.5625, 5.0625], "texture": "#0"},
				"west": {"uv": [0.75, 8.75, 0.875, 8.9375], "texture": "#0"},
				"up": {"uv": [4.625, 8.6875, 4.375, 8.5625], "texture": "#0"},
				"down": {"uv": [6.3125, 8.5625, 6.0625, 8.6875], "texture": "#0"}
			}
		},
		{
			"from": [18.001, 0.6, 3.5],
			"to": [22.001, 6, 5.5],
			"rotation": {"angle": 22.5, "axis": "x", "origin": [22.001, 4, 3.5]},
			"faces": {
				"north": {"uv": [5.4375, 8.0625, 5.6875, 8.375], "texture": "#0"},
				"east": {"uv": [6.8125, 8.375, 6.9375, 8.6875], "texture": "#0"},
				"south": {"uv": [5.6875, 8.0625, 5.9375, 8.375], "texture": "#0"},
				"west": {"uv": [6.9375, 8.375, 7.0625, 8.6875], "texture": "#0"},
				"up": {"uv": [4.125, 8.75, 3.875, 8.625], "texture": "#0"},
				"down": {"uv": [4.375, 8.625, 4.125, 8.75], "texture": "#0"}
			}
		},
		{
			"from": [-6, 9, 4],
			"to": [30, 10.5, 12],
			"rotation": {"angle": 0, "axis": "y", "origin": [-4, 8, 8]},
			"faces": {
				"north": {"uv": [5.75, 1.625, 8, 1.75], "texture": "#0"},
				"east": {"uv": [8.25, 0.75, 8.75, 0.875], "texture": "#0"},
				"south": {"uv": [6.5625, 2.75, 8.8125, 2.875], "texture": "#0"},
				"west": {"uv": [8.25, 0.875, 8.75, 1], "texture": "#0"},
				"up": {"uv": [7.9375, 4.8125, 5.6875, 4.3125], "texture": "#0"},
				"down": {"uv": [7.9375, 4.8125, 5.6875, 5.3125], "texture": "#0"}
			}
		},
		{
			"from": [6, -2, 11.7],
			"to": [10, 1, 19.4],
			"rotation": {"angle": 0, "axis": "y", "origin": [8, 8, 8]},
			"faces": {
				"north": {"uv": [8.3125, 5.9375, 8.5625, 6.125], "texture": "#0"},
				"east": {"uv": [8, 6.875, 8.5, 7.0625], "texture": "#0"},
				"south": {"uv": [8.3125, 6.5, 8.5625, 6.6875], "texture": "#0"},
				"west": {"uv": [8, 7.0625, 8.5, 7.25], "texture": "#0"},
				"up": {"uv": [7.75, 6.1875, 7.5, 5.6875], "texture": "#0"},
				"down": {"uv": [0.25, 7.5625, 0, 8.0625], "texture": "#0"}
			}
		},
		{
			"from": [-6, -2, 11.7],
			"to": [-2, 1, 19.4],
			"rotation": {"angle": 0, "axis": "y", "origin": [8, 8, 8]},
			"faces": {
				"north": {"uv": [8.3125, 6.6875, 8.5625, 6.875], "texture": "#0"},
				"east": {"uv": [0, 8.0625, 0.5, 8.25], "texture": "#0"},
				"south": {"uv": [8.3125, 7.5, 8.5625, 7.6875], "texture": "#0"},
				"west": {"uv": [4.0625, 8.0625, 4.5625, 8.25], "texture": "#0"},
				"up": {"uv": [0.5, 8.0625, 0.25, 7.5625], "texture": "#0"},
				"down": {"uv": [2.8125, 7.5625, 2.5625, 8.0625], "texture": "#0"}
			}
		},
		{
			"from": [5.999, -3.05, 17.625],
			"to": [9.999, 0.25, 19.625],
			"rotation": {"angle": -22.5, "axis": "x", "origin": [9.999, 0.25, 17.625]},
			"faces": {
				"north": {"uv": [0, 8.375, 0.25, 8.5625], "texture": "#0"},
				"east": {"uv": [0.875, 8.75, 1, 8.9375], "texture": "#0"},
				"south": {"uv": [0.25, 8.375, 0.5, 8.5625], "texture": "#0"},
				"west": {"uv": [1, 8.75, 1.125, 8.9375], "texture": "#0"},
				"up": {"uv": [6.8125, 8.6875, 6.5625, 8.5625], "texture": "#0"},
				"down": {"uv": [8.8125, 5.9375, 8.5625, 6.0625], "texture": "#0"}
			}
		},
		{
			"from": [5.999, -0.05, 10.625],
			"to": [9.999, 5.25, 12.625],
			"rotation": {"angle": -22.5, "axis": "x", "origin": [9.999, 3.25, 10.625]},
			"faces": {
				"north": {"uv": [0.5, 8.125, 0.75, 8.4375], "texture": "#0"},
				"east": {"uv": [0.5, 8.4375, 0.625, 8.75], "texture": "#0"},
				"south": {"uv": [0.75, 8.125, 1, 8.4375], "texture": "#0"},
				"west": {"uv": [0.625, 8.4375, 0.75, 8.75], "texture": "#0"},
				"up": {"uv": [7.9375, 8.75, 7.6875, 8.625], "texture": "#0"},
				"down": {"uv": [8.1875, 8.625, 7.9375, 8.75], "texture": "#0"}
			}
		},
		{
			"from": [-6.001, -3.05, 17.625],
			"to": [-2.001, 0.25, 19.625],
			"rotation": {"angle": -22.5, "axis": "x", "origin": [-2.001, 0.25, 17.625]},
			"faces": {
				"north": {"uv": [2.3125, 8.375, 2.5625, 8.5625], "texture": "#0"},
				"east": {"uv": [1.125, 8.75, 1.25, 8.9375], "texture": "#0"},
				"south": {"uv": [3.6875, 8.375, 3.9375, 8.5625], "texture": "#0"},
				"west": {"uv": [1.25, 8.75, 1.375, 8.9375], "texture": "#0"},
				"up": {"uv": [8.8125, 6.625, 8.5625, 6.5], "texture": "#0"},
				"down": {"uv": [8.8125, 6.625, 8.5625, 6.75], "texture": "#0"}
			}
		},
		{
			"from": [-6.001, -0.05, 10.625],
			"to": [-2.001, 5.25, 12.625],
			"rotation": {"angle": -22.5, "axis": "x", "origin": [-2.001, 3.25, 10.625]},
			"faces": {
				"north": {"uv": [1, 8.125, 1.25, 8.4375], "texture": "#0"},
				"east": {"uv": [0.75, 8.4375, 0.875, 8.75], "texture": "#0"},
				"south": {"uv": [1.25, 8.125, 1.5, 8.4375], "texture": "#0"},
				"west": {"uv": [0.875, 8.4375, 1, 8.75], "texture": "#0"},
				"up": {"uv": [8.4375, 8.75, 8.1875, 8.625], "texture": "#0"},
				"down": {"uv": [8.6875, 8.625, 8.4375, 8.75], "texture": "#0"}
			}
		},
		{
			"from": [6, -2, -3.4],
			"to": [10, 1, 5.4],
			"rotation": {"angle": 0, "axis": "y", "origin": [8, 8, 8]},
			"faces": {
				"north": {"uv": [3.9375, 8.375, 4.1875, 8.5625], "texture": "#0"},
				"east": {"uv": [3.1875, 7.5625, 3.75, 7.75], "texture": "#0"},
				"south": {"uv": [4.1875, 8.375, 4.4375, 8.5625], "texture": "#0"},
				"west": {"uv": [7.25, 7.5625, 7.8125, 7.75], "texture": "#0"},
				"up": {"uv": [5.3125, 8.0625, 5.0625, 7.5], "texture": "#0"},
				"down": {"uv": [5.5625, 7.5, 5.3125, 8.0625], "texture": "#0"}
			}
		},
		{
			"from": [5.999, -2.4, -3.5],
			"to": [9.999, 1, -1.5],
			"rotation": {"angle": 22.5, "axis": "x", "origin": [9.999, 1, -3.5]},
			"faces": {
				"north": {"uv": [4.4375, 8.375, 4.6875, 8.5625], "texture": "#0"},
				"east": {"uv": [1.375, 8.75, 1.5, 8.9375], "texture": "#0"},
				"south": {"uv": [4.9375, 8.375, 5.1875, 8.5625], "texture": "#0"},
				"west": {"uv": [1.5, 8.75, 1.625, 8.9375], "texture": "#0"},
				"up": {"uv": [8.8125, 6.875, 8.5625, 6.75], "texture": "#0"},
				"down": {"uv": [8.8125, 7.5, 8.5625, 7.625], "texture": "#0"}
			}
		},
		{
			"from": [5.999, 0.6, 3.5],
			"to": [9.999, 6, 5.5],
			"rotation": {"angle": 22.5, "axis": "x", "origin": [9.999, 4, 3.5]},
			"faces": {
				"north": {"uv": [4.9375, 8.0625, 5.1875, 8.375], "texture": "#0"},
				"east": {"uv": [3.375, 8.1875, 3.5, 8.5], "texture": "#0"},
				"south": {"uv": [5.1875, 8.0625, 5.4375, 8.375], "texture": "#0"},
				"west": {"uv": [4.6875, 8.375, 4.8125, 8.6875], "texture": "#0"},
				"up": {"uv": [3.625, 8.75, 3.375, 8.625], "texture": "#0"},
				"down": {"uv": [3.875, 8.625, 3.625, 8.75], "texture": "#0"}
			}
		},
		{
			"from": [-6.001, -2.4, -3.5],
			"to": [-2.001, 1, -1.5],
			"rotation": {"angle": 22.5, "axis": "x", "origin": [-2.001, 1, -3.5]},
			"faces": {
				"north": {"uv": [5.1875, 8.375, 5.4375, 8.5625], "texture": "#0"},
				"east": {"uv": [1.625, 8.75, 1.75, 8.9375], "texture": "#0"},
				"south": {"uv": [5.4375, 8.375, 5.6875, 8.5625], "texture": "#0"},
				"west": {"uv": [1.75, 8.75, 1.875, 8.9375], "texture": "#0"},
				"up": {"uv": [0.25, 8.75, 0, 8.625], "texture": "#0"},
				"down": {"uv": [0.5, 8.625, 0.25, 8.75], "texture": "#0"}
			}
		},
		{
			"from": [-6.001, 0.6, 3.5],
			"to": [-2.001, 6, 5.5],
			"rotation": {"angle": 22.5, "axis": "x", "origin": [-2.001, 4, 3.5]},
			"faces": {
				"north": {"uv": [6.5625, 8.0625, 6.8125, 8.375], "texture": "#0"},
				"east": {"uv": [7.1875, 8.375, 7.3125, 8.6875], "texture": "#0"},
				"south": {"uv": [6.8125, 8.0625, 7.0625, 8.375], "texture": "#0"},
				"west": {"uv": [7.3125, 8.375, 7.4375, 8.6875], "texture": "#0"},
				"up": {"uv": [5.1875, 8.75, 4.9375, 8.625], "texture": "#0"},
				"down": {"uv": [5.4375, 8.625, 5.1875, 8.75], "texture": "#0"}
			}
		},
		{
			"from": [30, 9, 4],
			"to": [32, 10.5, 12],
			"rotation": {"angle": 0, "axis": "y", "origin": [8, 8, 8]},
			"faces": {
				"north": {"uv": [2.1875, 8.4375, 2.3125, 8.5625], "texture": "#0"},
				"east": {"uv": [8.25, 1, 8.75, 1.125], "texture": "#0"},
				"south": {"uv": [8.8125, 2.75, 8.9375, 2.875], "texture": "#0"},
				"west": {"uv": [8.25, 7.375, 8.75, 7.5], "texture": "#0"},
				"up": {"uv": [5.75, 7.1875, 5.625, 6.6875], "texture": "#0"},
				"down": {"uv": [3.375, 8.1875, 3.25, 8.6875], "texture": "#0"}
			}
		},
		{
			"from": [29.998, 6, 1.5],
			"to": [31.998, 8, 5],
			"rotation": {"angle": -45, "axis": "x", "origin": [31.998, 8, 1.5]},
			"faces": {
				"north": {"uv": [8.8125, 5.9375, 8.9375, 6.0625], "texture": "#0"},
				"east": {"uv": [1, 8.625, 1.25, 8.75], "texture": "#0"},
				"south": {"uv": [8.8125, 6.125, 8.9375, 6.25], "texture": "#0"},
				"west": {"uv": [1.25, 8.625, 1.5, 8.75], "texture": "#0"},
				"up": {"uv": [7.875, 6.1875, 7.75, 5.9375], "texture": "#0"},
				"down": {"uv": [6.4375, 8.4375, 6.3125, 8.6875], "texture": "#0"}
			}
		},
		{
			"from": [29.998, 8.5, 12],
			"to": [31.998, 10.5, 15.5],
			"rotation": {"angle": 45, "axis": "x", "origin": [31.998, 10.5, 12]},
			"faces": {
				"north": {"uv": [8.8125, 6.75, 8.9375, 6.875], "texture": "#0"},
				"east": {"uv": [2.75, 8.625, 3, 8.75], "texture": "#0"},
				"south": {"uv": [8.875, 0.9375, 9, 1.0625], "texture": "#0"},
				"west": {"uv": [3, 8.625, 3.25, 8.75], "texture": "#0"},
				"up": {"uv": [2.5625, 8.8125, 2.4375, 8.5625], "texture": "#0"},
				"down": {"uv": [2.125, 8.625, 2, 8.875], "texture": "#0"}
			}
		},
		{
			"from": [30, -2, 1.5],
			"to": [32, 8, 4],
			"rotation": {"angle": 0, "axis": "y", "origin": [8, 8, 8]},
			"faces": {
				"north": {"uv": [3.5625, 7.9375, 3.6875, 8.5625], "texture": "#0"},
				"east": {"uv": [5.5625, 6.0625, 5.75, 6.6875], "texture": "#0"},
				"south": {"uv": [6.4375, 8, 6.5625, 8.625], "texture": "#0"},
				"west": {"uv": [7.0625, 7.4375, 7.25, 8.0625], "texture": "#0"},
				"up": {"uv": [2, 8.9375, 1.875, 8.75], "texture": "#0"},
				"down": {"uv": [2.875, 8.75, 2.75, 8.9375], "texture": "#0"}
			}
		},
		{
			"from": [30, -2, 12],
			"to": [32, 8, 14.5],
			"rotation": {"angle": 0, "axis": "y", "origin": [8, 8, 8]},
			"faces": {
				"north": {"uv": [2.625, 8.0625, 2.75, 8.6875], "texture": "#0"},
				"east": {"uv": [2.8125, 7.5625, 3, 8.1875], "texture": "#0"},
				"south": {"uv": [4.8125, 8.0625, 4.9375, 8.6875], "texture": "#0"},
				"west": {"uv": [3, 7.5625, 3.1875, 8.1875], "texture": "#0"},
				"up": {"uv": [3, 8.9375, 2.875, 8.75], "texture": "#0"},
				"down": {"uv": [3.125, 8.75, 3, 8.9375], "texture": "#0"}
			}
		},
		{
			"from": [30, -2, 14.5],
			"to": [32, 1, 17.5],
			"rotation": {"angle": 0, "axis": "y", "origin": [8, 8, 8]},
			"faces": {
				"north": {"uv": [3.125, 8.75, 3.25, 8.9375], "texture": "#0"},
				"east": {"uv": [6.0625, 7.1875, 6.25, 7.375], "texture": "#0"},
				"south": {"uv": [3.375, 8.75, 3.5, 8.9375], "texture": "#0"},
				"west": {"uv": [1, 8.4375, 1.1875, 8.625], "texture": "#0"},
				"up": {"uv": [3.625, 8.9375, 3.5, 8.75], "texture": "#0"},
				"down": {"uv": [3.75, 8.75, 3.625, 8.9375], "texture": "#0"}
			}
		},
		{
			"from": [29.998, -3.05, 15.625],
			"to": [31.998, 0.25, 17.625],
			"rotation": {"angle": -22.5, "axis": "x", "origin": [31.998, 0.25, 15.625]},
			"faces": {
				"north": {"uv": [3.75, 8.75, 3.875, 8.9375], "texture": "#0"},
				"east": {"uv": [3.875, 8.75, 4, 8.9375], "texture": "#0"},
				"south": {"uv": [4, 8.75, 4.125, 8.9375], "texture": "#0"},
				"west": {"uv": [4.125, 8.75, 4.25, 8.9375], "texture": "#0"},
				"up": {"uv": [9, 1.1875, 8.875, 1.0625], "texture": "#0"},
				"down": {"uv": [9, 1.1875, 8.875, 1.3125], "texture": "#0"}
			}
		},
		{
			"from": [29.998, -0.05, 12.625],
			"to": [31.998, 3.25, 14.625],
			"rotation": {"angle": -22.5, "axis": "x", "origin": [31.998, 3.25, 12.625]},
			"faces": {
				"north": {"uv": [4.25, 8.75, 4.375, 8.9375], "texture": "#0"},
				"east": {"uv": [4.9375, 8.75, 5.0625, 8.9375], "texture": "#0"},
				"south": {"uv": [5.0625, 8.75, 5.1875, 8.9375], "texture": "#0"},
				"west": {"uv": [5.1875, 8.75, 5.3125, 8.9375], "texture": "#0"},
				"up": {"uv": [9, 1.5625, 8.875, 1.4375], "texture": "#0"},
				"down": {"uv": [9, 1.5625, 8.875, 1.6875], "texture": "#0"}
			}
		},
		{
			"from": [30, -2, -1.5],
			"to": [32, 1, 1.5],
			"rotation": {"angle": 0, "axis": "y", "origin": [8, 8, 8]},
			"faces": {
				"north": {"uv": [5.3125, 8.75, 5.4375, 8.9375], "texture": "#0"},
				"east": {"uv": [1.1875, 8.4375, 1.375, 8.625], "texture": "#0"},
				"south": {"uv": [5.4375, 8.75, 5.5625, 8.9375], "texture": "#0"},
				"west": {"uv": [2, 8.4375, 2.1875, 8.625], "texture": "#0"},
				"up": {"uv": [5.6875, 8.9375, 5.5625, 8.75], "texture": "#0"},
				"down": {"uv": [5.8125, 8.75, 5.6875, 8.9375], "texture": "#0"}
			}
		},
		{
			"from": [29.998, -2.4, -1.5],
			"to": [31.998, 1, 0.5],
			"rotation": {"angle": 22.5, "axis": "x", "origin": [31.998, 1, -1.5]},
			"faces": {
				"north": {"uv": [5.8125, 8.75, 5.9375, 8.9375], "texture": "#0"},
				"east": {"uv": [6.875, 8.75, 7, 8.9375], "texture": "#0"},
				"south": {"uv": [7, 8.75, 7.125, 8.9375], "texture": "#0"},
				"west": {"uv": [7.125, 8.75, 7.25, 8.9375], "texture": "#0"},
				"up": {"uv": [9, 3, 8.875, 2.875], "texture": "#0"},
				"down": {"uv": [9, 3, 8.875, 3.125], "texture": "#0"}
			}
		},
		{
			"from": [29.998, 0.6, 1.5],
			"to": [31.998, 4, 3.5],
			"rotation": {"angle": 22.5, "axis": "x", "origin": [31.998, 4, 1.5]},
			"faces": {
				"north": {"uv": [7.6875, 8.75, 7.8125, 8.9375], "texture": "#0"},
				"east": {"uv": [7.8125, 8.75, 7.9375, 8.9375], "texture": "#0"},
				"south": {"uv": [7.9375, 8.75, 8.0625, 8.9375], "texture": "#0"},
				"west": {"uv": [8.0625, 8.75, 8.1875, 8.9375], "texture": "#0"},
				"up": {"uv": [9, 3.25, 8.875, 3.125], "texture": "#0"},
				"down": {"uv": [9, 3.5625, 8.875, 3.6875], "texture": "#0"}
			}
		},
		{
			"from": [-6, -2, -3.4],
			"to": [-2, 1, 5.4],
			"rotation": {"angle": 0, "axis": "y", "origin": [8, 8, 8]},
			"faces": {
				"north": {"uv": [5.6875, 8.375, 5.9375, 8.5625], "texture": "#0"},
				"east": {"uv": [7.5625, 2.875, 8.125, 3.0625], "texture": "#0"},
				"south": {"uv": [6.5625, 8.375, 6.8125, 8.5625], "texture": "#0"},
				"west": {"uv": [7.5625, 3.0625, 8.125, 3.25], "texture": "#0"},
				"up": {"uv": [5.8125, 8.0625, 5.5625, 7.5], "texture": "#0"},
				"down": {"uv": [6.0625, 7.5, 5.8125, 8.0625], "texture": "#0"}
			}
		},
		{
			"from": [-14, -4, 0.6],
			"to": [32, -3, 15.4],
			"rotation": {"angle": 0, "axis": "y", "origin": [8, 8, 8]},
			"faces": {
				"north": {"uv": [6.25, 1.375, 9.125, 1.4375], "texture": "#0"},
				"east": {"uv": [6.75, 1.3125, 7.6875, 1.375], "texture": "#0"},
				"south": {"uv": [6.5625, 3.25, 9.4375, 3.3125], "texture": "#0"},
				"west": {"uv": [8, 3.5, 8.9375, 3.5625], "texture": "#0"},
				"up": {"uv": [2.875, 3.6875, 0, 2.75], "texture": "#0"},
				"down": {"uv": [5.75, 2.875, 2.875, 3.8125], "texture": "#0"}
			}
		},
		{
			"name": "hexadecagon",
			"from": [-16, 19.70544, 3],
			"to": [-11.9, 21.69456, 13],
			"rotation": {"angle": -45, "axis": "x", "origin": [-12.4, 20.7, 8]},
			"faces": {
				"north": {"uv": [8.625, 1.25, 8.875, 1.375], "texture": "#0"},
				"east": {"uv": [8, 1.625, 8.625, 1.75], "texture": "#0"},
				"south": {"uv": [8.625, 1.4375, 8.875, 1.5625], "texture": "#0"},
				"west": {"uv": [8, 7.25, 8.625, 7.375], "texture": "#0"},
				"up": {"uv": [0.75, 7.5, 0.5, 6.875], "texture": "#0"},
				"down": {"uv": [7.5, 0.3125, 7.25, 0.9375], "texture": "#0"}
			}
		},
		{
			"name": "hexadecagon",
			"from": [-16, 19.70544, 3],
			"to": [-11.9, 21.69456, 13],
			"rotation": {"angle": -22.5, "axis": "x", "origin": [-12.4, 20.7, 8]},
			"faces": {
				"north": {"uv": [8.625, 1.5625, 8.875, 1.6875], "texture": "#0"},
				"east": {"uv": [8.0625, 6.25, 8.6875, 6.375], "texture": "#0"},
				"south": {"uv": [8.625, 2.875, 8.875, 3], "texture": "#0"},
				"west": {"uv": [8.125, 0, 8.75, 0.125], "texture": "#0"},
				"up": {"uv": [7.5, 6.3125, 7.25, 5.6875], "texture": "#0"},
				"down": {"uv": [7.5625, 6.3125, 7.3125, 6.9375], "texture": "#0"}
			}
		},
		{
			"name": "hexadecagon",
			"from": [-16, 19.70544, 3],
			"to": [-11.9, 21.69456, 13],
			"rotation": {"angle": 0, "axis": "y", "origin": [-12.4, 20.7, 8]},
			"faces": {
				"north": {"uv": [8.625, 3, 8.875, 3.125], "texture": "#0"},
				"east": {"uv": [8.125, 0.125, 8.75, 0.25], "texture": "#0"},
				"south": {"uv": [8.625, 3.125, 8.875, 3.25], "texture": "#0"},
				"west": {"uv": [8.125, 0.25, 8.75, 0.375], "texture": "#0"},
				"up": {"uv": [2.3125, 8, 2.0625, 7.375], "texture": "#0"},
				"down": {"uv": [2.5625, 7.375, 2.3125, 8], "texture": "#0"}
			}
		},
		{
			"name": "hexadecagon",
			"from": [-16, 19.70544, 3],
			"to": [-11.9, 21.69456, 13],
			"rotation": {"angle": 22.5, "axis": "x", "origin": [-12.4, 20.7, 8]},
			"faces": {
				"north": {"uv": [8.625, 3.5625, 8.875, 3.6875], "texture": "#0"},
				"east": {"uv": [8.125, 0.375, 8.75, 0.5], "texture": "#0"},
				"south": {"uv": [8.625, 3.6875, 8.875, 3.8125], "texture": "#0"},
				"west": {"uv": [8.125, 0.5, 8.75, 0.625], "texture": "#0"},
				"up": {"uv": [6.3125, 8, 6.0625, 7.375], "texture": "#0"},
				"down": {"uv": [6.5625, 7.375, 6.3125, 8], "texture": "#0"}
			}
		},
		{
			"name": "hexadecagon",
			"from": [-16, 19.70544, 3],
			"to": [-11.9, 21.69456, 13],
			"rotation": {"angle": 45, "axis": "x", "origin": [-12.4, 20.7, 8]},
			"faces": {
				"north": {"uv": [8.625, 5.4375, 8.875, 5.5625], "texture": "#0"},
				"east": {"uv": [8.125, 0.625, 8.75, 0.75], "texture": "#0"},
				"south": {"uv": [8.625, 5.5625, 8.875, 5.6875], "texture": "#0"},
				"west": {"uv": [8.125, 1.125, 8.75, 1.25], "texture": "#0"},
				"up": {"uv": [6.8125, 8.0625, 6.5625, 7.4375], "texture": "#0"},
				"down": {"uv": [7.0625, 7.4375, 6.8125, 8.0625], "texture": "#0"}
			}
		},
		{
			"name": "hexadecagon",
			"from": [-16, 15.7, 7.00544],
			"to": [-11.9, 25.7, 8.99456],
			"rotation": {"angle": -22.5, "axis": "x", "origin": [-12.4, 20.7, 8]},
			"faces": {
				"north": {"uv": [0.5, 7.5, 0.75, 8.125], "texture": "#0"},
				"east": {"uv": [5.9375, 8.0625, 6.0625, 8.6875], "texture": "#0"},
				"south": {"uv": [0.75, 7.5, 1, 8.125], "texture": "#0"},
				"west": {"uv": [7.0625, 8.0625, 7.1875, 8.6875], "texture": "#0"},
				"up": {"uv": [8.875, 5.8125, 8.625, 5.6875], "texture": "#0"},
				"down": {"uv": [8.875, 5.8125, 8.625, 5.9375], "texture": "#0"}
			}
		},
		{
			"name": "hexadecagon",
			"from": [-16, 15.7, 7.00544],
			"to": [-11.9, 25.7, 8.99456],
			"rotation": {"angle": 0, "axis": "y", "origin": [-12.4, 20.7, 8]},
			"faces": {
				"north": {"uv": [1, 7.5, 1.25, 8.125], "texture": "#0"},
				"east": {"uv": [1.5, 8.125, 1.625, 8.75], "texture": "#0"},
				"south": {"uv": [1.25, 7.5, 1.5, 8.125], "texture": "#0"},
				"west": {"uv": [1.625, 8.125, 1.75, 8.75], "texture": "#0"},
				"up": {"uv": [8.875, 7.375, 8.625, 7.25], "texture": "#0"},
				"down": {"uv": [8.875, 7.75, 8.625, 7.875], "texture": "#0"}
			}
		},
		{
			"name": "hexadecagon",
			"from": [-16, 15.7, 7.00544],
			"to": [-11.9, 25.7, 8.99456],
			"rotation": {"angle": 22.5, "axis": "x", "origin": [-12.4, 20.7, 8]},
			"faces": {
				"north": {"uv": [1.5, 7.5, 1.75, 8.125], "texture": "#0"},
				"east": {"uv": [1.75, 8.125, 1.875, 8.75], "texture": "#0"},
				"south": {"uv": [1.75, 7.5, 2, 8.125], "texture": "#0"},
				"west": {"uv": [1.875, 8.125, 2, 8.75], "texture": "#0"},
				"up": {"uv": [8.875, 8, 8.625, 7.875], "texture": "#0"},
				"down": {"uv": [2.375, 8.6875, 2.125, 8.8125], "texture": "#0"}
			}
		}
	],
	"display": {
		"thirdperson_righthand": {
			"rotation": [68, 0, 0],
			"translation": [2, -10.5, 15.25],
			"scale": [1.31, 1.42, 1.19]
		},
		"gui": {
			"rotation": [26, 50, 0],
			"translation": [0, 1, 0],
			"scale": [0.3, 0.3, 0.3]
		},
		"head": {
			"translation": [0, 2.75, 0],
			"scale": [1.97, 1.97, 1.97]
		}
	},
	"groups": [0, 1, 2, 3, 4, 5, 6,
		{
			"name": "group",
			"origin": [8, 8, 8],
			"color": 0,
			"children": [7, 8, 9, 10, 11, 12, 13, 14, 15, 16, 17, 18, 19, 20, 21, 22, 23, 24, 25, 26, 27, 28, 29, 30, 31, 32, 33, 34, 35, 36, 37, 38, 39, 40, 41, 42, 43, 44, 45, 46, 47, 48, 49, 50, 51, 52, 53, 54, 55, 56, 57, 58, 59, 60, 61, 62, 63, 64, 65, 66, 67, 68, 69, 70, 71, 72, 73, 74, 75, 76, 77, 78, 79, 80, 81, 82, 83, 84, 85, 86, 87, 88, 89, 90, 91, 92, 93, 94, 95, 96, 97, 98]
		},
		{
			"name": "hexadecagon",
			"origin": [8, 8, 8],
			"color": 0,
			"children": [99, 100, 101, 102, 103, 104, 105, 106]
		}
	]
}